Customer ID,Predicted_HighSpender,Probability_HighSpender,Actual_HighSpender,Actual_FutureSpend,DataSplit,Model,Correct
14911,1,0.9982,1,350730.7,train,Logistic Regression,True
17841,1,0.9976,1,145869.1,train,Logistic Regression,True
12748,1,0.9976,1,93034.5,train,Logistic Regression,True
14606,1,0.9959,1,27786.2,train,Logistic Regression,True
13089,1,0.9947,1,84061.6,train,Logistic Regression,True
15311,1,0.9942,1,33049.0,train,Logistic Regression,True
14156,1,0.9914,1,50538.5,train,Logistic Regression,True
14527,1,0.9907,1,27261.5,train,Logistic Regression,True
15039,1,0.9903,1,28488.0,held-out test,Logistic Regression,True
12682,1,0.9901,1,28118.8,held-out test,Logistic Regression,True
16814,1,0.9873,1,8515.5,held-out test,Logistic Regression,True
16558,1,0.9868,1,21573.2,held-out test,Logistic Regression,True
16168,1,0.9861,1,5389.2,train,Logistic Regression,True
17850,1,0.9859,0,0.0,train,Logistic Regression,False
14298,1,0.9855,1,81471.6,train,Logistic Regression,True
14680,1,0.9847,1,3108.2,train,Logistic Regression,True
18231,1,0.9843,0,0.0,held-out test,Logistic Regression,False
12681,1,0.9843,1,22512.9,train,Logistic Regression,True
12540,1,0.9839,1,27182.0,train,Logistic Regression,True
16919,1,0.9828,1,2592.8,train,Logistic Regression,True
14646,1,0.9824,1,22814.5,train,Logistic Regression,True
16746,1,0.9824,1,17480.8,train,Logistic Regression,True
13468,1,0.9815,1,10325.7,held-out test,Logistic Regression,True
15005,1,0.9814,1,19925.5,train,Logistic Regression,True
12471,1,0.9807,1,23153.7,train,Logistic Regression,True
12921,1,0.9806,1,44268.1,train,Logistic Regression,True
13113,1,0.9795,1,3093.3,train,Logistic Regression,True
13767,1,0.9792,1,12808.3,held-out test,Logistic Regression,True
17920,1,0.9785,1,12814.7,held-out test,Logistic Regression,True
16161,1,0.9777,1,17700.2,train,Logistic Regression,True
12971,1,0.9775,1,15998.0,train,Logistic Regression,True
17961,1,0.9768,1,2322.1,held-out test,Logistic Regression,True
17975,1,0.9768,1,6688.0,train,Logistic Regression,True
17675,1,0.9766,1,48430.5,held-out test,Logistic Regression,True
12720,1,0.9762,1,16062.9,train,Logistic Regression,True
17340,1,0.9759,1,18984.2,train,Logistic Regression,True
13319,1,0.9758,1,26138.3,train,Logistic Regression,True
14031,1,0.9753,1,8461.2,train,Logistic Regression,True
17865,1,0.975,1,18606.6,held-out test,Logistic Regression,True
15768,1,0.9749,1,790.9,train,Logistic Regression,True
14194,1,0.9746,1,36656.1,held-out test,Logistic Regression,True
13078,1,0.9744,1,13249.9,train,Logistic Regression,True
15078,1,0.9741,1,31731.1,train,Logistic Regression,True
15547,1,0.9731,1,12547.5,train,Logistic Regression,True
13102,1,0.9729,1,10518.6,train,Logistic Regression,True
13081,1,0.9729,1,36847.8,train,Logistic Regression,True
12437,1,0.972,1,12262.6,held-out test,Logistic Regression,True
14735,1,0.972,1,9989.9,train,Logistic Regression,True
16422,1,0.9719,1,6389.4,train,Logistic Regression,True
14667,1,0.9716,1,21011.0,train,Logistic Regression,True
15867,1,0.9714,1,11096.1,train,Logistic Regression,True
14085,1,0.9706,1,8603.5,train,Logistic Regression,True
15358,1,0.9706,1,21188.6,train,Logistic Regression,True
12647,1,0.9706,1,3864.0,train,Logistic Regression,True
13571,1,0.9699,1,9232.5,train,Logistic Regression,True
17511,1,0.9698,1,19163.9,train,Logistic Regression,True
17068,1,0.9694,1,12194.7,held-out test,Logistic Regression,True
18109,1,0.969,1,14181.6,held-out test,Logistic Regression,True
15601,1,0.9689,1,10813.5,train,Logistic Regression,True
13408,1,0.9688,1,19268.5,train,Logistic Regression,True
16782,1,0.9687,1,4806.3,train,Logistic Regression,True
16133,1,0.9686,1,14676.7,train,Logistic Regression,True
12621,1,0.9685,1,19279.2,train,Logistic Regression,True
13069,1,0.9684,1,6755.0,train,Logistic Regression,True
15281,1,0.9682,1,2203.2,train,Logistic Regression,True
15719,1,0.968,1,14298.5,train,Logistic Regression,True
13488,1,0.9678,1,17650.7,train,Logistic Regression,True
17243,1,0.9677,1,19401.6,train,Logistic Regression,True
15615,1,0.9673,1,23531.1,train,Logistic Regression,True
17811,1,0.9672,1,14438.7,train,Logistic Regression,True
17377,1,0.967,1,12850.4,train,Logistic Regression,True
16779,1,0.9669,1,12435.2,train,Logistic Regression,True
15856,1,0.9665,1,24579.9,train,Logistic Regression,True
17757,1,0.9665,1,16129.1,held-out test,Logistic Regression,True
15044,1,0.9664,1,16591.8,train,Logistic Regression,True
15061,1,0.9662,1,6972.2,train,Logistic Regression,True
15738,1,0.9659,1,7078.0,train,Logistic Regression,True
13534,1,0.9656,1,17749.3,train,Logistic Regression,True
13001,1,0.9654,1,6533.5,train,Logistic Regression,True
18226,1,0.9654,1,14761.9,train,Logistic Regression,True
13018,1,0.9653,1,18803.8,train,Logistic Regression,True
16843,1,0.9653,1,25876.8,train,Logistic Regression,True
13050,1,0.9652,1,15729.6,held-out test,Logistic Regression,True
12594,1,0.9648,1,4618.5,train,Logistic Regression,True
13267,1,0.9647,1,11628.4,train,Logistic Regression,True
15555,1,0.9646,1,16930.1,train,Logistic Regression,True
15498,1,0.9639,1,22459.3,train,Logistic Regression,True
13263,1,0.9636,1,21695.2,train,Logistic Regression,True
17315,1,0.9627,1,14282.8,train,Logistic Regression,True
15194,1,0.9625,1,12799.2,held-out test,Logistic Regression,True
12474,1,0.9621,1,23666.4,held-out test,Logistic Regression,True
14895,1,0.962,1,31004.8,train,Logistic Regression,True
18172,1,0.9618,1,9809.8,held-out test,Logistic Regression,True
15805,1,0.9616,1,14888.2,train,Logistic Regression,True
14415,1,0.9614,1,18383.7,train,Logistic Regression,True
15046,1,0.9603,1,5281.4,held-out test,Logistic Regression,True
14560,1,0.9597,1,3731.0,train,Logistic Regression,True
13230,1,0.9594,1,5225.1,train,Logistic Regression,True
14849,1,0.9592,1,25409.0,train,Logistic Regression,True
13668,1,0.9591,1,13638.2,held-out test,Logistic Regression,True
12949,1,0.9591,1,10492.1,train,Logistic Regression,True
17364,1,0.9588,1,11393.1,train,Logistic Regression,True
15513,1,0.9579,1,10857.5,held-out test,Logistic Regression,True
17581,1,0.9577,1,27196.9,train,Logistic Regression,True
17428,1,0.9575,1,8512.4,train,Logistic Regression,True
13093,1,0.9575,0,0.0,train,Logistic Regression,False
16033,1,0.9574,1,28990.6,train,Logistic Regression,True
18204,1,0.9574,1,7265.7,train,Logistic Regression,True
16444,1,0.957,1,2260.1,train,Logistic Regression,True
15622,1,0.957,1,5840.4,train,Logistic Regression,True
16327,1,0.9569,1,5951.4,train,Logistic Regression,True
14769,1,0.9565,1,24391.3,train,Logistic Regression,True
16945,1,0.9564,1,13574.3,train,Logistic Regression,True
13694,1,0.9563,1,5493.9,train,Logistic Regression,True
18223,1,0.9562,1,14733.9,held-out test,Logistic Regression,True
14040,1,0.956,1,9202.3,train,Logistic Regression,True
16700,1,0.9559,1,11533.9,train,Logistic Regression,True
14056,1,0.9559,1,26117.6,train,Logistic Regression,True
17416,1,0.9559,1,12740.3,train,Logistic Regression,True
13178,1,0.9557,1,12365.8,train,Logistic Regression,True
13481,1,0.9556,1,4550.3,train,Logistic Regression,True
15570,1,0.9555,1,8962.0,train,Logistic Regression,True
17611,1,0.9554,1,10499.0,train,Logistic Regression,True
17682,1,0.9553,1,7477.1,held-out test,Logistic Regression,True
14092,1,0.9552,1,9774.4,train,Logistic Regression,True
13004,1,0.955,1,17604.1,train,Logistic Regression,True
17576,1,0.954,1,10837.7,train,Logistic Regression,True
13418,1,0.954,1,10356.7,train,Logistic Regression,True
14688,1,0.9539,1,7906.7,train,Logistic Regression,True
14210,1,0.9539,1,1402.7,train,Logistic Regression,True
13317,1,0.9539,1,5273.1,held-out test,Logistic Regression,True
18260,1,0.9535,1,2104.4,held-out test,Logistic Regression,True
14505,1,0.9533,1,13543.6,train,Logistic Regression,True
16931,1,0.9533,1,14521.9,train,Logistic Regression,True
17677,1,0.9532,1,12848.0,train,Logistic Regression,True
14227,1,0.9528,1,5235.1,train,Logistic Regression,True
14049,1,0.9521,1,12435.5,train,Logistic Regression,True
17338,1,0.952,1,15465.0,held-out test,Logistic Regression,True
15260,1,0.9516,1,4497.3,train,Logistic Regression,True
12747,1,0.9515,1,4822.6,train,Logistic Regression,True
16497,1,0.9508,1,5397.4,train,Logistic Regression,True
18041,1,0.9506,1,6271.8,train,Logistic Regression,True
16729,1,0.9505,1,24018.3,train,Logistic Regression,True
12839,1,0.9504,1,21990.8,train,Logistic Regression,True
16686,1,0.9503,1,9698.8,train,Logistic Regression,True
12583,1,0.9497,1,12482.0,train,Logistic Regression,True
14180,1,0.9496,1,6572.8,train,Logistic Regression,True
17613,1,0.9495,1,9030.9,train,Logistic Regression,True
16470,1,0.949,1,2238.8,train,Logistic Regression,True
15249,1,0.9485,1,19547.6,held-out test,Logistic Regression,True
17238,1,0.9477,1,13028.7,train,Logistic Regression,True
16873,1,0.9476,1,18825.0,train,Logistic Regression,True
17454,1,0.9475,0,0.0,train,Logistic Regression,False
17389,1,0.9473,1,4324.4,train,Logistic Regression,True
18118,1,0.9471,1,12276.9,held-out test,Logistic Regression,True
16592,1,0.9468,1,14496.4,train,Logistic Regression,True
16705,1,0.9463,1,15462.3,held-out test,Logistic Regression,True
13599,1,0.9462,1,13486.4,train,Logistic Regression,True
15727,1,0.9459,1,10280.7,train,Logistic Regression,True
17504,1,0.9457,0,0.0,train,Logistic Regression,False
16923,1,0.9456,1,18068.0,train,Logistic Regression,True
18225,1,0.9456,1,15944.7,train,Logistic Regression,True
13911,1,0.9453,1,3596.6,train,Logistic Regression,True
14451,1,0.9452,1,1549.4,train,Logistic Regression,True
18075,1,0.945,1,6976.2,train,Logistic Regression,True
16839,1,0.9447,1,8064.6,train,Logistic Regression,True
12841,1,0.9446,1,10007.8,train,Logistic Regression,True
18055,1,0.9446,1,17034.3,train,Logistic Regression,True
12431,1,0.9444,1,10005.2,train,Logistic Regression,True
17735,1,0.9444,1,41900.5,train,Logistic Regression,True
13590,1,0.9443,1,4440.6,held-out test,Logistic Regression,True
16556,1,0.9443,1,8882.0,held-out test,Logistic Regression,True
17017,1,0.9442,1,8959.4,train,Logistic Regression,True
17139,1,0.9442,1,23936.1,train,Logistic Regression,True
13013,1,0.9437,1,10937.2,train,Logistic Regression,True
14755,1,0.9437,1,14747.6,train,Logistic Regression,True
14625,1,0.9436,0,0.0,held-out test,Logistic Regression,False
13564,1,0.943,0,0.0,train,Logistic Regression,False
13505,1,0.9426,1,10144.3,train,Logistic Regression,True
13842,1,0.9414,1,8554.7,held-out test,Logistic Regression,True
13969,1,0.9411,1,27925.6,held-out test,Logistic Regression,True
17365,1,0.9409,1,14389.6,train,Logistic Regression,True
16434,1,0.9408,1,4360.0,held-out test,Logistic Regression,True
13015,1,0.9408,1,8384.3,train,Logistic Regression,True
13199,1,0.9405,1,3158.2,train,Logistic Regression,True
17448,1,0.9402,0,0.0,train,Logistic Regression,False
14534,1,0.9402,1,13153.9,train,Logistic Regression,True
15241,1,0.9399,1,3299.4,train,Logistic Regression,True
16710,1,0.9389,1,4351.3,train,Logistic Regression,True
13097,1,0.9389,1,13841.0,held-out test,Logistic Regression,True
16713,1,0.9389,1,17647.3,held-out test,Logistic Regression,True
14878,1,0.9386,1,2274.4,held-out test,Logistic Regression,True
17725,1,0.9385,1,11564.2,train,Logistic Regression,True
14740,1,0.9384,0,0.0,train,Logistic Regression,False
17412,1,0.9381,1,2995.2,held-out test,Logistic Regression,True
15159,1,0.938,1,45932.1,train,Logistic Regression,True
15581,1,0.9377,1,475.2,train,Logistic Regression,True
16709,1,0.9376,1,3084.2,held-out test,Logistic Regression,True
12712,1,0.9376,1,4123.3,train,Logistic Regression,True
12705,1,0.9371,1,16084.3,train,Logistic Regression,True
12779,1,0.9369,1,4584.4,train,Logistic Regression,True
16186,1,0.9368,1,15017.4,train,Logistic Regression,True
16523,1,0.9362,1,20270.0,train,Logistic Regression,True
14057,1,0.9357,1,11388.6,train,Logistic Regression,True
14952,1,0.9354,1,1593.6,train,Logistic Regression,True
18232,1,0.9353,1,1227.5,train,Logistic Regression,True
18245,1,0.935,1,6971.7,train,Logistic Regression,True
17231,1,0.9348,1,9917.0,train,Logistic Regression,True
17085,1,0.9348,1,1908.8,train,Logistic Regression,True
13999,1,0.9347,1,12342.6,train,Logistic Regression,True
17648,1,0.9344,1,2966.1,train,Logistic Regression,True
17663,1,0.9342,1,4964.9,train,Logistic Regression,True
16801,1,0.9335,1,363.6,train,Logistic Regression,True
16837,1,0.9331,1,7029.6,train,Logistic Regression,True
17589,1,0.9331,1,8124.2,held-out test,Logistic Regression,True
15544,1,0.9323,1,9937.9,train,Logistic Regression,True
14239,1,0.9322,1,4961.3,train,Logistic Regression,True
14825,1,0.9322,1,6621.0,train,Logistic Regression,True
16525,1,0.9321,1,2027.2,train,Logistic Regression,True
13758,1,0.932,1,2536.4,train,Logistic Regression,True
12481,1,0.932,1,9027.6,train,Logistic Regression,True
12714,1,0.9319,1,12949.9,train,Logistic Regression,True
15189,1,0.9317,1,5012.9,held-out test,Logistic Regression,True
14796,1,0.9316,1,22280.0,train,Logistic Regression,True
14961,1,0.9312,1,16980.8,train,Logistic Regression,True
15290,1,0.931,1,11618.7,train,Logistic Regression,True
12708,1,0.9308,1,7550.6,train,Logistic Regression,True
14733,1,0.9306,1,2971.3,train,Logistic Regression,True
16656,1,0.9305,1,445.4,held-out test,Logistic Regression,True
15785,1,0.9301,1,2565.7,train,Logistic Regression,True
15640,1,0.9301,1,27350.1,train,Logistic Regression,True
14291,1,0.93,1,12583.6,train,Logistic Regression,True
12613,1,0.93,1,8736.2,train,Logistic Regression,True
13141,1,0.9299,1,4361.0,train,Logistic Regression,True
13098,1,0.9298,1,26001.4,train,Logistic Regression,True
13047,1,0.9297,1,8621.2,train,Logistic Regression,True
17346,1,0.9295,1,9886.9,held-out test,Logistic Regression,True
14395,1,0.9287,1,9924.2,train,Logistic Regression,True
13148,1,0.9285,1,9837.1,held-out test,Logistic Regression,True
16992,1,0.9282,1,5162.0,train,Logistic Regression,True
16553,1,0.928,0,0.0,train,Logistic Regression,False
16008,1,0.928,1,1851.1,train,Logistic Regression,True
12683,1,0.9276,1,13814.2,train,Logistic Regression,True
16407,1,0.9274,1,6424.5,train,Logistic Regression,True
16722,1,0.9273,1,11858.7,train,Logistic Regression,True
15271,1,0.9272,1,9388.4,held-out test,Logistic Regression,True
13854,1,0.9272,1,1867.0,train,Logistic Regression,True
15203,1,0.9271,1,6196.4,train,Logistic Regression,True
17287,1,0.9271,1,3008.7,train,Logistic Regression,True
14110,1,0.9269,1,7724.8,train,Logistic Regression,True
14593,1,0.9267,1,1518.1,train,Logistic Regression,True
16607,1,0.9266,1,7769.7,train,Logistic Regression,True
18044,1,0.9265,1,5906.1,train,Logistic Regression,True
13993,1,0.9261,1,5070.6,train,Logistic Regression,True
15898,1,0.926,1,1184.5,train,Logistic Regression,True
13659,1,0.926,0,0.0,train,Logistic Regression,False
12567,1,0.9257,1,25449.7,train,Logistic Regression,True
17690,1,0.9256,1,12333.3,held-out test,Logistic Regression,True
15023,1,0.9256,1,17664.0,train,Logistic Regression,True
17644,1,0.9252,1,9202.8,train,Logistic Regression,True
15796,1,0.925,1,8919.8,train,Logistic Regression,True
13952,1,0.9247,0,0.0,held-out test,Logistic Regression,False
14189,1,0.9243,1,12171.0,train,Logistic Regression,True
12633,1,0.9241,1,2372.0,train,Logistic Regression,True
14016,1,0.9241,1,4545.7,train,Logistic Regression,True
14388,1,0.9241,1,10855.8,held-out test,Logistic Regression,True
18065,1,0.924,1,6850.5,held-out test,Logistic Regression,True
15235,1,0.9234,0,0.0,train,Logistic Regression,False
13900,1,0.9232,0,46.9,train,Logistic Regression,False
14709,1,0.9232,1,17584.0,train,Logistic Regression,True
14344,1,0.9229,1,1001.4,held-out test,Logistic Regression,True
12709,1,0.9228,1,13828.5,train,Logistic Regression,True
15874,1,0.9228,1,1278.9,held-out test,Logistic Regression,True
16889,1,0.9225,0,0.0,train,Logistic Regression,False
17049,1,0.9221,1,21101.4,train,Logistic Regression,True
14800,1,0.922,1,6095.0,train,Logistic Regression,True
13269,1,0.922,1,14212.0,train,Logistic Regression,True
18168,1,0.9214,1,630.7,held-out test,Logistic Regression,True
13728,1,0.9213,1,2863.1,train,Logistic Regression,True
15093,1,0.9212,1,1887.8,held-out test,Logistic Regression,True
15808,1,0.9212,0,0.0,train,Logistic Regression,False
16458,1,0.9211,1,12877.6,held-out test,Logistic Regression,True
17160,1,0.921,1,12615.4,train,Logistic Regression,True
17686,1,0.9203,1,14615.2,train,Logistic Regression,True
13458,1,0.9203,1,19267.0,train,Logistic Regression,True
15984,1,0.9198,1,6676.0,train,Logistic Regression,True
17790,1,0.9197,1,5841.1,train,Logistic Regression,True
15955,1,0.9193,1,13869.9,train,Logistic Regression,True
16549,1,0.9191,1,21135.5,train,Logistic Regression,True
17469,1,0.919,1,8322.0,train,Logistic Regression,True
13555,1,0.9188,1,8070.5,held-out test,Logistic Regression,True
16187,1,0.9184,1,18005.3,train,Logistic Regression,True
16483,1,0.9182,0,0.0,held-out test,Logistic Regression,False
16316,1,0.918,1,5398.8,train,Logistic Regression,True
17001,1,0.9179,1,12005.6,train,Logistic Regression,True
15827,1,0.9177,1,5059.5,train,Logistic Regression,True
16570,1,0.9172,1,7153.6,train,Logistic Regression,True
13769,1,0.9168,1,5720.7,held-out test,Logistic Regression,True
14047,1,0.9168,1,1128.4,held-out test,Logistic Regression,True
12476,1,0.9165,1,14325.7,held-out test,Logistic Regression,True
15382,1,0.9161,1,19671.7,train,Logistic Regression,True
14060,1,0.9158,1,8814.4,train,Logistic Regression,True
13268,1,0.9156,1,7209.1,train,Logistic Regression,True
16550,1,0.9155,1,6893.7,train,Logistic Regression,True
12957,1,0.9154,1,14891.3,held-out test,Logistic Regression,True
13552,1,0.915,1,6902.3,train,Logistic Regression,True
12472,1,0.9145,1,15640.2,train,Logistic Regression,True
14810,1,0.914,1,4437.6,train,Logistic Regression,True
13451,1,0.9139,1,7195.5,train,Logistic Regression,True
13777,1,0.9137,1,5061.8,train,Logistic Regression,True
13394,1,0.9137,1,7098.2,train,Logistic Regression,True
17965,1,0.9136,1,7034.7,train,Logistic Regression,True
13883,1,0.9136,1,5103.6,train,Logistic Regression,True
16170,1,0.9132,1,6863.0,train,Logistic Regression,True
17059,1,0.9129,1,8218.6,held-out test,Logistic Regression,True
15819,1,0.9123,1,4000.0,train,Logistic Regression,True
14282,1,0.9122,1,10082.5,train,Logistic Regression,True
13266,1,0.9122,1,8913.6,train,Logistic Regression,True
16156,1,0.912,1,7724.9,train,Logistic Regression,True
17739,1,0.9117,1,1617.8,train,Logistic Regression,True
15129,1,0.9117,1,3834.7,train,Logistic Regression,True
12951,1,0.9115,1,2410.1,held-out test,Logistic Regression,True
15122,1,0.9111,1,3867.2,train,Logistic Regression,True
15296,1,0.9111,1,9418.6,train,Logistic Regression,True
14112,1,0.911,1,9132.8,train,Logistic Regression,True
12490,1,0.9108,1,17976.5,held-out test,Logistic Regression,True
15218,1,0.9105,1,7724.9,train,Logistic Regression,True
16701,1,0.9101,1,6794.6,train,Logistic Regression,True
13491,1,0.9101,1,1008.4,train,Logistic Regression,True
17612,1,0.9093,1,6574.3,train,Logistic Regression,True
14334,1,0.909,1,4788.4,train,Logistic Regression,True
17450,1,0.9088,1,1170.0,train,Logistic Regression,True
17550,1,0.9082,0,0.0,train,Logistic Regression,False
14051,1,0.9082,1,5710.2,train,Logistic Regression,True
12935,1,0.9079,1,7146.5,train,Logistic Regression,True
12867,1,0.9078,1,11433.1,held-out test,Logistic Regression,True
15394,1,0.9078,1,3839.2,train,Logistic Regression,True
12877,1,0.9077,1,4664.4,train,Logistic Regression,True
14211,1,0.9077,1,6488.8,train,Logistic Regression,True
15301,1,0.9075,1,14645.8,train,Logistic Regression,True
15527,1,0.9075,1,5989.3,train,Logistic Regression,True
15674,1,0.9072,1,5343.1,held-out test,Logistic Regression,True
14221,1,0.9067,1,13454.7,train,Logistic Regression,True
16016,1,0.9066,1,3704.9,train,Logistic Regression,True
13756,1,0.9064,1,8672.1,held-out test,Logistic Regression,True
13654,1,0.9063,1,8138.7,train,Logistic Regression,True
14817,1,0.9061,0,0.0,held-out test,Logistic Regression,False
17700,1,0.906,1,7265.1,held-out test,Logistic Regression,True
16745,1,0.9059,1,9494.3,held-out test,Logistic Regression,True
16609,1,0.9058,1,17530.7,train,Logistic Regression,True
14030,1,0.905,1,4572.8,train,Logistic Regression,True
12843,1,0.9049,1,4952.3,train,Logistic Regression,True
14713,1,0.9046,1,7489.5,train,Logistic Regression,True
12836,1,0.9042,1,4932.0,held-out test,Logistic Regression,True
15521,1,0.9039,1,5752.3,held-out test,Logistic Regression,True
15379,1,0.9038,1,2407.6,train,Logistic Regression,True
14099,1,0.9037,1,8284.5,train,Logistic Regression,True
17519,1,0.9037,1,3312.2,train,Logistic Regression,True
14546,1,0.9036,1,9331.0,train,Logistic Regression,True
18178,1,0.9035,1,2684.6,train,Logistic Regression,True
17372,1,0.9033,1,3279.9,held-out test,Logistic Regression,True
17220,1,0.9027,1,9515.5,train,Logistic Regression,True
17716,1,0.9027,1,16607.0,held-out test,Logistic Regression,True
16180,1,0.9024,1,4539.1,held-out test,Logistic Regression,True
16678,1,0.9022,1,7571.0,train,Logistic Regression,True
13448,1,0.9022,1,8239.3,train,Logistic Regression,True
12835,1,0.9019,0,0.0,train,Logistic Regression,False
17706,1,0.9017,1,30528.3,train,Logistic Regression,True
14209,1,0.9016,1,3941.2,train,Logistic Regression,True
16393,1,0.9015,1,10674.4,held-out test,Logistic Regression,True
15854,1,0.9013,1,1389.0,train,Logistic Regression,True
12417,1,0.9011,1,10517.2,train,Logistic Regression,True
14514,1,0.9009,1,2003.5,train,Logistic Regression,True
14243,1,0.9009,1,5478.3,train,Logistic Regression,True
15465,1,0.9005,1,2102.7,train,Logistic Regression,True
14543,1,0.9004,1,1699.0,train,Logistic Regression,True
13715,1,0.9002,0,0.0,train,Logistic Regression,False
13771,1,0.8999,1,4678.0,train,Logistic Regression,True
17512,1,0.8999,1,4511.7,train,Logistic Regression,True
15034,1,0.8996,1,7991.6,train,Logistic Regression,True
13213,1,0.8994,1,5372.6,train,Logistic Regression,True
16019,1,0.8991,1,6818.3,train,Logistic Regression,True
18145,1,0.8991,1,9896.5,held-out test,Logistic Regression,True
14739,1,0.8989,1,1465.2,held-out test,Logistic Regression,True
14766,1,0.8989,1,5658.2,train,Logistic Regression,True
17719,1,0.8985,1,15979.7,train,Logistic Regression,True
16210,1,0.8981,1,5362.8,train,Logistic Regression,True
12415,1,0.8978,1,5779.1,train,Logistic Regression,True
14217,1,0.8978,1,5210.2,train,Logistic Regression,True
15163,1,0.8978,1,815.8,held-out test,Logistic Regression,True
14823,1,0.8978,1,606.3,held-out test,Logistic Regression,True
14367,1,0.8977,1,29713.1,train,Logistic Regression,True
16726,1,0.8975,1,3211.3,train,Logistic Regression,True
14573,1,0.8974,1,1504.8,train,Logistic Regression,True
18061,1,0.8967,1,2094.6,train,Logistic Regression,True
16985,1,0.8963,1,3486.8,train,Logistic Regression,True
16503,1,0.8963,1,1861.1,train,Logistic Regression,True
17799,1,0.8963,1,9071.3,train,Logistic Regression,True
16455,1,0.8962,1,3884.2,held-out test,Logistic Regression,True
12483,1,0.8958,1,4258.0,train,Logistic Regression,True
16145,1,0.8957,1,12904.4,train,Logistic Regression,True
16670,1,0.8954,1,11561.8,train,Logistic Regression,True
15529,1,0.8952,1,11254.7,train,Logistic Regression,True
12423,1,0.8951,1,1969.8,train,Logistic Regression,True
13381,1,0.8949,1,12697.0,train,Logistic Regression,True
13549,1,0.8938,1,2220.1,train,Logistic Regression,True
14341,1,0.8937,1,7545.4,train,Logistic Regression,True
16011,1,0.8932,1,11044.1,train,Logistic Regression,True
14732,1,0.893,1,8086.5,train,Logistic Regression,True
12684,1,0.8929,1,6026.8,train,Logistic Regression,True
12553,1,0.8927,1,9707.3,held-out test,Logistic Regression,True
17218,1,0.8925,1,5551.0,train,Logistic Regression,True
13871,1,0.8925,1,20629.0,train,Logistic Regression,True
16477,1,0.8923,1,5135.0,train,Logistic Regression,True
17696,1,0.8922,1,6977.3,train,Logistic Regression,True
13136,1,0.8921,1,9840.3,train,Logistic Regression,True
13735,1,0.8917,1,8877.2,train,Logistic Regression,True
15998,1,0.8915,1,7219.1,held-out test,Logistic Regression,True
16242,1,0.8915,1,16992.1,train,Logistic Regression,True
15716,1,0.8914,1,1185.3,train,Logistic Regression,True
18190,1,0.8909,0,0.0,train,Logistic Regression,False
16103,1,0.8909,1,2947.6,train,Logistic Regression,True
15059,1,0.8905,1,4205.8,train,Logistic Regression,True
13802,1,0.8904,0,165.6,train,Logistic Regression,False
15862,1,0.8902,1,1878.2,train,Logistic Regression,True
13527,1,0.8901,1,9078.5,train,Logistic Regression,True
16743,1,0.89,1,5831.0,train,Logistic Regression,True
16401,1,0.8892,1,10177.2,held-out test,Logistic Regression,True
14442,1,0.8891,0,0.0,train,Logistic Regression,False
14867,1,0.8889,1,528.4,train,Logistic Regression,True
14032,1,0.8887,1,4122.5,train,Logistic Regression,True
17091,1,0.8885,1,12671.5,train,Logistic Regression,True
15981,1,0.8882,1,7704.0,held-out test,Logistic Regression,True
14410,1,0.8879,1,1789.2,train,Logistic Regression,True
16258,1,0.8876,1,8639.2,held-out test,Logistic Regression,True
14422,1,0.8874,1,19839.1,train,Logistic Regression,True
16456,1,0.8874,1,2859.0,train,Logistic Regression,True
12524,1,0.8869,1,2478.0,train,Logistic Regression,True
12662,1,0.8865,1,13729.2,train,Logistic Regression,True
14944,1,0.8862,1,11411.9,train,Logistic Regression,True
15755,1,0.8858,1,9573.4,train,Logistic Regression,True
17646,1,0.8856,0,0.0,held-out test,Logistic Regression,False
16293,1,0.8856,1,5585.6,train,Logistic Regression,True
15298,1,0.8855,1,11607.5,train,Logistic Regression,True
13117,1,0.8854,1,1264.8,train,Logistic Regression,True
16748,1,0.8853,1,3318.4,train,Logistic Regression,True
16791,1,0.8852,1,6227.8,train,Logistic Regression,True
17659,1,0.8851,1,10333.1,train,Logistic Regression,True
18198,1,0.8847,1,6058.6,train,Logistic Regression,True
15658,1,0.8847,0,41.0,train,Logistic Regression,False
13327,1,0.8842,1,5567.8,train,Logistic Regression,True
16775,1,0.8838,1,5175.4,train,Logistic Regression,True
13246,1,0.8837,1,1436.4,train,Logistic Regression,True
15518,1,0.8834,1,5205.4,train,Logistic Regression,True
16023,1,0.8832,1,1207.3,train,Logistic Regression,True
16086,1,0.8831,1,1762.4,held-out test,Logistic Regression,True
13037,1,0.883,1,1669.5,train,Logistic Regression,True
16206,1,0.8829,1,1354.7,train,Logistic Regression,True
17442,1,0.8822,1,7617.8,train,Logistic Regression,True
16928,1,0.8818,1,7809.9,train,Logistic Regression,True
12600,1,0.8815,1,2434.8,train,Logistic Regression,True
12451,1,0.8808,1,15190.1,train,Logistic Regression,True
13137,1,0.8806,1,15109.0,train,Logistic Regression,True
15602,1,0.8806,1,2429.4,train,Logistic Regression,True
15144,1,0.8805,1,19248.4,train,Logistic Regression,True
14711,1,0.8803,1,5178.5,train,Logistic Regression,True
14064,1,0.88,1,2688.5,train,Logistic Regression,True
12937,1,0.88,1,5081.8,train,Logistic Regression,True
16143,1,0.8799,1,4389.3,train,Logistic Regression,True
12395,1,0.8797,1,7205.2,held-out test,Logistic Regression,True
13576,1,0.8792,1,4905.8,train,Logistic Regression,True
13985,1,0.8791,1,33358.4,train,Logistic Regression,True
13021,1,0.879,1,8023.8,train,Logistic Regression,True
13983,1,0.8783,1,2509.5,train,Logistic Regression,True
15421,1,0.8782,1,1164.5,train,Logistic Regression,True
15811,1,0.8777,1,5062.4,train,Logistic Regression,True
15910,1,0.8769,1,3702.9,held-out test,Logistic Regression,True
12668,1,0.8769,1,3618.9,train,Logistic Regression,True
15596,1,0.8769,0,92.9,train,Logistic Regression,False
16904,1,0.8768,1,13286.1,train,Logistic Regression,True
18242,1,0.8767,1,4543.2,held-out test,Logistic Regression,True
15514,1,0.8765,1,4250.2,held-out test,Logistic Regression,True
18257,1,0.8762,1,8316.1,train,Logistic Regression,True
14903,1,0.8758,1,5473.9,train,Logistic Regression,True
13450,1,0.8758,1,4496.2,train,Logistic Regression,True
14702,1,0.8755,1,10804.3,held-out test,Logistic Regression,True
18283,1,0.8753,1,8371.3,held-out test,Logistic Regression,True
13523,1,0.8751,1,6468.8,train,Logistic Regression,True
13719,1,0.8751,1,3861.6,train,Logistic Regression,True
15125,1,0.875,1,2576.5,held-out test,Logistic Regression,True
17400,1,0.8749,1,4366.7,train,Logistic Regression,True
14426,1,0.8749,1,11501.0,train,Logistic Regression,True
17819,1,0.8744,0,87.9,train,Logistic Regression,False
13634,1,0.8743,1,4954.9,train,Logistic Regression,True
16735,1,0.8738,1,5741.8,train,Logistic Regression,True
13975,1,0.8736,1,7806.8,train,Logistic Regression,True
13070,1,0.8735,0,0.0,train,Logistic Regression,False
16241,1,0.8732,1,9643.9,train,Logistic Regression,True
17692,1,0.8728,1,644.4,train,Logistic Regression,True
13426,1,0.8727,1,6387.3,train,Logistic Regression,True
12428,1,0.8727,1,6592.6,train,Logistic Regression,True
16326,1,0.8727,1,12778.9,train,Logistic Regression,True
16466,1,0.8727,1,5969.6,held-out test,Logistic Regression,True
12494,1,0.8723,1,2915.6,train,Logistic Regression,True
12916,1,0.8721,1,2907.1,held-out test,Logistic Regression,True
13971,1,0.8718,1,9495.1,train,Logistic Regression,True
17954,1,0.8716,1,6203.2,train,Logistic Regression,True
17345,1,0.8715,1,2147.4,train,Logistic Regression,True
14390,1,0.8714,1,12430.8,train,Logistic Regression,True
16817,1,0.8708,1,3159.1,train,Logistic Regression,True
18116,1,0.8705,1,652.1,held-out test,Logistic Regression,True
18219,1,0.87,1,6102.2,train,Logistic Regression,True
14135,1,0.8699,1,3397.6,train,Logistic Regression,True
15660,1,0.8698,1,4237.2,held-out test,Logistic Regression,True
16218,1,0.8698,1,2027.0,train,Logistic Regression,True
15673,1,0.8696,1,4907.9,train,Logistic Regression,True
17146,1,0.8696,0,87.8,train,Logistic Regression,False
14461,1,0.8693,1,6544.3,train,Logistic Regression,True
16912,1,0.869,1,4877.7,train,Logistic Regression,True
14329,1,0.8689,1,14287.0,train,Logistic Regression,True
13831,1,0.8687,1,1049.4,train,Logistic Regression,True
13658,1,0.8686,1,7700.8,train,Logistic Regression,True
15291,1,0.8685,1,3277.3,held-out test,Logistic Regression,True
15696,1,0.8682,1,5925.9,train,Logistic Regression,True
15402,1,0.8682,1,769.8,train,Logistic Regression,True
18229,1,0.868,1,11423.0,train,Logistic Regression,True
14292,1,0.8678,1,4598.0,train,Logistic Regression,True
17107,1,0.8674,1,11560.6,train,Logistic Regression,True
17758,1,0.8674,1,13014.5,train,Logistic Regression,True
13092,1,0.8674,0,174.0,train,Logistic Regression,False
12731,1,0.8668,1,8938.4,held-out test,Logistic Regression,True
13869,1,0.8666,1,8338.2,held-out test,Logistic Regression,True
13232,1,0.8662,1,3601.6,train,Logistic Regression,True
17667,1,0.8662,1,3565.8,held-out test,Logistic Regression,True
12766,1,0.8659,1,12671.0,train,Logistic Regression,True
16153,1,0.8658,1,6422.1,train,Logistic Regression,True
14837,1,0.8655,1,6341.4,train,Logistic Regression,True
16369,1,0.8654,1,5960.7,train,Logistic Regression,True
17888,1,0.8653,1,2608.7,train,Logistic Regression,True
12523,1,0.8653,1,7105.7,train,Logistic Regression,True
13593,1,0.8652,1,4946.2,train,Logistic Regression,True
17419,1,0.865,1,9961.8,train,Logistic Regression,True
12637,1,0.8649,1,16289.7,train,Logistic Regression,True
14062,1,0.8645,1,756.0,held-out test,Logistic Regression,True
14758,1,0.8636,1,1517.2,train,Logistic Regression,True
15312,1,0.8632,1,1741.7,train,Logistic Regression,True
16266,1,0.863,1,2412.1,train,Logistic Regression,True
14852,1,0.863,1,12833.4,held-out test,Logistic Regression,True
12910,1,0.8628,1,3122.0,held-out test,Logistic Regression,True
14541,1,0.8627,1,1292.0,train,Logistic Regression,True
15925,1,0.8623,0,0.0,held-out test,Logistic Regression,False
14258,1,0.8622,1,510.0,train,Logistic Regression,True
16871,1,0.8621,1,3216.2,train,Logistic Regression,True
17230,1,0.8615,0,0.0,train,Logistic Regression,False
13162,1,0.8614,1,1840.5,train,Logistic Regression,True
16810,1,0.8612,0,0.0,held-out test,Logistic Regression,False
14107,1,0.8611,1,4652.8,train,Logistic Regression,True
17770,1,0.8609,0,0.0,held-out test,Logistic Regression,False
15708,1,0.8609,1,6121.3,train,Logistic Regression,True
16353,1,0.8605,1,4404.8,held-out test,Logistic Regression,True
16954,1,0.8604,1,1608.6,train,Logistic Regression,True
12976,1,0.8603,0,0.0,train,Logistic Regression,False
15095,1,0.86,1,2066.2,train,Logistic Regression,True
12599,1,0.8598,1,2530.8,train,Logistic Regression,True
13662,1,0.8597,1,2009.2,held-out test,Logistic Regression,True
15079,1,0.8594,0,0.0,train,Logistic Regression,False
12909,1,0.859,1,2012.4,held-out test,Logistic Regression,True
14896,1,0.859,0,0.0,train,Logistic Regression,False
13052,1,0.8583,0,0.0,train,Logistic Regression,False
14525,1,0.8578,1,12872.6,train,Logistic Regression,True
15081,1,0.8578,1,1401.3,train,Logistic Regression,True
13174,1,0.8574,1,3646.2,train,Logistic Regression,True
16265,1,0.8572,1,11109.0,train,Logistic Regression,True
12656,1,0.857,1,9121.2,train,Logistic Regression,True
16818,1,0.857,1,13825.4,train,Logistic Regression,True
14146,1,0.857,1,12611.4,held-out test,Logistic Regression,True
15563,1,0.857,1,3103.2,train,Logistic Regression,True
17228,1,0.8567,1,6395.8,train,Logistic Regression,True
17069,1,0.8564,1,8081.8,train,Logistic Regression,True
13313,1,0.8563,1,4875.8,train,Logistic Regression,True
12749,1,0.8562,1,15918.8,train,Logistic Regression,True
14336,1,0.8562,1,2673.6,held-out test,Logistic Regression,True
13561,1,0.8558,0,0.0,train,Logistic Regression,False
15897,1,0.8557,0,0.0,train,Logistic Regression,False
14530,1,0.8556,1,8254.4,train,Logistic Regression,True
14532,1,0.8555,0,0.0,train,Logistic Regression,False
15641,1,0.8553,1,3171.2,train,Logistic Regression,True
13398,1,0.8551,0,0.0,held-out test,Logistic Regression,False
13339,1,0.8551,0,0.0,held-out test,Logistic Regression,False
15410,1,0.855,1,5852.7,train,Logistic Regression,True
12360,1,0.8549,1,6931.2,train,Logistic Regression,True
16409,1,0.8549,1,6692.3,train,Logistic Regression,True
15434,1,0.8545,1,4072.5,train,Logistic Regression,True
15750,1,0.8544,1,10235.2,train,Logistic Regression,True
14841,1,0.8543,1,7449.9,train,Logistic Regression,True
17460,1,0.8541,1,873.6,train,Logistic Regression,True
12790,1,0.8541,0,0.0,train,Logistic Regression,False
18202,1,0.8539,0,0.0,train,Logistic Regression,False
15606,1,0.8538,1,1585.4,held-out test,Logistic Regression,True
15953,1,0.8537,1,3222.8,held-out test,Logistic Regression,True
14587,1,0.8536,1,1758.4,held-out test,Logistic Regression,True
17515,1,0.8534,1,370.0,train,Logistic Regression,True
15140,1,0.8532,1,4551.5,train,Logistic Regression,True
16092,1,0.8531,1,1230.6,train,Logistic Regression,True
13880,1,0.853,1,11242.5,train,Logistic Regression,True
17449,1,0.8528,1,6565.5,train,Logistic Regression,True
17470,1,0.8525,1,2450.8,train,Logistic Regression,True
16712,1,0.8523,1,11630.9,train,Logistic Regression,True
15694,1,0.8519,1,1427.0,train,Logistic Regression,True
15356,1,0.8519,1,8535.5,train,Logistic Regression,True
12868,1,0.8517,1,1361.4,train,Logistic Regression,True
15270,1,0.8517,1,825.8,train,Logistic Regression,True
15367,1,0.8516,1,2551.5,train,Logistic Regression,True
12520,1,0.8516,1,4437.4,train,Logistic Regression,True
16094,1,0.8514,1,4011.0,train,Logistic Regression,True
18287,1,0.8514,1,3108.2,train,Logistic Regression,True
16320,1,0.8509,1,1025.8,train,Logistic Regression,True
14649,1,0.8509,1,3456.3,train,Logistic Regression,True
17530,1,0.8508,1,5507.5,train,Logistic Regression,True
14584,1,0.8505,1,3071.7,train,Logistic Regression,True
13901,1,0.8498,1,11932.0,train,Logistic Regression,True
16275,1,0.8498,0,0.0,train,Logistic Regression,False
17618,1,0.8497,1,996.6,held-out test,Logistic Regression,True
16684,1,0.8495,0,216.0,train,Logistic Regression,False
14776,1,0.8492,1,6360.6,train,Logistic Regression,True
14748,1,0.8491,1,3523.4,train,Logistic Regression,True
12787,1,0.8491,1,1343.0,train,Logistic Regression,True
14921,1,0.8489,1,1993.6,train,Logistic Regression,True
13485,1,0.8488,0,0.0,train,Logistic Regression,False
17858,1,0.8488,1,12490.6,train,Logistic Regression,True
14770,1,0.8486,0,0.0,train,Logistic Regression,False
12539,1,0.8485,1,4602.6,train,Logistic Regression,True
13623,1,0.8484,1,739.1,train,Logistic Regression,True
12876,1,0.8481,1,5578.6,train,Logistic Regression,True
16539,1,0.848,0,283.6,held-out test,Logistic Regression,False
15373,1,0.8479,1,5321.4,train,Logistic Regression,True
15939,1,0.8477,1,1398.0,train,Logistic Regression,True
14161,1,0.8476,0,0.0,train,Logistic Regression,False
15288,1,0.8474,1,1898.2,train,Logistic Regression,True
18077,1,0.8474,1,8405.8,held-out test,Logistic Regression,True
16841,1,0.8472,1,5408.0,train,Logistic Regression,True
12726,1,0.847,1,7147.4,held-out test,Logistic Regression,True
14562,1,0.8468,1,17784.5,train,Logistic Regression,True
16255,1,0.8468,1,8605.2,train,Logistic Regression,True
14701,1,0.8467,1,3476.6,train,Logistic Regression,True
15732,1,0.8464,0,0.0,train,Logistic Regression,False
15804,1,0.846,1,18910.6,held-out test,Logistic Regression,True
17730,1,0.8452,1,14313.6,train,Logistic Regression,True
14447,1,0.845,1,3084.4,train,Logistic Regression,True
17634,1,0.8443,1,2992.7,train,Logistic Regression,True
15370,1,0.8442,1,3838.9,train,Logistic Regression,True
14159,1,0.8441,1,21472.4,train,Logistic Regression,True
14507,1,0.8438,1,2593.7,held-out test,Logistic Regression,True
16131,1,0.8438,1,3430.4,held-out test,Logistic Regression,True
16010,1,0.8438,0,0.0,train,Logistic Regression,False
16034,1,0.8437,0,0.0,train,Logistic Regression,False
17211,1,0.8434,1,5541.5,train,Logistic Regression,True
17894,1,0.8433,1,1380.2,train,Logistic Regression,True
13963,1,0.8432,0,0.0,train,Logistic Regression,False
15062,1,0.8431,1,963.6,held-out test,Logistic Regression,True
13742,1,0.8429,1,7879.7,train,Logistic Regression,True
16057,1,0.8426,1,6601.1,train,Logistic Regression,True
16719,1,0.8426,1,4410.8,train,Logistic Regression,True
15104,1,0.8426,0,0.0,train,Logistic Regression,False
12815,1,0.8424,1,2025.0,train,Logistic Regression,True
16767,1,0.8422,1,11324.9,train,Logistic Regression,True
15237,1,0.8422,1,1764.9,train,Logistic Regression,True
12477,1,0.8421,1,14096.5,train,Logistic Regression,True
14988,1,0.8418,0,0.0,train,Logistic Regression,False
13798,1,0.8417,1,1114.8,train,Logistic Regression,True
15791,1,0.8416,1,2129.8,train,Logistic Regression,True
17147,1,0.8413,1,2791.5,train,Logistic Regression,True
13206,1,0.841,0,0.0,train,Logistic Regression,False
14154,1,0.8409,0,0.0,train,Logistic Regression,False
14307,1,0.8406,1,6097.5,held-out test,Logistic Regression,True
12928,1,0.8402,1,4655.2,train,Logistic Regression,True
12782,1,0.8398,1,3591.8,train,Logistic Regression,True
14978,1,0.8395,1,2159.8,train,Logistic Regression,True
14898,1,0.8394,1,3053.1,train,Logistic Regression,True
17422,1,0.8392,1,6066.5,train,Logistic Regression,True
17873,1,0.8391,1,976.8,held-out test,Logistic Regression,True
15164,1,0.839,1,2532.5,train,Logistic Regression,True
18069,1,0.8388,1,7350.9,train,Logistic Regression,True
17861,1,0.8386,1,8511.4,train,Logistic Regression,True
15321,1,0.8382,1,5958.4,train,Logistic Regression,True
16905,1,0.8373,1,8989.9,train,Logistic Regression,True
12857,1,0.8372,0,0.0,train,Logistic Regression,False
15491,1,0.8366,1,6061.3,train,Logistic Regression,True
18097,1,0.836,1,5066.2,train,Logistic Regression,True
14794,1,0.8359,1,3256.5,train,Logistic Regression,True
13157,1,0.8359,1,6563.5,train,Logistic Regression,True
13875,1,0.8356,1,6030.0,train,Logistic Regression,True
13090,1,0.8354,1,6942.5,train,Logistic Regression,True
16126,1,0.8351,1,5206.8,train,Logistic Regression,True
12625,1,0.8349,0,0.0,train,Logistic Regression,False
14651,1,0.8346,1,1312.1,train,Logistic Regression,True
13650,1,0.8345,1,5695.2,held-out test,Logistic Regression,True
16496,1,0.8341,1,2303.9,train,Logistic Regression,True
18230,1,0.8337,1,3339.0,train,Logistic Regression,True
16283,1,0.8333,1,6885.3,train,Logistic Regression,True
13118,1,0.8333,1,1595.6,train,Logistic Regression,True
13362,1,0.8333,1,7625.2,train,Logistic Regression,True
17931,1,0.8333,0,226.0,held-out test,Logistic Regression,False
13192,1,0.8328,1,2469.1,train,Logistic Regression,True
17884,1,0.8324,1,611.2,train,Logistic Regression,True
13044,1,0.8322,0,0.0,train,Logistic Regression,False
14081,1,0.8321,0,0.0,train,Logistic Regression,False
12924,1,0.8319,1,820.1,train,Logistic Regression,True
15227,1,0.8319,1,1893.5,train,Logistic Regression,True
17058,1,0.8317,1,1984.3,train,Logistic Regression,True
13995,1,0.8317,1,5942.6,held-out test,Logistic Regression,True
16359,1,0.8317,1,1452.6,held-out test,Logistic Regression,True
15860,1,0.8313,1,2992.5,train,Logistic Regression,True
17337,1,0.8313,0,181.6,train,Logistic Regression,False
13988,1,0.8306,1,14462.8,held-out test,Logistic Regression,True
14844,1,0.8299,1,7749.6,train,Logistic Regression,True
14299,1,0.8298,1,11864.2,train,Logistic Regression,True
18008,1,0.8296,0,47.0,train,Logistic Regression,False
13931,1,0.8293,1,3313.4,train,Logistic Regression,True
17314,1,0.8292,1,8625.2,held-out test,Logistic Regression,True
14535,1,0.8292,1,10379.3,held-out test,Logistic Regression,True
15172,1,0.829,1,5962.9,train,Logistic Regression,True
18144,1,0.8286,1,717.0,train,Logistic Regression,True
15628,1,0.8285,1,11576.6,train,Logistic Regression,True
17272,1,0.8284,1,2599.5,train,Logistic Regression,True
17019,1,0.8282,1,1435.6,held-out test,Logistic Regression,True
13711,1,0.828,0,0.0,train,Logistic Regression,False
13126,1,0.8279,1,5295.9,train,Logistic Regression,True
14682,1,0.8277,0,168.0,train,Logistic Regression,False
17051,1,0.8277,0,0.0,train,Logistic Regression,False
13168,1,0.8274,1,1905.6,train,Logistic Regression,True
14462,1,0.827,1,5756.0,train,Logistic Regression,True
16676,1,0.8269,1,2717.4,train,Logistic Regression,True
13542,1,0.8268,0,0.0,held-out test,Logistic Regression,False
18239,1,0.8263,0,0.0,train,Logistic Regression,False
12710,1,0.8259,1,2341.4,train,Logistic Regression,True
13209,1,0.8258,1,15264.4,train,Logistic Regression,True
15757,1,0.8256,1,2481.7,train,Logistic Regression,True
16341,1,0.8252,1,3991.2,train,Logistic Regression,True
12982,1,0.8251,0,0.0,train,Logistic Regression,False
14524,1,0.825,1,4631.6,train,Logistic Regression,True
13591,1,0.8249,1,1868.2,train,Logistic Regression,True
17848,1,0.8244,1,846.9,train,Logistic Regression,True
14286,1,0.8241,1,11657.6,train,Logistic Regression,True
13198,1,0.8238,1,7218.3,train,Logistic Regression,True
13615,1,0.8233,0,0.0,train,Logistic Regression,False
17204,1,0.8232,1,1727.8,held-out test,Logistic Regression,True
12744,1,0.823,1,7732.2,train,Logistic Regression,True
13856,1,0.8229,0,303.0,train,Logistic Regression,False
17047,1,0.8228,1,1920.2,train,Logistic Regression,True
18177,1,0.8228,1,3450.4,train,Logistic Regression,True
13477,1,0.8226,1,4272.5,train,Logistic Regression,True
13305,1,0.8224,1,6016.1,train,Logistic Regression,True
15240,1,0.8215,1,5040.0,train,Logistic Regression,True
17191,1,0.8215,1,6645.1,train,Logistic Regression,True
17863,1,0.8215,1,7611.8,train,Logistic Regression,True
13059,1,0.8212,0,0.0,train,Logistic Regression,False
12775,1,0.8203,1,2672.8,train,Logistic Regression,True
14105,1,0.82,0,0.0,train,Logistic Regression,False
16115,1,0.82,1,6328.0,train,Logistic Regression,True
17054,1,0.8198,1,2406.9,train,Logistic Regression,True
16638,1,0.8193,1,2527.2,train,Logistic Regression,True
17655,1,0.8192,1,4331.3,train,Logistic Regression,True
17591,1,0.8191,1,1634.0,train,Logistic Regression,True
16043,1,0.8191,1,560.9,train,Logistic Regression,True
15845,1,0.8189,1,8812.6,train,Logistic Regression,True
14277,1,0.8188,1,12209.7,held-out test,Logistic Regression,True
12840,1,0.8185,1,5627.6,train,Logistic Regression,True
17769,1,0.8184,1,14474.2,train,Logistic Regression,True
14565,1,0.8183,1,4564.5,train,Logistic Regression,True
16567,1,0.8181,0,0.0,held-out test,Logistic Regression,False
16624,1,0.8177,1,991.2,train,Logistic Regression,True
14738,1,0.8176,1,3171.9,train,Logistic Regression,True
13012,1,0.8174,1,5156.4,train,Logistic Regression,True
15863,1,0.8173,0,327.1,train,Logistic Regression,False
17838,1,0.8172,1,3211.2,train,Logistic Regression,True
16554,1,0.8161,1,2856.6,train,Logistic Regression,True
16125,1,0.816,0,0.0,train,Logistic Regression,False
12569,1,0.8158,1,14922.2,train,Logistic Regression,True
16229,1,0.8157,1,2377.6,train,Logistic Regression,True
13531,1,0.8157,0,0.0,train,Logistic Regression,False
15882,1,0.8151,0,0.0,train,Logistic Regression,False
13557,1,0.8151,1,1570.0,train,Logistic Regression,True
13014,1,0.815,1,7046.0,train,Logistic Regression,True
14669,1,0.8149,0,0.0,train,Logistic Regression,False
16770,1,0.8147,1,593.0,held-out test,Logistic Regression,True
14572,1,0.8147,1,8346.8,held-out test,Logistic Regression,True
17738,1,0.8147,1,5007.5,train,Logistic Regression,True
16325,1,0.8145,1,1191.4,train,Logistic Regression,True
18125,1,0.8142,1,1081.2,train,Logistic Regression,True
17426,1,0.8141,1,18231.1,train,Logistic Regression,True
13725,1,0.8138,1,1248.2,train,Logistic Regression,True
16059,1,0.8136,1,4446.1,train,Logistic Regression,True
17180,1,0.8136,1,1269.2,train,Logistic Regression,True
12670,1,0.8134,1,4273.8,train,Logistic Regression,True
13048,1,0.8131,1,4645.3,train,Logistic Regression,True
17597,1,0.8126,0,0.0,train,Logistic Regression,False
17042,1,0.8124,1,3027.6,train,Logistic Regression,True
17138,1,0.8121,0,0.0,train,Logistic Regression,False
13082,1,0.8118,1,2341.0,held-out test,Logistic Regression,True
16306,1,0.8117,0,0.0,train,Logistic Regression,False
12562,1,0.8114,1,12758.2,train,Logistic Regression,True
15974,1,0.8112,1,8749.9,train,Logistic Regression,True
15123,1,0.8111,1,5184.0,train,Logistic Regression,True
12645,1,0.811,1,2993.4,train,Logistic Regression,True
14854,1,0.8107,1,6270.2,train,Logistic Regression,True
14009,1,0.8106,0,0.0,train,Logistic Regression,False
12693,1,0.8103,1,733.2,train,Logistic Regression,True
17096,1,0.8101,1,4050.6,train,Logistic Regression,True
15058,1,0.8099,1,7007.5,train,Logistic Regression,True
16838,1,0.8097,0,0.0,train,Logistic Regression,False
17669,1,0.8096,1,3579.4,train,Logistic Regression,True
12426,1,0.8092,0,0.0,train,Logistic Regression,False
17702,1,0.809,1,3647.1,train,Logistic Regression,True
18170,1,0.809,1,2493.8,train,Logistic Regression,True
15220,1,0.8089,1,4843.6,train,Logistic Regression,True
13208,1,0.8087,1,2365.1,train,Logistic Regression,True
15179,1,0.8087,1,4150.6,train,Logistic Regression,True
16933,1,0.808,1,1020.5,train,Logistic Regression,True
12987,1,0.808,1,1395.7,train,Logistic Regression,True
15625,1,0.8079,1,3219.8,train,Logistic Regression,True
16449,1,0.8078,0,0.0,train,Logistic Regression,False
14692,1,0.8075,1,608.4,train,Logistic Regression,True
12598,1,0.8074,1,8104.4,train,Logistic Regression,True
14626,1,0.8069,1,10021.5,train,Logistic Regression,True
13243,1,0.8066,0,0.0,train,Logistic Regression,False
14648,1,0.8065,0,0.0,train,Logistic Regression,False
13183,1,0.8065,1,3429.9,train,Logistic Regression,True
16225,1,0.8063,1,3225.1,train,Logistic Regression,True
17567,1,0.8058,1,4654.9,held-out test,Logistic Regression,True
15906,1,0.8057,1,4603.3,train,Logistic Regression,True
16175,1,0.8056,1,3124.0,train,Logistic Regression,True
12955,1,0.8046,1,15055.2,train,Logistic Regression,True
16351,1,0.8044,0,0.0,held-out test,Logistic Regression,False
14249,1,0.8042,0,0.0,train,Logistic Regression,False
13139,1,0.8039,1,14817.2,held-out test,Logistic Regression,True
13310,1,0.8037,1,1722.6,train,Logistic Regression,True
17050,1,0.8036,1,5109.9,train,Logistic Regression,True
17508,1,0.803,0,0.0,held-out test,Logistic Regression,False
17720,1,0.8028,1,3102.3,train,Logistic Regression,True
12493,1,0.8024,1,1104.0,train,Logistic Regression,True
16756,1,0.8016,0,0.0,train,Logistic Regression,False
15938,1,0.8014,1,383.2,held-out test,Logistic Regression,True
17007,1,0.8013,1,1947.2,train,Logistic Regression,True
16571,1,0.8013,1,5388.4,train,Logistic Regression,True
12853,1,0.801,1,3529.2,train,Logistic Regression,True
16208,1,0.8006,1,918.6,train,Logistic Regression,True
16809,1,0.8005,1,3139.7,train,Logistic Regression,True
16652,1,0.8005,1,4786.8,train,Logistic Regression,True
15858,1,0.8001,1,2261.3,train,Logistic Regression,True
17913,1,0.7999,1,1053.2,train,Logistic Regression,True
13888,1,0.7999,1,2000.1,train,Logistic Regression,True
15114,1,0.7993,1,10951.4,train,Logistic Regression,True
16823,1,0.7992,0,0.0,train,Logistic Regression,False
14224,1,0.7992,1,1909.7,train,Logistic Regression,True
15489,1,0.7991,1,2458.6,train,Logistic Regression,True
17673,1,0.7986,1,4313.7,train,Logistic Regression,True
14659,1,0.7981,1,7483.7,train,Logistic Regression,True
14289,1,0.7979,1,1003.8,train,Logistic Regression,True
13479,1,0.7977,0,0.0,held-out test,Logistic Regression,False
12530,1,0.7976,1,4706.9,train,Logistic Regression,True
17774,1,0.7974,1,3395.7,train,Logistic Regression,True
14913,1,0.7974,1,2963.6,train,Logistic Regression,True
16755,1,0.7969,1,3119.3,train,Logistic Regression,True
13376,1,0.7967,1,1092.6,train,Logistic Regression,True
12872,1,0.7967,0,0.0,held-out test,Logistic Regression,False
15182,1,0.7965,1,1391.2,train,Logistic Regression,True
15024,1,0.7965,1,5259.2,train,Logistic Regression,True
16618,1,0.7964,1,4809.8,train,Logistic Regression,True
13495,1,0.7959,1,1639.0,train,Logistic Regression,True
16085,1,0.7958,1,3595.4,train,Logistic Regression,True
17092,1,0.7958,1,8459.5,train,Logistic Regression,True
15031,1,0.7953,1,2361.2,train,Logistic Regression,True
15021,1,0.7953,1,6609.6,train,Logistic Regression,True
13680,1,0.7951,1,6199.1,train,Logistic Regression,True
13722,1,0.7948,1,3999.7,train,Logistic Regression,True
14828,1,0.7947,0,0.0,train,Logistic Regression,False
16253,1,0.7946,1,6524.9,train,Logistic Regression,True
14320,1,0.7944,0,0.0,held-out test,Logistic Regression,False
14465,1,0.794,0,0.0,held-out test,Logistic Regression,False
17375,1,0.7933,0,0.0,train,Logistic Regression,False
17596,1,0.7932,1,8157.6,train,Logistic Regression,True
15493,1,0.7926,1,5676.6,train,Logistic Regression,True
15027,1,0.7925,1,1981.6,train,Logistic Regression,True
14245,1,0.7921,0,0.0,train,Logistic Regression,False
12758,1,0.7912,1,3158.4,held-out test,Logistic Regression,True
17625,1,0.7911,1,7808.9,train,Logistic Regression,True
13520,1,0.7911,1,4419.6,held-out test,Logistic Regression,True
17969,1,0.7911,1,564.8,train,Logistic Regression,True
14489,1,0.7906,0,0.0,train,Logistic Regression,False
13357,1,0.7906,0,0.0,train,Logistic Regression,False
14936,1,0.7906,1,28276.5,train,Logistic Regression,True
16098,1,0.7904,1,2648.5,train,Logistic Regression,True
15033,1,0.7902,1,7131.6,train,Logistic Regression,True
17491,1,0.7898,1,8754.6,held-out test,Logistic Regression,True
12678,1,0.7898,1,4579.4,train,Logistic Regression,True
16356,1,0.7896,0,0.0,train,Logistic Regression,False
15916,1,0.7896,1,3996.5,held-out test,Logistic Regression,True
14083,1,0.7894,1,2919.8,train,Logistic Regression,True
15502,1,0.7894,1,10635.6,held-out test,Logistic Regression,True
13562,1,0.7893,1,6295.8,held-out test,Logistic Regression,True
14312,1,0.7893,1,5206.9,train,Logistic Regression,True
14021,1,0.7893,0,342.0,train,Logistic Regression,False
17629,1,0.7892,1,4896.6,train,Logistic Regression,True
17288,1,0.7891,1,3821.2,train,Logistic Regression,True
13885,1,0.7889,1,593.1,train,Logistic Regression,True
13417,1,0.7888,1,2226.9,train,Logistic Regression,True
16200,1,0.7887,1,5859.5,train,Logistic Regression,True
14515,1,0.7887,1,7351.5,held-out test,Logistic Regression,True
16906,1,0.7887,1,1353.3,train,Logistic Regression,True
16807,1,0.7883,1,2587.7,train,Logistic Regression,True
17075,1,0.7881,1,756.4,train,Logistic Regression,True
15002,1,0.7878,1,2725.7,held-out test,Logistic Regression,True
12993,1,0.7874,1,1308.2,held-out test,Logistic Regression,True
16232,1,0.7867,1,1000.0,train,Logistic Regression,True
14907,1,0.7858,1,12241.7,held-out test,Logistic Regression,True
12399,1,0.7854,1,1207.8,held-out test,Logistic Regression,True
12620,1,0.7852,1,4264.2,train,Logistic Regression,True
14309,1,0.7848,1,6339.0,train,Logistic Regression,True
14001,1,0.7846,1,1113.2,train,Logistic Regression,True
12901,1,0.7845,1,3530.5,train,Logistic Regression,True
12649,1,0.7841,1,955.6,train,Logistic Regression,True
15752,1,0.7837,1,8701.8,train,Logistic Regression,True
15353,1,0.7835,0,0.0,train,Logistic Regression,False
18272,1,0.7832,1,11122.8,train,Logistic Regression,True
18136,1,0.783,1,357.6,train,Logistic Regression,True
12721,1,0.7829,1,7910.8,train,Logistic Regression,True
13475,1,0.7824,1,836.4,train,Logistic Regression,True
16938,1,0.7823,1,8871.7,held-out test,Logistic Regression,True
14235,1,0.7823,1,1983.0,train,Logistic Regression,True
13577,1,0.7822,1,5969.5,train,Logistic Regression,True
14553,1,0.782,1,2115.5,train,Logistic Regression,True
16875,1,0.7819,1,7109.1,held-out test,Logistic Regression,True
15967,1,0.7819,1,1286.5,train,Logistic Regression,True
12623,1,0.7818,0,0.0,held-out test,Logistic Regression,False
16007,1,0.7818,1,7274.9,train,Logistic Regression,True
14397,1,0.7814,1,5590.6,train,Logistic Regression,True
15038,1,0.7812,1,1394.2,train,Logistic Regression,True
16771,1,0.7809,1,3227.1,train,Logistic Regression,True
14449,1,0.7809,1,2646.6,train,Logistic Regression,True
13077,1,0.7807,1,806.0,train,Logistic Regression,True
16725,1,0.7805,0,0.0,train,Logistic Regression,False
12359,1,0.7805,1,15323.8,train,Logistic Regression,True
16883,1,0.7803,1,793.1,train,Logistic Regression,True
17505,1,0.7797,1,2963.6,train,Logistic Regression,True
16045,1,0.7796,1,2414.9,train,Logistic Regression,True
15201,1,0.7795,1,2856.0,train,Logistic Regression,True
16005,1,0.7789,1,2323.9,train,Logistic Regression,True
17685,1,0.7787,1,5520.7,held-out test,Logistic Regression,True
15810,1,0.7787,1,2937.8,held-out test,Logistic Regression,True
16062,1,0.7785,1,2645.7,train,Logistic Regression,True
12429,1,0.7785,1,3697.4,held-out test,Logistic Regression,True
15932,1,0.7783,1,4533.4,train,Logistic Regression,True
16983,1,0.7782,1,6205.8,train,Logistic Regression,True
14280,1,0.7781,0,0.0,train,Logistic Regression,False
14868,1,0.7779,1,11674.1,train,Logistic Regression,True
16987,1,0.7779,1,6219.4,train,Logistic Regression,True
15985,1,0.7778,1,989.4,train,Logistic Regression,True
17578,1,0.7775,0,0.0,train,Logistic Regression,False
14038,1,0.7773,1,4637.4,train,Logistic Regression,True
17602,1,0.7772,1,19325.8,held-out test,Logistic Regression,True
15150,1,0.7769,1,26392.0,train,Logistic Regression,True
12422,1,0.7768,1,2427.8,train,Logistic Regression,True
17071,1,0.7766,1,8366.7,train,Logistic Regression,True
16918,1,0.7765,1,4346.8,train,Logistic Regression,True
16395,1,0.7763,1,5692.7,held-out test,Logistic Regression,True
17061,1,0.7758,1,3595.3,held-out test,Logistic Regression,True
12759,1,0.7756,1,5485.7,train,Logistic Regression,True
15976,1,0.7752,1,1191.8,train,Logistic Regression,True
18009,1,0.7751,0,0.0,train,Logistic Regression,False
13881,1,0.7749,1,3564.5,held-out test,Logistic Regression,True
17406,1,0.7748,0,0.0,train,Logistic Regression,False
16984,1,0.7746,1,20346.8,train,Logistic Regression,True
18149,1,0.7739,0,345.0,train,Logistic Regression,False
14976,1,0.7737,1,1877.2,held-out test,Logistic Regression,True
16940,1,0.7735,1,12276.6,held-out test,Logistic Regression,True
12480,1,0.773,1,6219.0,train,Logistic Regression,True
13627,1,0.7727,1,4530.7,held-out test,Logistic Regression,True
13572,1,0.7727,0,0.0,train,Logistic Regression,False
17871,1,0.7726,0,0.0,held-out test,Logistic Regression,False
17994,1,0.7726,1,1517.4,train,Logistic Regression,True
12654,1,0.7726,1,1446.6,train,Logistic Regression,True
16668,1,0.7726,1,1018.2,train,Logistic Regression,True
15809,1,0.7725,1,729.8,held-out test,Logistic Regression,True
17213,1,0.7722,1,10126.6,train,Logistic Regression,True
12502,1,0.7722,1,6316.1,train,Logistic Regression,True
13772,1,0.772,1,4388.5,train,Logistic Regression,True
15950,1,0.7718,1,6980.0,train,Logistic Regression,True
16942,1,0.7718,1,7089.4,train,Logistic Regression,True
17521,1,0.7717,1,3093.0,train,Logistic Regression,True
15314,1,0.7712,0,0.0,train,Logistic Regression,False
12463,1,0.7712,1,3821.8,train,Logistic Regression,True
12601,1,0.7705,1,373.0,train,Logistic Regression,True
13782,1,0.7705,1,2994.6,train,Logistic Regression,True
12854,1,0.7703,1,2285.1,train,Logistic Regression,True
13124,1,0.7703,1,5764.6,train,Logistic Regression,True
16515,1,0.7702,1,4273.2,train,Logistic Regression,True
12433,1,0.7701,1,20322.8,train,Logistic Regression,True
14205,1,0.77,1,1341.0,train,Logistic Regression,True
15508,1,0.7698,1,1539.2,held-out test,Logistic Regression,True
13870,1,0.7697,1,7388.9,held-out test,Logistic Regression,True
13824,1,0.7696,1,1967.7,train,Logistic Regression,True
13203,1,0.7693,1,3894.1,train,Logistic Regression,True
15456,1,0.7692,0,0.0,train,Logistic Regression,False
13110,1,0.7691,1,4147.8,train,Logistic Regression,True
17002,1,0.7689,1,1888.3,train,Logistic Regression,True
14819,1,0.7689,1,746.1,held-out test,Logistic Regression,True
17921,1,0.7682,1,2984.4,train,Logistic Regression,True
12347,1,0.7679,1,9479.8,train,Logistic Regression,True
18094,1,0.7674,1,2954.4,train,Logistic Regression,True
16600,1,0.7674,1,3101.7,held-out test,Logistic Regression,True
12676,1,0.7673,1,3416.0,train,Logistic Regression,True
16038,1,0.7671,1,849.0,train,Logistic Regression,True
16150,1,0.767,1,5959.9,held-out test,Logistic Regression,True
14640,1,0.7669,1,7763.1,train,Logistic Regression,True
15572,1,0.7668,1,7234.7,train,Logistic Regression,True
15416,1,0.7666,1,8555.8,train,Logistic Regression,True
14466,1,0.7661,1,4674.6,held-out test,Logistic Regression,True
12727,1,0.7661,1,3719.0,held-out test,Logistic Regression,True
13320,1,0.7658,1,5578.7,train,Logistic Regression,True
15730,1,0.7658,1,3587.5,train,Logistic Regression,True
13610,1,0.7658,1,4055.3,train,Logistic Regression,True
14551,1,0.7653,0,336.0,held-out test,Logistic Regression,False
13632,1,0.7652,1,7408.3,held-out test,Logistic Regression,True
14441,1,0.7652,1,3288.5,train,Logistic Regression,True
13737,1,0.7651,0,0.0,train,Logistic Regression,False
16996,1,0.765,1,1874.0,train,Logistic Regression,True
15665,1,0.7648,1,4196.5,train,Logistic Regression,True
12356,1,0.7646,0,320.0,train,Logistic Regression,False
16226,1,0.7641,0,0.0,train,Logistic Regression,False
12576,1,0.7635,1,4878.8,train,Logistic Regression,True
13421,1,0.7634,1,3813.0,train,Logistic Regression,True
14540,1,0.7629,1,4160.3,held-out test,Logistic Regression,True
17323,1,0.7627,1,3348.8,train,Logistic Regression,True
13446,1,0.7626,0,0.0,train,Logistic Regression,False
17236,1,0.762,1,1938.5,held-out test,Logistic Regression,True
17974,1,0.7618,1,2944.5,train,Logistic Regression,True
16672,1,0.7614,1,1089.0,train,Logistic Regression,True
17560,1,0.7609,1,976.0,train,Logistic Regression,True
18241,1,0.7608,1,9039.2,train,Logistic Regression,True
14152,1,0.7598,1,1668.2,train,Logistic Regression,True
13700,1,0.7594,1,4273.7,train,Logistic Regression,True
17593,1,0.7593,1,13889.9,train,Logistic Regression,True
14590,1,0.7591,0,0.0,held-out test,Logistic Regression,False
13707,1,0.7591,0,0.0,train,Logistic Regression,False
16899,1,0.7589,1,4789.1,train,Logistic Regression,True
14338,1,0.7584,0,45.5,held-out test,Logistic Regression,False
14175,1,0.758,1,13288.4,train,Logistic Regression,True
13752,1,0.7573,1,1791.9,train,Logistic Regression,True
16655,1,0.7572,1,11209.4,train,Logistic Regression,True
15754,1,0.7569,1,2012.1,train,Logistic Regression,True
14233,1,0.7568,1,1220.0,train,Logistic Regression,True
17889,1,0.7561,0,0.0,train,Logistic Regression,False
17063,1,0.7559,1,6035.8,held-out test,Logistic Regression,True
16383,1,0.7557,1,1832.4,train,Logistic Regression,True
15704,1,0.7555,1,5713.2,train,Logistic Regression,True
12679,1,0.7555,0,297.0,train,Logistic Regression,False
13235,1,0.7553,0,0.0,train,Logistic Regression,False
12383,1,0.7549,1,545.5,held-out test,Logistic Regression,True
16221,1,0.7547,1,2987.9,train,Logistic Regression,True
16244,1,0.7546,0,0.0,train,Logistic Regression,False
12700,1,0.7545,1,18065.9,train,Logistic Regression,True
15712,1,0.7538,1,3123.0,train,Logistic Regression,True
17320,1,0.7538,1,1598.8,train,Logistic Regression,True
14915,1,0.7536,1,447.0,train,Logistic Regression,True
17164,1,0.7532,1,8359.0,train,Logistic Regression,True
17874,1,0.7532,1,675.0,train,Logistic Regression,True
14127,1,0.7531,1,1427.2,held-out test,Logistic Regression,True
13736,1,0.753,1,2044.9,held-out test,Logistic Regression,True
12393,1,0.7529,1,2588.6,train,Logistic Regression,True
14790,1,0.7526,1,2754.9,train,Logistic Regression,True
14920,1,0.7526,0,0.0,train,Logistic Regression,False
15632,1,0.7523,1,8603.7,train,Logistic Regression,True
16072,1,0.752,0,0.0,train,Logistic Regression,False
15571,1,0.7517,1,2019.5,train,Logistic Regression,True
12500,1,0.7513,1,2326.9,train,Logistic Regression,True
12701,1,0.751,1,2528.3,train,Logistic Regression,True
14078,1,0.751,1,1266.3,train,Logistic Regression,True
17241,1,0.751,0,0.0,train,Logistic Regression,False
17671,1,0.7507,1,2220.5,train,Logistic Regression,True
17744,1,0.7505,1,5347.8,train,Logistic Regression,True
14930,1,0.7505,1,6637.1,train,Logistic Regression,True
13958,1,0.7505,0,0.0,held-out test,Logistic Regression,False
13309,1,0.7499,1,5063.9,train,Logistic Regression,True
15834,1,0.7492,1,4931.8,train,Logistic Regression,True
13285,1,0.7492,1,8464.2,train,Logistic Regression,True
13405,1,0.7492,0,82.5,train,Logistic Regression,False
17827,1,0.749,1,2233.7,train,Logistic Regression,True
13291,1,0.7489,1,1985.7,train,Logistic Regression,True
16091,1,0.7485,1,869.8,train,Logistic Regression,True
15841,1,0.7483,1,1854.0,train,Logistic Regression,True
16644,1,0.7482,1,610.8,held-out test,Logistic Regression,True
13373,1,0.7478,1,10634.1,train,Logistic Regression,True
13692,1,0.747,1,1019.1,held-out test,Logistic Regression,True
16639,1,0.747,1,3034.0,train,Logistic Regression,True
12370,1,0.7466,1,2849.8,train,Logistic Regression,True
18036,1,0.7465,1,1603.4,train,Logistic Regression,True
13884,1,0.7461,1,2855.6,train,Logistic Regression,True
15443,1,0.7461,1,14703.5,train,Logistic Regression,True
16717,1,0.746,1,17101.2,train,Logistic Regression,True
16499,1,0.7458,0,0.0,held-out test,Logistic Regression,False
17284,1,0.7455,1,3708.7,train,Logistic Regression,True
16531,1,0.7454,1,4200.9,train,Logistic Regression,True
14287,1,0.7444,1,515.2,train,Logistic Regression,True
12455,1,0.7444,1,4202.2,train,Logistic Regression,True
16191,1,0.7443,1,6388.3,held-out test,Logistic Regression,True
16128,1,0.7442,1,6689.2,train,Logistic Regression,True
17615,1,0.744,0,313.8,train,Logistic Regression,False
17162,1,0.7439,1,4925.6,train,Logistic Regression,True
14134,1,0.7436,0,0.0,train,Logistic Regression,False
17090,1,0.7435,1,2193.5,train,Logistic Regression,True
12997,1,0.7434,1,2516.8,train,Logistic Regression,True
14226,1,0.7433,1,2149.2,train,Logistic Regression,True
13873,1,0.7431,1,865.2,train,Logistic Regression,True
14623,1,0.7429,1,3483.7,train,Logistic Regression,True
17604,1,0.7428,0,0.0,train,Logistic Regression,False
14631,1,0.7428,1,1088.8,train,Logistic Regression,True
15245,1,0.7425,1,3997.0,train,Logistic Regression,True
15813,1,0.7424,0,0.0,train,Logistic Regression,False
13887,1,0.7422,0,0.0,train,Logistic Regression,False
13976,1,0.7417,0,0.0,train,Logistic Regression,False
15106,1,0.7414,1,3490.4,held-out test,Logistic Regression,True
13546,1,0.7414,1,2394.8,train,Logistic Regression,True
17754,1,0.7413,1,3201.7,train,Logistic Regression,True
17732,1,0.7409,0,0.0,train,Logistic Regression,False
16943,1,0.7409,0,0.0,held-out test,Logistic Regression,False
17115,1,0.7405,1,2352.6,held-out test,Logistic Regression,True
14421,1,0.7404,1,1121.8,train,Logistic Regression,True
16960,1,0.7402,1,1688.7,held-out test,Logistic Regression,True
16520,1,0.74,1,2324.9,held-out test,Logistic Regression,True
16279,1,0.7398,1,8009.8,train,Logistic Regression,True
17926,1,0.7394,1,1004.8,train,Logistic Regression,True
14404,1,0.7393,1,3775.5,train,Logistic Regression,True
14731,1,0.7392,1,708.4,held-out test,Logistic Regression,True
14639,1,0.7392,1,9568.1,train,Logistic Regression,True
16105,1,0.7392,0,0.0,held-out test,Logistic Regression,False
13655,1,0.7391,1,3005.8,held-out test,Logistic Regression,True
18173,1,0.739,1,384.0,train,Logistic Regression,True
14004,1,0.7387,1,16119.3,train,Logistic Regression,True
14583,1,0.7386,1,4638.2,train,Logistic Regression,True
17867,1,0.7386,1,1170.6,train,Logistic Regression,True
17188,1,0.7384,1,4189.7,train,Logistic Regression,True
15620,1,0.7382,1,3731.0,train,Logistic Regression,True
16116,1,0.7382,0,0.0,train,Logistic Regression,False
16065,1,0.7382,0,0.0,train,Logistic Regression,False
15611,1,0.7379,1,3120.7,train,Logistic Regression,True
14044,1,0.7378,1,2614.9,train,Logistic Regression,True
14407,1,0.7377,1,2065.0,train,Logistic Regression,True
15561,1,0.7374,1,1970.8,train,Logistic Regression,True
14502,1,0.737,1,7480.9,held-out test,Logistic Regression,True
16654,1,0.737,1,538.0,train,Logistic Regression,True
17293,1,0.7369,1,6249.8,train,Logistic Regression,True
16146,1,0.7368,0,0.0,train,Logistic Regression,False
18150,1,0.7368,1,1849.2,held-out test,Logistic Regression,True
12757,1,0.7365,1,14461.1,train,Logistic Regression,True
14522,1,0.7355,1,525.0,held-out test,Logistic Regression,True
13862,1,0.7353,1,7433.8,train,Logistic Regression,True
12838,1,0.7352,1,1541.8,train,Logistic Regression,True
17404,1,0.7351,1,967.7,train,Logistic Regression,True
15680,1,0.7349,1,4126.9,train,Logistic Regression,True
14256,1,0.7342,0,0.0,train,Logistic Regression,False
17932,1,0.734,1,4054.0,train,Logistic Regression,True
13649,1,0.7338,0,0.0,held-out test,Logistic Regression,False
12352,1,0.7337,1,4309.6,train,Logistic Regression,True
17114,1,0.7335,1,1953.2,train,Logistic Regression,True
17802,1,0.7334,1,5534.3,train,Logistic Regression,True
16463,1,0.7333,1,5809.3,train,Logistic Regression,True
18160,1,0.7327,1,1748.0,held-out test,Logistic Regression,True
15633,1,0.7327,0,0.0,held-out test,Logistic Regression,False
14191,1,0.7326,1,20748.5,train,Logistic Regression,True
18236,1,0.7324,1,3928.4,held-out test,Logistic Regression,True
13815,1,0.7324,1,12122.2,train,Logistic Regression,True
15687,1,0.7323,1,8429.9,train,Logistic Regression,True
12733,1,0.7317,0,0.0,held-out test,Logistic Regression,False
15532,1,0.7314,1,6632.8,train,Logistic Regression,True
16907,1,0.7311,1,1386.1,held-out test,Logistic Regression,True
17179,1,0.731,1,1229.3,held-out test,Logistic Regression,True
12948,1,0.7302,1,6468.0,train,Logistic Regression,True
13723,1,0.7289,0,0.0,train,Logistic Regression,False
15648,1,0.7287,0,0.0,train,Logistic Regression,False
15132,1,0.7285,1,2670.0,held-out test,Logistic Regression,True
13647,1,0.7285,1,5573.4,train,Logistic Regression,True
12592,1,0.7278,1,1125.6,train,Logistic Regression,True
14744,1,0.7276,1,943.6,train,Logistic Regression,True
15861,1,0.7268,1,12400.7,train,Logistic Regression,True
17368,1,0.7266,1,2046.4,train,Logistic Regression,True
13173,1,0.7265,1,1049.5,train,Logistic Regression,True
16431,1,0.7265,0,0.0,train,Logistic Regression,False
12582,1,0.7263,0,0.0,train,Logistic Regression,False
15065,1,0.7262,1,8439.4,train,Logistic Regression,True
14934,1,0.7261,1,4505.2,train,Logistic Regression,True
17463,1,0.726,1,5242.1,held-out test,Logistic Regression,True
13055,1,0.726,1,4773.1,train,Logistic Regression,True
13908,1,0.7257,1,6472.3,held-out test,Logistic Regression,True
16347,1,0.7254,1,4275.6,held-out test,Logistic Regression,True
14905,1,0.7254,1,849.4,train,Logistic Regression,True
14467,1,0.7252,1,2535.9,train,Logistic Regression,True
16714,1,0.7246,0,0.0,held-out test,Logistic Regression,False
12609,1,0.7244,1,4092.8,train,Logistic Regression,True
13184,1,0.7241,1,5031.5,train,Logistic Regression,True
14401,1,0.7236,1,12885.1,train,Logistic Regression,True
17886,1,0.7236,1,1262.4,held-out test,Logistic Regression,True
16986,1,0.7229,0,115.0,train,Logistic Regression,False
17083,1,0.7227,1,1413.6,train,Logistic Regression,True
13214,1,0.7225,0,0.0,train,Logistic Regression,False
15987,1,0.7225,1,2383.7,train,Logistic Regression,True
16202,1,0.7213,0,0.0,train,Logistic Regression,False
16858,1,0.721,0,0.0,train,Logistic Regression,False
14304,1,0.7208,0,0.0,train,Logistic Regression,False
15523,1,0.7205,1,531.3,train,Logistic Regression,True
12999,1,0.7204,0,0.0,held-out test,Logistic Regression,False
17409,1,0.7199,0,310.8,train,Logistic Regression,False
16235,1,0.7198,1,2639.1,train,Logistic Regression,True
18062,1,0.7197,1,746.0,train,Logistic Regression,True
17362,1,0.7195,0,0.0,train,Logistic Regression,False
15671,1,0.7193,1,1846.8,train,Logistic Regression,True
15599,1,0.7193,1,1727.6,train,Logistic Regression,True
12849,1,0.7192,1,596.8,train,Logistic Regression,True
14888,1,0.719,0,0.0,train,Logistic Regression,False
14696,1,0.7188,1,6328.8,train,Logistic Regression,True
12547,1,0.7187,0,0.0,train,Logistic Regression,False
17516,1,0.7184,1,1712.7,held-out test,Logistic Regression,True
16081,1,0.7183,1,11390.7,train,Logistic Regression,True
15265,1,0.7181,1,4015.0,train,Logistic Regression,True
15535,1,0.718,1,686.2,held-out test,Logistic Regression,True
17552,1,0.7179,1,3230.2,held-out test,Logistic Regression,True
15015,1,0.7177,0,0.0,train,Logistic Regression,False
17429,1,0.7176,1,1849.0,train,Logistic Regression,True
13982,1,0.7173,1,4083.2,held-out test,Logistic Regression,True
12826,1,0.7171,1,4270.0,train,Logistic Regression,True
12942,1,0.7169,1,1533.5,held-out test,Logistic Regression,True
13539,1,0.7166,1,1733.7,train,Logistic Regression,True
16303,1,0.7164,1,14900.5,held-out test,Logistic Regression,True
13611,1,0.7162,1,4336.0,train,Logistic Regression,True
17585,1,0.716,1,3252.5,train,Logistic Regression,True
15605,1,0.7159,1,2790.7,held-out test,Logistic Regression,True
14745,1,0.7156,1,5330.2,held-out test,Logistic Regression,True
17152,1,0.7153,0,0.0,train,Logistic Regression,False
15365,1,0.7151,1,9420.3,train,Logistic Regression,True
18171,1,0.715,1,3217.5,held-out test,Logistic Regression,True
15865,1,0.7142,1,2737.2,train,Logistic Regression,True
12886,1,0.7141,1,3294.1,train,Logistic Regression,True
13740,1,0.714,0,0.0,train,Logistic Regression,False
16121,1,0.7139,1,3133.3,train,Logistic Regression,True
15826,1,0.7136,1,3980.0,train,Logistic Regression,True
17829,1,0.7135,0,0.0,held-out test,Logistic Regression,False
13115,1,0.7134,1,11458.5,train,Logistic Regression,True
14662,1,0.7133,1,1293.1,train,Logistic Regression,True
15251,1,0.7133,1,424.8,held-out test,Logistic Regression,True
13731,1,0.7132,0,0.0,train,Logistic Regression,False
17742,1,0.7129,0,292.0,train,Logistic Regression,False
17849,1,0.7129,0,0.0,train,Logistic Regression,False
13239,1,0.7127,0,0.0,train,Logistic Regression,False
14496,1,0.7126,0,0.0,train,Logistic Regression,False
13510,1,0.7126,1,9915.7,train,Logistic Regression,True
12408,1,0.7124,1,4909.8,train,Logistic Regression,True
16249,1,0.7117,1,4288.8,train,Logistic Regression,True
15292,1,0.7116,0,0.0,train,Logistic Regression,False
12690,1,0.7113,0,0.0,train,Logistic Regression,False
17869,1,0.7109,1,643.7,train,Logistic Regression,True
17157,1,0.7107,1,1064.0,held-out test,Logistic Regression,True
17398,1,0.7099,1,444.6,train,Logistic Regression,True
14257,1,0.7095,1,6959.2,train,Logistic Regression,True
16625,1,0.7095,0,0.0,held-out test,Logistic Regression,False
15550,1,0.7093,1,2397.8,train,Logistic Regression,True
15965,1,0.7088,1,3267.7,held-out test,Logistic Regression,True
15722,1,0.7085,1,4379.9,held-out test,Logistic Regression,True
14114,1,0.7085,0,0.0,held-out test,Logistic Regression,False
17126,1,0.7083,1,2650.4,train,Logistic Regression,True
13280,1,0.708,1,630.0,train,Logistic Regression,True
13784,1,0.7075,1,428.4,train,Logistic Regression,True
12820,1,0.7074,1,4223.6,held-out test,Logistic Regression,True
16560,1,0.7073,1,2814.5,train,Logistic Regression,True
12778,1,0.7072,1,1965.4,held-out test,Logistic Regression,True
13365,1,0.7069,1,7973.9,held-out test,Logistic Regression,True
17764,1,0.7064,1,2477.3,held-out test,Logistic Regression,True
17672,1,0.7063,1,6401.4,train,Logistic Regression,True
13693,1,0.7058,0,0.0,train,Logistic Regression,False
15607,1,0.7052,0,0.0,train,Logistic Regression,False
17158,1,0.7044,1,2889.9,train,Logistic Regression,True
14499,1,0.7043,1,3734.6,train,Logistic Regression,True
15855,1,0.7042,1,2017.8,train,Logistic Regression,True
15117,1,0.7039,1,5922.5,train,Logistic Regression,True
14198,1,0.7032,1,2832.1,train,Logistic Regression,True
14264,1,0.7032,1,1195.9,train,Logistic Regression,True
16950,1,0.7029,1,2663.0,train,Logistic Regression,True
13242,1,0.7019,1,920.0,train,Logistic Regression,True
12484,1,0.7018,1,15428.7,train,Logistic Regression,True
14684,1,0.7015,1,3522.4,train,Logistic Regression,True
14188,1,0.7015,1,5551.5,held-out test,Logistic Regression,True
17705,1,0.7009,1,7030.0,held-out test,Logistic Regression,True
14699,1,0.7002,0,0.0,train,Logistic Regression,False
16350,1,0.7,1,4036.3,train,Logistic Regression,True
14655,1,0.6999,1,3403.8,held-out test,Logistic Regression,True
12464,1,0.6999,1,790.7,train,Logistic Regression,True
13031,1,0.6997,0,0.0,train,Logistic Regression,False
13334,1,0.6992,1,9391.4,train,Logistic Regression,True
17165,1,0.6992,0,0.0,held-out test,Logistic Regression,False
14215,1,0.6992,1,4738.5,train,Logistic Regression,True
12372,1,0.6989,1,1133.6,train,Logistic Regression,True
15426,1,0.6988,1,3965.7,train,Logistic Regression,True
14129,1,0.6988,1,3957.0,train,Logistic Regression,True
15912,1,0.6987,1,683.2,train,Logistic Regression,True
17990,1,0.6985,0,0.0,train,Logistic Regression,False
14035,1,0.6985,1,2724.3,held-out test,Logistic Regression,True
13554,1,0.6982,0,0.0,held-out test,Logistic Regression,False
17402,1,0.6981,1,1506.3,train,Logistic Regression,True
17082,1,0.6975,1,6199.1,held-out test,Logistic Regression,True
16612,1,0.6971,1,4704.6,train,Logistic Regression,True
12573,1,0.6967,0,0.0,train,Logistic Regression,False
17048,1,0.6966,1,564.9,train,Logistic Regression,True
13134,1,0.6966,1,6681.9,train,Logistic Regression,True
12585,1,0.696,0,0.0,train,Logistic Regression,False
17609,1,0.6959,1,3147.1,train,Logistic Regression,True
17970,1,0.6958,0,0.0,train,Logistic Regression,False
15116,1,0.6958,1,2770.7,held-out test,Logistic Regression,True
13032,1,0.6958,1,5269.5,train,Logistic Regression,True
14482,1,0.6958,1,5234.0,train,Logistic Regression,True
14512,1,0.6957,1,816.5,train,Logistic Regression,True
15433,1,0.6954,0,0.0,train,Logistic Regression,False
12811,1,0.6953,0,0.0,train,Logistic Regression,False
13240,1,0.6953,1,1212.0,held-out test,Logistic Regression,True
12377,1,0.6949,0,0.0,train,Logistic Regression,False
12695,1,0.6946,1,1778.9,held-out test,Logistic Regression,True
13657,1,0.6945,1,357.3,train,Logistic Regression,True
16681,1,0.6945,1,1436.5,train,Logistic Regression,True
14201,1,0.6945,1,1734.6,train,Logistic Regression,True
14620,1,0.6942,0,0.0,held-out test,Logistic Regression,False
15222,1,0.694,0,0.0,train,Logistic Regression,False
13601,1,0.694,1,1757.2,train,Logistic Regression,True
13652,1,0.694,1,2499.2,train,Logistic Regression,True
16099,1,0.6938,1,2283.6,train,Logistic Regression,True
12362,1,0.6936,1,20386.9,held-out test,Logistic Regression,True
14472,1,0.6931,1,3283.6,train,Logistic Regression,True
16619,1,0.6929,0,0.0,train,Logistic Regression,False
16214,1,0.6929,1,1170.0,train,Logistic Regression,True
12986,1,0.6926,0,0.0,held-out test,Logistic Regression,False
16400,1,0.6923,1,1666.9,train,Logistic Regression,True
16040,1,0.6922,1,4366.5,train,Logistic Regression,True
17374,1,0.6918,0,0.0,train,Logistic Regression,False
14163,1,0.6917,1,892.8,train,Logistic Regression,True
15332,1,0.6914,0,0.0,train,Logistic Regression,False
13196,1,0.6914,1,6834.4,train,Logistic Regression,True
17176,1,0.6907,0,0.0,held-out test,Logistic Regression,False
13972,1,0.6903,0,229.0,held-out test,Logistic Regression,False
17796,1,0.6902,1,414.0,train,Logistic Regression,True
15734,1,0.6902,1,1493.3,train,Logistic Regression,True
14450,1,0.6901,1,1171.1,train,Logistic Regression,True
13107,1,0.6901,1,3191.7,train,Logistic Regression,True
13819,1,0.69,0,0.0,train,Logistic Regression,False
12510,1,0.6898,0,301.6,train,Logistic Regression,False
14006,1,0.6897,1,846.0,held-out test,Logistic Regression,True
15145,1,0.6893,1,2327.4,train,Logistic Regression,True
15092,1,0.6889,0,0.0,held-out test,Logistic Regression,False
12878,1,0.6887,0,0.0,train,Logistic Regression,False
15452,1,0.6886,1,1591.0,train,Logistic Regression,True
15990,1,0.6886,1,1859.7,held-out test,Logistic Regression,True
14206,1,0.6884,0,0.0,train,Logistic Regression,False
15764,1,0.6878,1,10858.5,train,Logistic Regression,True
16763,1,0.6874,0,0.0,train,Logistic Regression,False
15681,1,0.6866,1,3473.0,train,Logistic Regression,True
16566,1,0.6862,1,880.6,train,Logistic Regression,True
14000,1,0.6862,0,0.0,train,Logistic Regression,False
16620,1,0.6854,1,460.0,train,Logistic Regression,True
12947,1,0.6843,1,2466.0,train,Logistic Regression,True
14700,1,0.6842,1,4684.3,train,Logistic Regression,True
14871,1,0.684,1,1494.2,train,Logistic Regression,True
15983,1,0.6839,1,1507.3,train,Logistic Regression,True
17664,1,0.6838,1,1515.4,held-out test,Logistic Regression,True
17277,1,0.6832,0,0.0,held-out test,Logistic Regression,False
14113,1,0.6828,1,2594.3,train,Logistic Regression,True
17109,1,0.6828,1,2270.7,train,Logistic Regression,True
14963,1,0.6826,1,6327.2,held-out test,Logistic Regression,True
13085,1,0.6825,1,759.8,train,Logistic Regression,True
15980,1,0.6822,1,756.0,train,Logistic Regression,True
13799,1,0.682,1,1895.8,train,Logistic Regression,True
17588,1,0.682,1,981.8,train,Logistic Regression,True
13846,1,0.6818,1,1102.2,train,Logistic Regression,True
14730,1,0.6817,1,7513.7,train,Logistic Regression,True
15624,1,0.6814,1,1501.9,train,Logistic Regression,True
15422,1,0.6813,0,0.0,train,Logistic Regression,False
15255,1,0.6813,1,3650.5,train,Logistic Regression,True
12354,1,0.6809,0,0.0,train,Logistic Regression,False
15724,1,0.6809,0,0.0,train,Logistic Regression,False
16833,1,0.6807,1,1307.2,train,Logistic Regression,True
16947,1,0.6805,0,0.0,train,Logistic Regression,False
15228,1,0.6803,1,10329.4,train,Logistic Regression,True
14824,1,0.68,1,2625.8,train,Logistic Regression,True
15134,1,0.6798,1,5202.0,train,Logistic Regression,True
18071,1,0.6797,0,0.0,train,Logistic Regression,False
16813,1,0.6797,1,7688.8,held-out test,Logistic Regression,True
13592,1,0.6795,0,232.0,held-out test,Logistic Regression,False
17522,1,0.6794,1,3707.9,train,Logistic Regression,True
18218,1,0.6794,0,0.0,held-out test,Logistic Regression,False
12674,1,0.6792,1,6542.6,held-out test,Logistic Regression,True
13538,1,0.6791,1,976.7,train,Logistic Regression,True
16859,1,0.679,1,2404.4,held-out test,Logistic Regression,True
15376,1,0.6788,1,3183.2,train,Logistic Regression,True
16190,1,0.6787,1,689.0,train,Logistic Regression,True
16788,1,0.6787,1,1643.7,train,Logistic Regression,True
13227,1,0.6786,0,0.0,held-out test,Logistic Regression,False
16271,1,0.678,1,6273.3,train,Logistic Regression,True
18073,1,0.678,1,5552.6,train,Logistic Regression,True
17582,1,0.6779,0,0.0,train,Logistic Regression,False
15789,1,0.6778,0,0.0,train,Logistic Regression,False
13709,1,0.6775,1,26865.3,train,Logistic Regression,True
13642,1,0.6769,0,0.0,train,Logistic Regression,False
14498,1,0.6766,1,7545.3,train,Logistic Regression,True
13851,1,0.6765,1,6328.1,train,Logistic Regression,True
12388,1,0.6762,1,6352.0,train,Logistic Regression,True
14577,1,0.676,1,2150.3,train,Logistic Regression,True
15885,1,0.6759,1,1715.2,held-out test,Logistic Regression,True
13748,1,0.6757,1,1455.0,train,Logistic Regression,True
16768,1,0.6755,1,1013.0,train,Logistic Regression,True
15107,1,0.6752,0,0.0,train,Logistic Regression,False
17722,1,0.6748,1,3730.8,train,Logistic Regression,True
15996,1,0.6747,1,2228.8,train,Logistic Regression,True
14628,1,0.6745,1,1141.4,train,Logistic Regression,True
17465,1,0.6744,0,0.0,train,Logistic Regression,False
16812,1,0.6742,0,0.0,held-out test,Logistic Regression,False
17624,1,0.6737,1,2424.8,train,Logistic Regression,True
17980,1,0.6737,1,415.0,train,Logistic Regression,True
16104,1,0.6736,1,1361.2,train,Logistic Regression,True
14985,1,0.6732,0,0.0,train,Logistic Regression,False
17854,1,0.6729,0,45.0,train,Logistic Regression,False
13989,1,0.6728,1,1438.3,held-out test,Logistic Regression,True
16806,1,0.6727,1,2014.6,held-out test,Logistic Regression,True
13979,1,0.6725,1,4799.6,train,Logistic Regression,True
15199,1,0.6723,0,0.0,train,Logistic Regression,False
17501,1,0.6721,0,0.0,train,Logistic Regression,False
16642,1,0.6718,1,1555.6,train,Logistic Regression,True
14229,1,0.6717,1,691.9,train,Logistic Regression,True
13258,1,0.6716,1,1592.8,train,Logistic Regression,True
16365,1,0.6715,1,1541.2,train,Logistic Regression,True
17548,1,0.6707,0,0.0,held-out test,Logistic Regression,False
12728,1,0.6706,1,1198.6,held-out test,Logistic Regression,True
13717,1,0.6705,1,4722.0,held-out test,Logistic Regression,True
13863,1,0.6704,0,0.0,train,Logistic Regression,False
14025,1,0.6702,0,0.0,train,Logistic Regression,False
15329,1,0.6702,1,5351.6,train,Logistic Regression,True
16172,1,0.6699,1,4485.2,train,Logistic Regression,True
16374,1,0.6698,1,1710.2,held-out test,Logistic Regression,True
17930,1,0.6697,1,2454.6,train,Logistic Regression,True
12578,1,0.6695,1,4155.8,train,Logistic Regression,True
17905,1,0.6695,0,254.0,held-out test,Logistic Regression,False
14970,1,0.6689,1,1039.8,train,Logistic Regression,True
13821,1,0.6689,1,633.9,train,Logistic Regression,True
17095,1,0.6689,1,3162.1,train,Logistic Regression,True
14352,1,0.6686,1,1281.2,train,Logistic Regression,True
12974,1,0.6684,0,0.0,train,Logistic Regression,False
13487,1,0.6682,1,916.8,train,Logistic Regression,True
16832,1,0.668,0,0.0,train,Logistic Regression,False
13152,1,0.6678,0,0.0,train,Logistic Regression,False
13462,1,0.6677,0,0.0,train,Logistic Regression,False
17897,1,0.6674,1,719.1,train,Logistic Regression,True
12414,1,0.6672,0,0.0,train,Logistic Regression,False
14883,1,0.6671,1,2443.5,held-out test,Logistic Regression,True
14693,1,0.667,0,0.0,train,Logistic Regression,False
18183,1,0.6668,0,0.0,train,Logistic Regression,False
17351,1,0.6667,1,1768.1,train,Logistic Regression,True
15210,1,0.6666,0,0.0,train,Logistic Regression,False
13506,1,0.6661,0,0.0,train,Logistic Regression,False
16628,1,0.6658,1,7502.1,train,Logistic Regression,True
14231,1,0.6655,1,1252.4,train,Logistic Regression,True
17594,1,0.6651,1,3730.2,train,Logistic Regression,True
16647,1,0.6651,1,470.4,train,Logistic Regression,True
13497,1,0.6648,0,0.0,train,Logistic Regression,False
14912,1,0.6645,1,1150.8,held-out test,Logistic Regression,True
14440,1,0.664,1,2336.8,train,Logistic Regression,True
17787,1,0.664,1,815.5,held-out test,Logistic Regression,True
14346,1,0.6639,1,3731.3,held-out test,Logistic Regression,True
14167,1,0.6637,1,1676.8,train,Logistic Regression,True
13329,1,0.6637,1,561.6,train,Logistic Regression,True
16224,1,0.6632,1,4135.2,train,Logistic Regression,True
13648,1,0.6632,0,0.0,train,Logistic Regression,False
16389,1,0.6628,1,1539.1,train,Logistic Regression,True
14399,1,0.6628,0,0.0,train,Logistic Regression,False
14504,1,0.6627,1,717.6,train,Logistic Regression,True
14672,1,0.6626,0,0.0,train,Logistic Regression,False
13946,1,0.6624,0,60.0,train,Logistic Regression,False
17572,1,0.6623,1,408.0,train,Logistic Regression,True
18235,1,0.6622,1,6825.8,train,Logistic Regression,True
16203,1,0.662,1,1508.2,train,Logistic Regression,True
14555,1,0.6616,1,690.5,train,Logistic Regression,True
14850,1,0.6616,0,0.0,train,Logistic Regression,False
13368,1,0.6615,0,0.0,train,Logistic Regression,False
16448,1,0.6608,0,0.0,train,Logistic Regression,False
15549,1,0.6605,1,2901.7,train,Logistic Regression,True
17966,1,0.6605,1,2588.1,train,Logistic Regression,True
14293,1,0.6605,1,2996.9,train,Logistic Regression,True
15013,1,0.6601,0,0.0,train,Logistic Regression,False
15026,1,0.6594,1,1311.4,train,Logistic Regression,True
14493,1,0.6586,1,11650.5,train,Logistic Regression,True
17438,1,0.6585,0,0.0,train,Logistic Regression,False
16177,1,0.6578,1,1826.4,train,Logistic Regression,True
14710,1,0.6576,1,3291.7,train,Logistic Regression,True
14657,1,0.6571,1,1785.7,held-out test,Logistic Regression,True
17032,1,0.657,0,0.0,train,Logistic Regression,False
15800,1,0.657,1,2474.8,train,Logistic Regression,True
15751,1,0.6568,0,0.0,train,Logistic Regression,False
13835,1,0.6567,1,2769.6,held-out test,Logistic Regression,True
17631,1,0.6567,1,1227.3,train,Logistic Regression,True
12913,1,0.6567,1,3457.4,train,Logistic Regression,True
13308,1,0.6565,1,2695.2,held-out test,Logistic Regression,True
16003,1,0.6562,1,6548.2,held-out test,Logistic Regression,True
17714,1,0.6561,0,0.0,train,Logistic Regression,False
16188,1,0.656,1,2283.3,train,Logistic Regression,True
16032,1,0.6559,0,0.0,train,Logistic Regression,False
15580,1,0.6558,0,0.0,held-out test,Logistic Regression,False
17227,1,0.6558,1,1227.8,train,Logistic Regression,True
16197,1,0.6557,0,0.0,held-out test,Logistic Regression,False
17062,1,0.6556,0,0.0,train,Logistic Regression,False
18078,1,0.6555,0,0.0,train,Logistic Regression,False
13382,1,0.6548,0,0.0,train,Logistic Regression,False
15067,1,0.6547,1,3950.2,held-out test,Logistic Regression,True
16139,1,0.6546,1,2442.3,train,Logistic Regression,True
13397,1,0.6543,1,1652.1,train,Logistic Regression,True
16777,1,0.6541,0,269.4,train,Logistic Regression,False
17214,1,0.6541,1,1987.3,train,Logistic Regression,True
12963,1,0.654,1,7639.6,train,Logistic Regression,True
16037,1,0.6536,0,0.0,train,Logistic Regression,False
16980,1,0.6535,0,0.0,train,Logistic Regression,False
14481,1,0.6534,1,1824.5,train,Logistic Regression,True
16718,1,0.6531,0,0.0,train,Logistic Regression,False
17348,1,0.6531,1,5513.8,train,Logistic Regression,True
12348,1,0.653,0,220.0,held-out test,Logistic Regression,False
16742,1,0.6528,0,0.0,held-out test,Logistic Regression,False
12615,1,0.6527,1,9740.4,train,Logistic Regression,True
15646,1,0.6521,1,589.9,train,Logistic Regression,True
13990,1,0.6519,0,0.0,held-out test,Logistic Regression,False
17526,1,0.6515,1,552.4,held-out test,Logistic Regression,True
14506,1,0.6515,1,7482.8,train,Logistic Regression,True
16335,1,0.6506,0,0.0,train,Logistic Regression,False
13501,1,0.6505,0,0.0,held-out test,Logistic Regression,False
17455,1,0.6501,0,0.0,train,Logistic Regression,False
14861,1,0.6494,1,684.0,train,Logistic Regression,True
14177,1,0.6491,1,1591.9,held-out test,Logistic Regression,True
12753,1,0.6491,1,1690.0,train,Logistic Regression,True
15142,1,0.6489,1,2167.1,train,Logistic Regression,True
13151,1,0.6489,0,0.0,train,Logistic Regression,False
15623,1,0.6487,1,1657.2,train,Logistic Regression,True
15173,1,0.6486,0,0.0,train,Logistic Regression,False
14855,1,0.6485,1,1709.0,train,Logistic Regression,True
12394,1,0.6484,0,216.0,train,Logistic Regression,False
13838,1,0.6484,1,2448.8,held-out test,Logistic Regression,True
14149,1,0.6482,0,0.0,train,Logistic Regression,False
14492,1,0.6475,0,0.0,train,Logistic Regression,False
12933,1,0.6473,1,2695.3,train,Logistic Regression,True
17166,1,0.6471,0,123.0,train,Logistic Regression,False
17652,1,0.6468,1,21626.4,train,Logistic Regression,True
14276,1,0.6468,1,4275.4,train,Logistic Regression,True
14897,1,0.6462,1,5287.3,train,Logistic Regression,True
13984,1,0.6462,1,596.0,train,Logistic Regression,True
16510,1,0.6458,0,0.0,train,Logistic Regression,False
12970,1,0.6455,1,2107.7,train,Logistic Regression,True
18221,1,0.6452,1,4412.9,train,Logistic Regression,True
18043,1,0.6452,1,591.6,train,Logistic Regression,True
17142,1,0.6446,0,0.0,train,Logistic Regression,False
13122,1,0.6445,0,96.0,train,Logistic Regression,False
18179,1,0.6444,1,3455.2,held-out test,Logistic Regression,True
18188,1,0.6437,1,5461.4,train,Logistic Regression,True
12457,1,0.6435,1,4082.3,train,Logistic Regression,True
15483,1,0.6427,1,626.0,train,Logistic Regression,True
17765,1,0.6425,1,606.2,train,Logistic Regression,True
14857,1,0.6423,1,6430.6,train,Logistic Regression,True
17734,1,0.6419,1,3220.1,held-out test,Logistic Regression,True
15167,1,0.6416,0,0.0,train,Logistic Regression,False
14364,1,0.6414,1,4784.3,held-out test,Logistic Regression,True
13499,1,0.6411,1,1929.6,held-out test,Logistic Regression,True
12402,1,0.641,0,0.0,train,Logistic Regression,False
13636,1,0.6409,1,2222.2,train,Logistic Regression,True
15051,1,0.6404,1,6625.4,train,Logistic Regression,True
16546,1,0.6404,0,0.0,train,Logistic Regression,False
15325,1,0.6403,1,902.1,train,Logistic Regression,True
13464,1,0.6402,1,3709.9,held-out test,Logistic Regression,True
17033,1,0.6399,1,930.8,train,Logistic Regression,True
14870,1,0.6396,0,0.0,train,Logistic Regression,False
12468,1,0.6392,1,2399.6,train,Logistic Regression,True
15128,1,0.6391,1,5137.1,train,Logistic Regression,True
15366,1,0.6383,1,2791.5,train,Logistic Regression,True
18106,1,0.6382,0,0.0,held-out test,Logistic Regression,False
14873,1,0.6381,0,0.0,train,Logistic Regression,False
12353,1,0.638,0,0.0,held-out test,Logistic Regression,False
18087,1,0.6367,0,0.0,held-out test,Logistic Regression,False
14723,1,0.6365,1,3663.7,train,Logistic Regression,True
15907,1,0.6361,1,3622.9,train,Logistic Regression,True
15326,1,0.6359,0,0.0,train,Logistic Regression,False
12802,1,0.6358,1,2356.0,train,Logistic Regression,True
18151,1,0.6355,1,1869.4,held-out test,Logistic Regression,True
15630,1,0.6352,1,3741.8,train,Logistic Regression,True
17311,1,0.6349,1,2990.8,train,Logistic Regression,True
14697,1,0.6345,0,0.0,train,Logistic Regression,False
15187,1,0.6343,1,5895.1,train,Logistic Regression,True
15717,1,0.6343,0,0.0,held-out test,Logistic Regression,False
15891,1,0.6343,0,0.0,train,Logistic Regression,False
13138,1,0.634,1,3151.6,train,Logistic Regression,True
17639,1,0.6338,0,0.0,train,Logistic Regression,False
13425,1,0.6336,1,4322.9,train,Logistic Regression,True
14479,1,0.6336,0,0.0,train,Logistic Regression,False
12631,1,0.6335,1,2637.0,held-out test,Logistic Regression,True
16511,1,0.6335,1,2963.3,train,Logistic Regression,True
14829,1,0.6328,1,1713.8,train,Logistic Regression,True
16076,1,0.6328,1,9580.3,train,Logistic Regression,True
15333,1,0.6324,0,0.0,train,Logistic Regression,False
16416,1,0.6321,1,4773.4,train,Logistic Regression,True
12978,1,0.632,0,0.0,train,Logistic Regression,False
17324,1,0.6319,1,1585.5,train,Logistic Regression,True
16348,1,0.6317,1,5124.6,train,Logistic Regression,True
12639,1,0.6315,0,0.0,train,Logistic Regression,False
13764,1,0.6313,1,5596.4,held-out test,Logistic Regression,True
16442,1,0.6312,1,972.4,train,Logistic Regression,True
16766,1,0.6311,0,0.0,train,Logistic Regression,False
13753,1,0.631,0,0.0,train,Logistic Regression,False
14176,1,0.6307,0,0.0,train,Logistic Regression,False
14653,1,0.6307,1,7791.1,train,Logistic Regression,True
12407,1,0.6307,1,4379.6,train,Logistic Regression,True
14288,1,0.6306,0,0.0,train,Logistic Regression,False
12413,1,0.6302,1,1059.0,held-out test,Logistic Regression,True
14396,1,0.63,1,2075.2,train,Logistic Regression,True
13804,1,0.6297,1,8979.1,train,Logistic Regression,True
13476,1,0.6295,1,2799.0,held-out test,Logistic Regression,True
14676,1,0.6295,1,1296.0,train,Logistic Regression,True
13823,1,0.6293,1,3304.2,train,Logistic Regression,True
15644,1,0.6292,1,2084.3,held-out test,Logistic Regression,True
16398,1,0.629,1,2203.7,held-out test,Logistic Regression,True
14853,1,0.6289,1,472.4,train,Logistic Regression,True
13544,1,0.6287,1,897.9,train,Logistic Regression,True
15889,1,0.6284,1,813.8,train,Logistic Regression,True
13265,1,0.6283,1,4271.8,train,Logistic Regression,True
13384,1,0.6282,1,16399.9,train,Logistic Regression,True
18037,1,0.6282,0,50.8,train,Logistic Regression,False
17135,1,0.6281,1,2541.3,train,Logistic Regression,True
17623,1,0.6279,1,2616.6,train,Logistic Regression,True
16418,1,0.6278,1,2667.3,train,Logistic Regression,True
15756,1,0.6276,1,1557.0,train,Logistic Regression,True
15705,1,0.6274,0,0.0,train,Logistic Regression,False
13786,1,0.6274,0,0.0,held-out test,Logistic Regression,False
13456,1,0.6273,1,4703.2,train,Logistic Regression,True
16036,1,0.6267,1,3119.9,train,Logistic Regression,True
16096,1,0.6264,0,0.0,train,Logistic Regression,False
15579,1,0.6262,1,727.4,train,Logistic Regression,True
13803,1,0.6261,0,0.0,held-out test,Logistic Regression,False
17302,1,0.6261,1,3314.1,train,Logistic Regression,True
13743,1,0.6259,1,3914.4,train,Logistic Regression,True
17432,1,0.6258,1,2004.6,train,Logistic Regression,True
15258,1,0.6256,1,1690.3,train,Logistic Regression,True
14075,1,0.6253,1,3026.8,held-out test,Logistic Regression,True
13874,1,0.6252,0,0.0,train,Logistic Regression,False
14959,1,0.624,1,1501.8,train,Logistic Regression,True
16769,1,0.6239,0,0.0,train,Logistic Regression,False
18048,1,0.6234,0,0.0,train,Logistic Regression,False
12975,1,0.6232,0,0.0,train,Logistic Regression,False
14754,1,0.6232,1,2269.1,train,Logistic Regression,True
16690,1,0.623,1,481.6,train,Logistic Regression,True
13643,1,0.6227,1,2858.1,train,Logistic Regression,True
16966,1,0.6226,0,137.9,held-out test,Logistic Regression,False
16110,1,0.6221,1,3514.4,train,Logistic Regression,True
13005,1,0.622,1,642.6,train,Logistic Regression,True
13959,1,0.6217,1,1402.6,train,Logistic Regression,True
15551,1,0.6212,1,2391.9,train,Logistic Regression,True
12380,1,0.6212,1,9692.5,train,Logistic Regression,True
13259,1,0.6211,1,1555.7,held-out test,Logistic Regression,True
14859,1,0.6211,1,5216.6,train,Logistic Regression,True
14443,1,0.6206,1,4476.5,train,Logistic Regression,True
15351,1,0.6204,1,8307.6,train,Logistic Regression,True
14759,1,0.6203,1,5782.6,train,Logistic Regression,True
14326,1,0.6202,0,0.0,train,Logistic Regression,False
17088,1,0.6196,1,5346.3,train,Logistic Regression,True
14665,1,0.6192,1,6070.0,held-out test,Logistic Regression,True
16650,1,0.6191,1,2066.2,held-out test,Logistic Regression,True
13720,1,0.6187,1,1589.7,train,Logistic Regression,True
16124,1,0.6185,0,0.0,train,Logistic Regression,False
16623,1,0.6183,0,0.0,held-out test,Logistic Regression,False
16891,1,0.6182,1,2873.7,held-out test,Logistic Regression,True
13440,1,0.6176,0,0.0,train,Logistic Regression,False
13492,1,0.6175,1,3726.8,held-out test,Logistic Regression,True
13427,1,0.6175,1,1764.1,held-out test,Logistic Regression,True
15141,1,0.6172,0,0.0,train,Logistic Regression,False
18161,1,0.6171,1,5515.7,held-out test,Logistic Regression,True
16134,1,0.617,1,1831.9,held-out test,Logistic Regression,True
15057,1,0.6169,0,0.0,held-out test,Logistic Regression,False
17800,1,0.6166,1,4220.2,held-out test,Logistic Regression,True
14353,1,0.6166,0,0.0,train,Logistic Regression,False
17235,1,0.616,1,764.4,train,Logistic Regression,True
13431,1,0.616,1,4081.2,held-out test,Logistic Regression,True
13939,1,0.6159,1,2079.0,held-out test,Logistic Regression,True
15339,1,0.6158,1,1718.1,train,Logistic Regression,True
15747,1,0.6158,1,4055.9,train,Logistic Regression,True
15695,1,0.6157,0,0.0,train,Logistic Regression,False
12724,1,0.6157,1,4258.1,held-out test,Logistic Regression,True
14247,1,0.615,0,0.0,train,Logistic Regression,False
14267,1,0.6149,1,2729.0,train,Logistic Regression,True
15795,1,0.6147,1,3387.6,train,Logistic Regression,True
16493,1,0.6146,1,4849.1,train,Logistic Regression,True
13630,1,0.6142,1,1852.0,train,Logistic Regression,True
17489,1,0.6138,1,920.8,train,Logistic Regression,True
13221,1,0.6136,0,0.0,train,Logistic Regression,False
13439,1,0.6135,0,0.0,train,Logistic Regression,False
15223,1,0.6135,0,0.0,train,Logistic Regression,False
14350,1,0.6131,0,0.0,train,Logistic Regression,False
13760,1,0.6131,1,838.8,train,Logistic Regression,True
12669,1,0.6131,1,2187.6,train,Logistic Regression,True
15279,1,0.6129,0,0.0,train,Logistic Regression,False
16394,1,0.6129,1,4382.4,train,Logistic Regression,True
17651,1,0.6128,1,20677.3,held-out test,Logistic Regression,True
17043,1,0.6128,1,7291.3,train,Logistic Regression,True
15485,1,0.6125,1,3266.5,train,Logistic Regression,True
15777,1,0.6125,0,0.0,held-out test,Logistic Regression,False
16979,1,0.6117,1,6401.4,train,Logistic Regression,True
14647,1,0.6116,0,0.0,train,Logistic Regression,False
13455,1,0.6114,1,1718.4,train,Logistic Regression,True
16233,1,0.6113,1,1155.6,train,Logistic Regression,True
16551,1,0.6112,1,1726.8,train,Logistic Regression,True
15392,1,0.6107,1,5295.0,held-out test,Logistic Regression,True
15073,1,0.6101,1,4479.0,train,Logistic Regression,True
14901,1,0.61,1,3801.3,train,Logistic Regression,True
13478,1,0.6099,0,0.0,train,Logistic Regression,False
15817,1,0.6098,0,0.0,train,Logistic Regression,False
13330,1,0.6097,1,3833.6,held-out test,Logistic Regression,True
16631,1,0.6097,0,0.0,train,Logistic Regression,False
14068,1,0.6093,0,0.0,train,Logistic Regression,False
16797,1,0.6092,0,0.0,train,Logistic Regression,False
17150,1,0.6092,0,0.0,train,Logistic Regression,False
15590,1,0.6092,0,0.0,train,Logistic Regression,False
14273,1,0.6089,1,1881.7,held-out test,Logistic Regression,True
17676,1,0.6086,1,5270.6,held-out test,Logistic Regression,True
13637,1,0.6083,1,2120.6,train,Logistic Regression,True
12932,1,0.6081,0,0.0,held-out test,Logistic Regression,False
15246,1,0.6077,0,0.0,train,Logistic Regression,False
16949,1,0.6075,1,2659.1,held-out test,Logistic Regression,True
12589,1,0.6075,1,2978.6,train,Logistic Regression,True
13951,1,0.6075,1,862.0,train,Logistic Regression,True
14022,1,0.6062,0,0.0,held-out test,Logistic Regression,False
16384,1,0.6059,1,959.6,train,Logistic Regression,True
14673,1,0.6057,1,5583.8,train,Logistic Regression,True
14621,1,0.6056,1,7508.8,train,Logistic Regression,True
13299,1,0.6053,0,0.0,train,Logistic Regression,False
15589,1,0.6049,0,0.0,train,Logistic Regression,False
16732,1,0.6049,1,2669.6,held-out test,Logistic Regression,True
17113,1,0.6047,0,0.0,train,Logistic Regression,False
14130,1,0.6045,0,0.0,train,Logistic Regression,False
17381,1,0.6041,0,230.0,train,Logistic Regression,False
15476,1,0.6039,0,0.0,train,Logistic Regression,False
16042,1,0.6039,1,6350.2,train,Logistic Regression,True
15582,1,0.6034,1,2072.0,train,Logistic Regression,True
17955,1,0.6033,0,0.0,held-out test,Logistic Regression,False
16611,1,0.6031,1,713.9,train,Logistic Regression,True
18025,1,0.6031,0,0.0,train,Logistic Regression,False
14431,1,0.603,0,0.0,train,Logistic Regression,False
13474,1,0.6029,0,0.0,train,Logistic Regression,False
17726,1,0.6029,0,0.0,train,Logistic Regression,False
17145,1,0.6028,0,0.0,train,Logistic Regression,False
16835,1,0.601,1,547.8,train,Logistic Regression,True
15574,1,0.6007,1,613.4,train,Logistic Regression,True
12577,1,0.6006,1,2364.7,train,Logistic Regression,True
14327,1,0.5997,1,1029.8,train,Logistic Regression,True
12435,1,0.5995,0,0.0,train,Logistic Regression,False
17851,1,0.5995,0,0.0,train,Logistic Regression,False
17343,1,0.5994,0,0.0,held-out test,Logistic Regression,False
17027,1,0.5992,1,2430.6,held-out test,Logistic Regression,True
14409,1,0.5987,1,3663.9,train,Logistic Regression,True
16643,1,0.5987,0,0.0,held-out test,Logistic Regression,False
16471,1,0.5984,0,0.0,train,Logistic Regression,False
15032,1,0.5982,0,0.0,train,Logistic Regression,False
15911,1,0.5977,0,0.0,train,Logistic Regression,False
17746,1,0.5976,0,0.0,train,Logistic Regression,False
16159,1,0.5975,0,0.0,held-out test,Logistic Regression,False
13202,1,0.5974,0,0.0,train,Logistic Regression,False
14869,1,0.5973,1,3962.0,train,Logistic Regression,True
15482,1,0.5968,1,2813.9,held-out test,Logistic Regression,True
12605,1,0.5968,0,0.0,train,Logistic Regression,False
16926,1,0.5967,0,0.0,train,Logistic Regression,False
12355,1,0.5966,0,0.0,train,Logistic Regression,False
16948,1,0.5957,1,598.0,held-out test,Logistic Regression,True
12866,1,0.5957,0,0.0,train,Logistic Regression,False
14607,1,0.5953,0,246.0,train,Logistic Regression,False
14918,1,0.5945,1,3906.2,train,Logistic Regression,True
14634,1,0.5945,0,0.0,train,Logistic Regression,False
16634,1,0.5944,0,0.0,train,Logistic Regression,False
17492,1,0.5936,0,0.0,held-out test,Logistic Regression,False
14220,1,0.5935,0,0.0,train,Logistic Regression,False
15656,1,0.5933,1,2424.9,train,Logistic Regression,True
15832,1,0.5929,0,0.0,train,Logistic Regression,False
16147,1,0.5929,1,2069.8,train,Logistic Regression,True
15852,1,0.592,0,0.0,train,Logistic Regression,False
14916,1,0.5918,1,5054.2,held-out test,Logistic Regression,True
15436,1,0.5918,1,3202.4,train,Logistic Regression,True
14644,1,0.5917,1,1422.2,held-out test,Logistic Regression,True
17289,1,0.5914,1,3613.7,train,Logistic Regression,True
12458,1,0.5907,1,2010.6,train,Logistic Regression,True
15289,1,0.5905,1,2578.5,train,Logistic Regression,True
14513,1,0.5905,0,0.0,train,Logistic Regression,False
13019,1,0.5903,0,0.0,train,Logistic Regression,False
13857,1,0.5903,0,0.0,train,Logistic Regression,False
14136,1,0.5901,0,0.0,held-out test,Logistic Regression,False
13889,1,0.5899,1,1457.3,held-out test,Logistic Regression,True
16230,1,0.5894,1,1446.6,train,Logistic Regression,True
14186,1,0.5894,0,0.0,train,Logistic Regression,False
15786,1,0.5889,1,26334.5,train,Logistic Regression,True
16053,1,0.5889,1,6884.5,train,Logistic Regression,True
17259,1,0.5888,1,1171.0,train,Logistic Regression,True
13695,1,0.5888,1,8030.6,train,Logistic Regression,True
16584,1,0.5888,1,1400.2,train,Logistic Regression,True
13101,1,0.5886,0,0.0,train,Logistic Regression,False
13941,1,0.5885,1,754.8,train,Logistic Regression,True
15306,1,0.5882,1,5906.6,train,Logistic Regression,True
13301,1,0.5882,1,1596.3,train,Logistic Regression,True
17410,1,0.588,1,4606.7,train,Logistic Regression,True
17358,1,0.588,0,0.0,train,Logistic Regression,False
16730,1,0.5876,1,1443.9,train,Logistic Regression,True
12591,1,0.5876,0,0.0,train,Logistic Regression,False
13293,1,0.5874,0,0.0,train,Logistic Regression,False
16027,1,0.5874,1,551.8,held-out test,Logistic Regression,True
13155,1,0.5873,1,1962.5,held-out test,Logistic Regression,True
15440,1,0.587,1,1180.7,train,Logistic Regression,True
14685,1,0.5869,0,0.0,train,Logistic Regression,False
13065,1,0.5868,0,0.0,train,Logistic Regression,False
16317,1,0.5866,1,3862.3,train,Logistic Regression,True
17423,1,0.5865,1,1351.6,train,Logistic Regression,True
15197,1,0.5864,1,1280.5,held-out test,Logistic Regression,True
17540,1,0.5863,1,1704.9,train,Logistic Regression,True
13512,1,0.5859,0,0.0,train,Logistic Regression,False
15109,1,0.5859,0,0.0,train,Logistic Regression,False
14240,1,0.5858,1,2929.0,train,Logistic Regression,True
14882,1,0.5851,1,594.8,train,Logistic Regression,True
12593,1,0.5848,1,999.6,train,Logistic Regression,True
14619,1,0.5845,0,0.0,train,Logistic Regression,False
17822,1,0.5839,0,0.0,held-out test,Logistic Regression,False
16227,1,0.5835,0,0.0,held-out test,Logistic Regression,False
13750,1,0.5827,1,1249.4,train,Logistic Regression,True
16261,1,0.5827,1,2621.4,train,Logistic Regression,True
16633,1,0.5819,1,12194.8,train,Logistic Regression,True
16440,1,0.5818,1,14241.1,train,Logistic Regression,True
14691,1,0.5815,1,4767.6,train,Logistic Regression,True
13344,1,0.5814,1,4700.5,train,Logistic Regression,True
14342,1,0.5812,1,1016.7,train,Logistic Regression,True
15917,1,0.5812,0,0.0,train,Logistic Regression,False
15407,1,0.5811,1,2500.7,train,Logistic Regression,True
15425,1,0.5811,0,0.0,train,Logistic Regression,False
13929,1,0.5811,1,701.4,train,Logistic Regression,True
16006,1,0.5808,0,0.0,train,Logistic Regression,False
13026,1,0.5808,1,2860.8,held-out test,Logistic Regression,True
14419,1,0.5807,1,4083.5,train,Logistic Regression,True
14958,1,0.5804,1,1587.0,train,Logistic Regression,True
13665,1,0.5798,0,0.0,train,Logistic Regression,False
16184,1,0.5797,1,4215.7,train,Logistic Regression,True
16004,1,0.5796,0,0.0,held-out test,Logistic Regression,False
16357,1,0.5794,1,2855.6,train,Logistic Regression,True
16795,1,0.5792,0,0.0,train,Logistic Regression,False
15143,1,0.579,0,0.0,held-out test,Logistic Regression,False
16693,1,0.5789,1,1793.9,train,Logistic Regression,True
13220,1,0.5789,0,240.0,held-out test,Logistic Regression,False
16250,1,0.5784,0,0.0,train,Logistic Regression,False
13663,1,0.5782,1,1040.2,train,Logistic Regression,True
13294,1,0.5781,1,2147.7,held-out test,Logistic Regression,True
18196,1,0.5778,1,1306.7,train,Logistic Regression,True
14469,1,0.5774,0,0.0,held-out test,Logistic Regression,False
16728,1,0.5773,1,3663.1,train,Logistic Regression,True
15655,1,0.5772,0,0.0,train,Logistic Regression,False
18142,1,0.5769,0,0.0,train,Logistic Regression,False
13890,1,0.5768,1,9284.5,held-out test,Logistic Regression,True
16290,1,0.5767,0,0.0,train,Logistic Regression,False
17912,1,0.5765,0,0.0,train,Logistic Regression,False
13529,1,0.5763,1,697.7,train,Logistic Regression,True
16946,1,0.576,0,0.0,train,Logistic Regression,False
15661,1,0.576,0,0.0,train,Logistic Regression,False
13404,1,0.5754,0,190.8,train,Logistic Regression,False
14005,1,0.5754,1,5055.6,train,Logistic Regression,True
16915,1,0.5753,1,1415.4,train,Logistic Regression,True
17862,1,0.5749,0,0.0,train,Logistic Regression,False
17507,1,0.5744,0,0.0,train,Logistic Regression,False
14315,1,0.574,1,8109.2,train,Logistic Regression,True
16193,1,0.5736,0,0.0,train,Logistic Regression,False
17137,1,0.5735,0,0.0,train,Logistic Regression,False
12755,1,0.5734,0,0.0,train,Logistic Regression,False
14818,1,0.5732,1,2140.4,train,Logistic Regression,True
14681,1,0.5732,0,0.0,train,Logistic Regression,False
16736,1,0.5731,0,0.0,train,Logistic Regression,False
14689,1,0.5728,0,0.0,train,Logistic Regression,False
14077,1,0.5728,1,916.2,held-out test,Logistic Regression,True
17076,1,0.5725,1,512.5,train,Logistic Regression,True
15133,1,0.5718,1,1028.8,train,Logistic Regression,True
17556,1,0.5713,0,0.0,held-out test,Logistic Regression,False
15214,1,0.5713,1,6282.0,held-out test,Logistic Regression,True
16441,1,0.5712,1,933.1,train,Logistic Regression,True
12765,1,0.571,0,0.0,train,Logistic Regression,False
15225,1,0.571,0,0.0,held-out test,Logistic Regression,False
15068,1,0.5705,1,1706.4,train,Logistic Regression,True
12769,1,0.5697,0,0.0,train,Logistic Regression,False
17282,1,0.5694,1,552.0,train,Logistic Regression,True
14715,1,0.5693,1,3008.9,train,Logistic Regression,True
14157,1,0.5693,1,863.0,held-out test,Logistic Regression,True
15147,1,0.5692,0,0.0,held-out test,Logistic Regression,False
15303,1,0.5691,0,0.0,train,Logistic Regression,False
14798,1,0.5691,1,541.6,held-out test,Logistic Regression,True
17898,1,0.5691,0,281.2,train,Logistic Regression,False
12514,1,0.569,0,0.0,train,Logistic Regression,False
14948,1,0.5684,1,4496.6,train,Logistic Regression,True
15629,1,0.5683,0,0.0,train,Logistic Regression,False
13292,1,0.5682,1,1813.5,train,Logistic Regression,True
14890,1,0.5682,0,0.0,train,Logistic Regression,False
14048,1,0.568,0,0.0,train,Logistic Regression,False
13000,1,0.5678,0,0.0,train,Logistic Regression,False
16387,1,0.5678,0,0.0,held-out test,Logistic Regression,False
12580,1,0.5675,0,0.0,train,Logistic Regression,False
17713,1,0.567,0,0.0,held-out test,Logistic Regression,False
14591,1,0.5669,1,5785.0,held-out test,Logistic Regression,True
16834,1,0.5663,0,0.0,held-out test,Logistic Regression,False
17621,1,0.5661,1,1002.8,train,Logistic Regression,True
13837,1,0.5656,0,0.0,held-out test,Logistic Regression,False
13211,1,0.5653,1,2652.6,train,Logistic Regression,True
17356,1,0.5652,0,0.0,held-out test,Logistic Regression,False
17908,1,0.5652,0,0.0,train,Logistic Regression,False
18085,1,0.5652,0,0.0,train,Logistic Regression,False
12528,1,0.5651,1,4887.8,train,Logistic Regression,True
16212,1,0.565,1,1051.8,held-out test,Logistic Regression,True
13849,1,0.5648,1,8427.2,train,Logistic Regression,True
18215,1,0.5646,1,1369.4,train,Logistic Regression,True
13282,1,0.5645,1,1432.1,train,Logistic Regression,True
15823,1,0.5644,0,0.0,train,Logistic Regression,False
12626,1,0.5642,1,21778.4,train,Logistic Regression,True
15384,1,0.5639,1,1883.0,train,Logistic Regression,True
15248,1,0.5639,0,0.0,train,Logistic Regression,False
16378,1,0.5634,0,0.0,train,Logistic Regression,False
13295,1,0.5632,0,0.0,train,Logistic Regression,False
16595,1,0.5632,1,1976.0,held-out test,Logistic Regression,True
15101,1,0.5632,0,260.7,train,Logistic Regression,False
17817,1,0.5631,1,404.7,held-out test,Logistic Regression,True
16370,1,0.5627,1,5638.5,train,Logistic Regression,True
17245,1,0.5626,0,0.0,train,Logistic Regression,False
13705,1,0.5626,1,1544.4,train,Logistic Regression,True
17496,1,0.5624,0,0.0,held-out test,Logistic Regression,False
12391,1,0.562,1,2414.5,train,Logistic Regression,True
16101,1,0.5618,1,7102.9,held-out test,Logistic Regression,True
16386,1,0.5618,1,1322.3,train,Logistic Regression,True
15903,1,0.5616,1,1560.0,train,Logistic Regression,True
13443,1,0.5614,0,0.0,held-out test,Logistic Regression,False
13473,1,0.5613,1,751.6,held-out test,Logistic Regression,True
13626,1,0.5612,0,0.0,held-out test,Logistic Regression,False
17950,1,0.5605,1,1218.2,train,Logistic Regression,True
15737,1,0.5598,1,3902.7,train,Logistic Regression,True
17035,1,0.5598,0,0.0,train,Logistic Regression,False
16792,1,0.5596,0,0.0,held-out test,Logistic Regression,False
16957,1,0.5596,0,0.0,train,Logistic Regression,False
18108,1,0.5593,0,0.0,train,Logistic Regression,False
16163,1,0.5592,0,0.0,train,Logistic Regression,False
13304,1,0.5586,0,0.0,train,Logistic Regression,False
12456,1,0.5585,1,7322.3,train,Logistic Regression,True
16419,1,0.5585,1,2098.8,train,Logistic Regression,True
12501,1,0.5584,0,0.0,held-out test,Logistic Regression,False
12725,1,0.5579,0,0.0,train,Logistic Regression,False
14379,1,0.5576,1,1316.8,held-out test,Logistic Regression,True
13573,1,0.5575,1,1386.1,train,Logistic Regression,True
13781,1,0.5573,0,0.0,train,Logistic Regression,False
14615,1,0.5565,0,0.0,train,Logistic Regression,False
16626,1,0.5564,1,10965.6,held-out test,Logistic Regression,True
17045,1,0.5563,1,1361.2,train,Logistic Regression,True
16621,1,0.5556,1,998.2,train,Logistic Regression,True
16588,1,0.5555,0,0.0,train,Logistic Regression,False
15530,1,0.5555,1,4948.5,train,Logistic Regression,True
17630,1,0.5553,1,924.0,train,Logistic Regression,True
16392,1,0.5552,0,0.0,train,Logistic Regression,False
13131,1,0.5551,1,3791.9,train,Logistic Regression,True
15729,1,0.5547,0,0.0,train,Logistic Regression,False
18276,1,0.5545,1,1300.0,train,Logistic Regression,True
14321,1,0.5545,1,6079.6,train,Logistic Regression,True
16848,1,0.5545,1,1286.0,train,Logistic Regression,True
14538,1,0.5543,1,1543.8,train,Logistic Regression,True
13920,1,0.5541,0,0.0,train,Logistic Regression,False
14994,1,0.554,0,0.0,train,Logistic Regression,False
16083,1,0.5537,1,813.2,train,Logistic Regression,True
13340,1,0.5537,1,3405.6,held-out test,Logistic Regression,True
16142,1,0.5534,0,0.0,held-out test,Logistic Regression,False
14834,1,0.5533,1,5816.5,train,Logistic Regression,True
13341,1,0.5532,0,0.0,train,Logistic Regression,False
14290,1,0.553,1,7179.7,train,Logistic Regression,True
14816,1,0.5526,0,0.0,held-out test,Logistic Regression,False
13484,1,0.5519,0,0.0,train,Logistic Regression,False
14193,1,0.5518,1,1952.0,held-out test,Logistic Regression,True
12926,1,0.5517,0,0.0,train,Logistic Regression,False
14439,1,0.5508,0,0.0,train,Logistic Regression,False
12590,1,0.5505,0,0.0,train,Logistic Regression,False
15261,1,0.5503,1,1394.0,train,Logistic Regression,True
16155,1,0.5492,0,0.0,train,Logistic Regression,False
18277,1,0.5487,1,604.4,held-out test,Logistic Regression,True
17640,1,0.548,0,0.0,train,Logistic Regression,False
12371,1,0.5477,1,6783.4,train,Logistic Regression,True
14071,1,0.5471,1,5944.2,held-out test,Logistic Regression,True
13787,1,0.547,1,1110.7,train,Logistic Regression,True
14656,1,0.5465,1,862.9,train,Logistic Regression,True
16727,1,0.5464,0,0.0,train,Logistic Regression,False
17411,1,0.5462,1,2180.4,held-out test,Logistic Regression,True
14618,1,0.5461,1,944.4,held-out test,Logistic Regression,True
17797,1,0.5458,1,4303.8,train,Logistic Regression,True
17212,1,0.5457,0,0.0,train,Logistic Regression,False
14272,1,0.5451,1,1649.5,train,Logistic Regression,True
13741,1,0.5451,1,2514.5,train,Logistic Regression,True
15424,1,0.545,0,0.0,held-out test,Logistic Regression,False
14549,1,0.5449,0,0.0,train,Logistic Regression,False
12447,1,0.5449,0,0.0,train,Logistic Regression,False
16699,1,0.5448,0,0.0,train,Logistic Regression,False
12897,1,0.5447,0,0.0,held-out test,Logistic Regression,False
15972,1,0.5442,0,0.0,held-out test,Logistic Regression,False
14232,1,0.5441,1,6636.0,train,Logistic Regression,True
18064,1,0.544,0,262.0,held-out test,Logistic Regression,False
17883,1,0.5438,1,2708.9,held-out test,Logistic Regression,True
15822,1,0.5431,1,1703.6,train,Logistic Regression,True
14246,1,0.543,1,5632.0,train,Logistic Regression,True
14101,1,0.543,0,0.0,train,Logistic Regression,False
14998,1,0.5425,1,1033.1,train,Logistic Regression,True
16934,1,0.5421,1,5102.4,train,Logistic Regression,True
13956,1,0.542,1,3739.8,train,Logistic Regression,True
14821,1,0.5419,0,0.0,train,Logistic Regression,False
15952,1,0.5418,1,3017.3,train,Logistic Regression,True
13509,1,0.541,1,1568.4,train,Logistic Regression,True
16794,1,0.5409,1,6545.0,train,Logistic Regression,True
17658,1,0.5408,1,919.4,train,Logistic Regression,True
16637,1,0.5408,1,4395.7,held-out test,Logistic Regression,True
14875,1,0.5405,1,3633.0,train,Logistic Regression,True
17534,1,0.5403,1,1229.9,train,Logistic Regression,True
16391,1,0.5397,0,0.0,train,Logistic Regression,False
12865,1,0.5394,1,8629.0,train,Logistic Regression,True
17697,1,0.5393,0,0.0,held-out test,Logistic Regression,False
17120,1,0.5393,0,0.0,train,Logistic Regression,False
13503,1,0.5391,1,1223.6,train,Logistic Regression,True
16332,1,0.5388,1,7422.4,train,Logistic Regression,True
14779,1,0.5386,0,0.0,train,Logistic Regression,False
14225,1,0.5384,0,0.0,train,Logistic Regression,False
13579,1,0.5381,1,1388.1,train,Logistic Regression,True
16457,1,0.5379,0,0.0,train,Logistic Regression,False
13156,1,0.5375,0,0.0,train,Logistic Regression,False
12817,1,0.5363,0,0.0,train,Logistic Regression,False
15157,1,0.5363,1,4126.6,train,Logistic Regression,True
15676,1,0.536,1,13018.2,train,Logistic Regression,True
17610,1,0.5359,0,0.0,train,Logistic Regression,False
17814,1,0.5353,0,0.0,train,Logistic Regression,False
17322,1,0.535,0,0.0,train,Logistic Regression,False
17190,1,0.5349,1,1074.6,train,Logistic Regression,True
16485,1,0.5344,1,1983.8,train,Logistic Regression,True
16231,1,0.5344,0,0.0,train,Logistic Regression,False
17580,1,0.5343,0,0.0,train,Logistic Regression,False
12586,1,0.5343,1,1076.0,held-out test,Logistic Regression,True
13567,1,0.5341,0,0.0,train,Logistic Regression,False
17708,1,0.534,1,858.7,train,Logistic Regression,True
13410,1,0.534,1,867.6,train,Logistic Regression,True
17544,1,0.534,0,0.0,train,Logistic Regression,False
15774,1,0.5338,1,1484.9,train,Logistic Regression,True
15614,1,0.5336,0,0.0,train,Logistic Regression,False
16469,1,0.5333,1,1966.7,train,Logistic Regression,True
15636,1,0.5332,1,1721.0,train,Logistic Regression,True
14460,1,0.5327,1,2167.7,train,Logistic Regression,True
15406,1,0.5323,1,1152.2,train,Logistic Regression,True
18016,1,0.5321,1,6206.5,train,Logistic Regression,True
12870,1,0.5321,0,0.0,held-out test,Logistic Regression,False
12410,1,0.5319,0,0.0,train,Logistic Regression,False
12793,1,0.5312,0,0.0,train,Logistic Regression,False
15003,1,0.5312,0,0.0,train,Logistic Regression,False
14437,1,0.5311,0,0.0,train,Logistic Regression,False
14446,1,0.531,1,3912.5,train,Logistic Regression,True
17041,1,0.531,1,4234.4,train,Logistic Regression,True
15063,1,0.5308,0,0.0,train,Logistic Regression,False
17555,1,0.5307,1,1559.0,train,Logistic Regression,True
14734,1,0.5306,0,0.0,train,Logistic Regression,False
14454,1,0.5303,0,0.0,train,Logistic Regression,False
16176,1,0.5298,0,0.0,train,Logistic Regression,False
15506,1,0.5298,1,4688.4,train,Logistic Regression,True
12960,1,0.5294,0,0.0,train,Logistic Regression,False
14600,1,0.5292,0,0.0,train,Logistic Regression,False
12717,1,0.5288,1,1761.0,train,Logistic Regression,True
15600,1,0.5287,0,0.0,train,Logistic Regression,False
18022,1,0.5287,1,3355.7,train,Logistic Regression,True
15393,1,0.5283,1,596.0,held-out test,Logistic Regression,True
16129,1,0.5281,0,0.0,train,Logistic Regression,False
17239,1,0.5281,0,0.0,train,Logistic Regression,False
13613,1,0.528,0,0.0,train,Logistic Regression,False
16022,1,0.5277,0,0.0,train,Logistic Regression,False
17334,1,0.5276,0,0.0,train,Logistic Regression,False
15780,1,0.5274,1,397.0,train,Logistic Regression,True
15266,1,0.5273,0,0.0,train,Logistic Regression,False
16216,1,0.5273,0,0.0,train,Logistic Regression,False
18018,1,0.5273,1,460.4,held-out test,Logistic Regression,True
13524,1,0.5272,1,2842.2,held-out test,Logistic Regression,True
15494,1,0.5268,1,6452.7,train,Logistic Regression,True
16877,1,0.5265,1,4216.1,train,Logistic Regression,True
12545,1,0.5263,1,1577.6,held-out test,Logistic Regression,True
16167,1,0.526,0,0.0,train,Logistic Regression,False
17601,1,0.5258,0,0.0,held-out test,Logistic Regression,False
14544,1,0.5257,1,4122.3,train,Logistic Regression,True
15745,1,0.5256,1,4028.2,held-out test,Logistic Regression,True
16399,1,0.5256,1,1257.1,train,Logistic Regression,True
13166,1,0.5252,0,0.0,held-out test,Logistic Regression,False
16017,1,0.5251,1,1165.3,held-out test,Logistic Regression,True
15030,1,0.525,0,0.0,train,Logistic Regression,False
14756,1,0.5239,1,4082.5,train,Logistic Regression,True
17222,1,0.5237,1,1505.1,train,Logistic Regression,True
16217,1,0.5237,0,0.0,train,Logistic Regression,False
16658,1,0.5234,0,0.0,train,Logistic Regression,False
17499,1,0.5233,0,0.0,train,Logistic Regression,False
17864,1,0.5233,1,1952.4,train,Logistic Regression,True
12434,1,0.5232,1,2602.4,train,Logistic Regression,True
15736,1,0.5231,0,0.0,train,Logistic Regression,False
17321,1,0.523,1,3621.5,train,Logistic Regression,True
15951,1,0.5229,1,1825.6,train,Logistic Regression,True
14013,1,0.5228,1,1911.8,held-out test,Logistic Regression,True
13614,1,0.5226,1,7573.6,train,Logistic Regression,True
13516,1,0.5226,1,2680.0,held-out test,Logistic Regression,True
15835,1,0.5226,1,2322.0,train,Logistic Regression,True
15723,1,0.5224,0,0.0,held-out test,Logistic Regression,False
13934,1,0.5224,0,0.0,held-out test,Logistic Regression,False
15517,1,0.5223,0,0.0,held-out test,Logistic Regression,False
13389,1,0.5223,1,2965.0,held-out test,Logistic Regression,True
12831,1,0.5222,0,0.0,train,Logistic Regression,False
17255,1,0.522,1,1004.6,train,Logistic Regression,True
12373,1,0.522,0,0.0,train,Logistic Regression,False
15215,1,0.5212,1,3428.1,train,Logistic Regression,True
13360,1,0.5211,0,0.0,train,Logistic Regression,False
13800,1,0.5202,0,0.0,train,Logistic Regression,False
15111,1,0.5202,1,7022.5,train,Logistic Regression,True
15048,1,0.5201,1,694.8,train,Logistic Regression,True
12511,1,0.52,0,0.0,train,Logistic Regression,False
18189,1,0.5195,1,2509.0,train,Logistic Regression,True
15812,1,0.5193,1,1920.8,train,Logistic Regression,True
17194,1,0.5192,0,0.0,train,Logistic Regression,False
14686,1,0.5189,0,0.0,train,Logistic Regression,False
12792,1,0.5188,0,0.0,train,Logistic Regression,False
12369,1,0.5185,0,0.0,held-out test,Logistic Regression,False
15064,1,0.5185,0,0.0,train,Logistic Regression,False
16955,1,0.5183,1,904.3,train,Logistic Regression,True
18120,1,0.5183,0,0.0,train,Logistic Regression,False
15347,1,0.5182,0,0.0,train,Logistic Regression,False
15594,1,0.5181,1,8253.6,held-out test,Logistic Regression,True
16965,1,0.518,0,0.0,train,Logistic Regression,False
13867,1,0.5177,1,4421.9,train,Logistic Regression,True
14805,1,0.5175,1,2017.6,train,Logistic Regression,True
14813,1,0.5173,0,0.0,held-out test,Logistic Regression,False
16080,1,0.5172,1,473.0,train,Logistic Regression,True
13515,1,0.5171,1,3752.1,train,Logistic Regression,True
17203,1,0.517,1,5837.5,train,Logistic Regression,True
16119,1,0.5168,1,1738.0,train,Logistic Regression,True
14323,1,0.5164,1,1673.2,train,Logistic Regression,True
14924,1,0.5164,0,0.0,train,Logistic Regression,False
17749,1,0.5162,1,1244.1,train,Logistic Regression,True
15230,1,0.5161,0,0.0,held-out test,Logistic Regression,False
17670,1,0.5161,0,0.0,train,Logistic Regression,False
17167,1,0.5159,0,0.0,train,Logistic Regression,False
13223,1,0.5156,0,0.0,held-out test,Logistic Regression,False
14242,1,0.5155,0,0.0,train,Logistic Regression,False
15071,1,0.5153,1,1379.9,train,Logistic Regression,True
12805,1,0.5151,0,0.0,held-out test,Logistic Regression,False
12619,1,0.5146,1,6185.4,train,Logistic Regression,True
12643,1,0.5144,0,99.0,held-out test,Logistic Regression,False
17756,1,0.5138,0,0.0,train,Logistic Regression,False
15272,1,0.5137,1,3966.7,train,Logistic Regression,True
16951,1,0.5137,1,1205.4,train,Logistic Regression,True
17988,1,0.5136,1,748.0,train,Logistic Regression,True
17290,1,0.5132,1,2798.4,train,Logistic Regression,True
14340,1,0.5128,0,0.0,train,Logistic Regression,False
13276,1,0.5126,1,2997.0,train,Logistic Regression,True
12863,1,0.5125,0,274.8,train,Logistic Regression,False
17701,1,0.5123,0,0.0,train,Logistic Regression,False
13502,1,0.5122,1,556.6,train,Logistic Regression,True
15651,1,0.5119,1,1460.9,train,Logistic Regression,True
13548,1,0.5119,1,1871.1,train,Logistic Regression,True
15146,1,0.5118,1,2314.2,train,Logistic Regression,True
17046,1,0.5118,1,1714.8,train,Logistic Regression,True
16122,1,0.5117,1,1695.2,train,Logistic Regression,True
17223,1,0.5116,0,0.0,train,Logistic Regression,False
16109,1,0.5116,0,0.0,held-out test,Logistic Regression,False
14585,1,0.5115,1,857.3,held-out test,Logistic Regression,True
16787,1,0.5114,0,0.0,train,Logistic Regression,False
13635,1,0.5112,1,5652.7,train,Logistic Regression,True
14966,1,0.511,1,1005.2,held-out test,Logistic Regression,True
16245,1,0.5109,1,5247.9,train,Logistic Regression,True
14065,1,0.5105,0,0.0,train,Logistic Regression,False
16518,1,0.5103,1,1623.3,train,Logistic Regression,True
16636,1,0.51,0,0.0,held-out test,Logistic Regression,False
18268,1,0.5098,0,140.0,train,Logistic Regression,False
14343,1,0.5089,0,0.0,train,Logistic Regression,False
15390,1,0.5089,0,0.0,held-out test,Logistic Regression,False
13744,1,0.5086,1,1442.9,train,Logistic Regression,True
16314,1,0.5084,0,0.0,train,Logistic Regression,False
17584,1,0.5083,1,3382.9,train,Logistic Regression,True
14295,1,0.5083,1,358.8,train,Logistic Regression,True
13617,1,0.5078,1,2654.2,held-out test,Logistic Regression,True
12972,1,0.5077,0,0.0,train,Logistic Regression,False
13262,1,0.5075,0,0.0,train,Logistic Regression,False
15420,1,0.5074,0,0.0,train,Logistic Regression,False
13154,1,0.5071,0,0.0,train,Logistic Regression,False
15108,1,0.507,1,4937.5,train,Logistic Regression,True
17034,1,0.5069,1,2356.7,held-out test,Logistic Regression,True
15569,1,0.5065,0,330.7,train,Logistic Regression,False
14510,1,0.5064,0,0.0,held-out test,Logistic Regression,False
16108,1,0.5064,1,4609.7,held-out test,Logistic Regression,True
17984,1,0.5052,1,842.8,train,Logistic Regression,True
17728,1,0.5052,1,15823.3,train,Logistic Regression,True
12691,1,0.5052,1,1496.2,train,Logistic Regression,True
17853,1,0.505,0,0.0,train,Logistic Regression,False
14214,1,0.5048,1,2006.1,train,Logistic Regression,True
15652,1,0.5047,1,1564.9,train,Logistic Regression,True
17003,1,0.5045,0,0.0,train,Logistic Regression,False
16587,1,0.5044,0,0.0,train,Logistic Regression,False
14037,1,0.5042,0,192.0,train,Logistic Regression,False
15838,1,0.5035,1,1044.0,train,Logistic Regression,True
13916,1,0.5034,0,0.0,train,Logistic Regression,False
17987,1,0.5028,1,1083.4,train,Logistic Regression,True
17472,1,0.5027,1,1420.8,train,Logistic Regression,True
16309,1,0.5026,1,1558.1,train,Logistic Regression,True
15447,1,0.5021,0,0.0,train,Logistic Regression,False
12363,1,0.5021,1,624.0,train,Logistic Regression,True
15847,1,0.502,1,1140.4,train,Logistic Regression,True
16563,1,0.5019,1,1339.8,train,Logistic Regression,True
16696,1,0.5018,0,0.0,train,Logistic Regression,False
17457,1,0.5016,1,484.0,train,Logistic Regression,True
16784,1,0.5016,0,328.0,train,Logistic Regression,False
12361,1,0.5015,0,0.0,train,Logistic Regression,False
17263,1,0.5013,0,0.0,train,Logistic Regression,False
16494,1,0.5013,0,0.0,train,Logistic Regression,False
16055,1,0.5013,0,0.0,train,Logistic Regression,False
12412,1,0.5012,1,5119.6,train,Logistic Regression,True
17392,1,0.501,0,0.0,train,Logistic Regression,False
16805,1,0.501,1,1331.3,train,Logistic Regression,True
16473,1,0.5009,1,537.8,train,Logistic Regression,True
15346,1,0.5009,0,0.0,train,Logistic Regression,False
17691,1,0.5008,0,0.0,train,Logistic Regression,False
17571,1,0.5007,1,5867.8,train,Logistic Regression,True
14909,1,0.5006,0,0.0,train,Logistic Regression,False
16529,1,0.5006,1,2254.0,train,Logistic Regression,True
17420,1,0.5003,1,2579.6,held-out test,Logistic Regression,True
17979,1,0.5001,1,2440.8,train,Logistic Regression,True
16014,0,0.5,1,2157.4,train,Logistic Regression,False
12357,1,0.5,1,8676.2,train,Logistic Regression,True
14339,0,0.4997,0,0.0,train,Logistic Regression,True
17341,0,0.4996,1,1177.2,train,Logistic Regression,False
15480,0,0.4996,1,4054.5,train,Logistic Regression,False
16012,0,0.4995,1,4768.6,train,Logistic Regression,False
12735,0,0.4992,0,0.0,train,Logistic Regression,True
16209,0,0.4991,1,3476.8,train,Logistic Regression,False
16185,0,0.4988,1,1069.4,train,Logistic Regression,False
17325,0,0.4986,0,0.0,train,Logistic Regression,True
16414,0,0.4986,1,416.3,train,Logistic Regression,False
12349,0,0.4985,1,6292.8,train,Logistic Regression,False
17084,0,0.4985,1,13793.2,train,Logistic Regression,False
16223,0,0.4984,0,0.0,held-out test,Logistic Regression,True
16300,0,0.4981,0,0.0,train,Logistic Regression,True
17373,0,0.4976,1,2749.3,train,Logistic Regression,False
12806,0,0.4975,0,0.0,held-out test,Logistic Regression,True
13140,0,0.4974,1,1446.8,train,Logistic Regression,False
15881,0,0.4972,0,0.0,train,Logistic Regression,True
13453,0,0.4972,1,948.0,train,Logistic Regression,False
15253,0,0.4969,1,5044.3,train,Logistic Regression,False
14490,0,0.4967,0,0.0,train,Logistic Regression,True
17707,0,0.4966,0,96.0,train,Logistic Regression,True
17830,0,0.4965,1,610.9,train,Logistic Regression,False
18258,0,0.4963,0,0.0,train,Logistic Regression,True
14248,0,0.4963,0,0.0,train,Logistic Regression,True
16130,0,0.4963,0,0.0,train,Logistic Regression,True
13684,0,0.4959,0,0.0,held-out test,Logistic Regression,True
13229,0,0.4954,0,0.0,train,Logistic Regression,True
14886,0,0.4948,0,0.0,held-out test,Logistic Regression,True
16702,0,0.4948,0,0.0,train,Logistic Regression,True
17189,0,0.4947,1,878.6,train,Logistic Regression,False
17134,0,0.4946,1,519.8,train,Logistic Regression,False
12616,0,0.4943,1,1903.0,train,Logistic Regression,False
18213,0,0.4942,0,0.0,train,Logistic Regression,True
16411,0,0.4942,1,456.0,train,Logistic Regression,False
14128,0,0.4941,1,1803.5,train,Logistic Regression,False
16307,0,0.4939,0,0.0,train,Logistic Regression,True
16894,0,0.4935,0,0.0,train,Logistic Regression,True
15466,0,0.4931,1,1823.7,train,Logistic Regression,False
15944,0,0.4928,0,0.0,train,Logistic Regression,True
17244,0,0.4925,1,2051.6,train,Logistic Regression,False
14420,0,0.4921,1,2135.2,train,Logistic Regression,False
14428,0,0.4919,1,4648.1,train,Logistic Regression,False
12871,0,0.4911,1,471.6,train,Logistic Regression,False
14478,0,0.491,0,0.0,train,Logistic Regression,True
13338,0,0.4909,1,1391.8,held-out test,Logistic Regression,False
17704,0,0.4909,1,1856.6,train,Logistic Regression,False
17635,0,0.4908,0,0.0,train,Logistic Regression,True
14741,0,0.4907,1,3382.2,train,Logistic Regression,False
16774,0,0.4905,1,3211.0,held-out test,Logistic Regression,False
14747,0,0.4904,0,0.0,train,Logistic Regression,True
16292,0,0.4901,1,1663.9,held-out test,Logistic Regression,False
13656,0,0.49,1,1181.6,train,Logistic Regression,False
16031,0,0.4899,1,1344.3,train,Logistic Regression,False
12855,0,0.4897,0,0.0,train,Logistic Regression,True
14570,0,0.4894,0,0.0,train,Logistic Regression,True
15798,0,0.4893,0,0.0,train,Logistic Regression,True
14036,0,0.489,0,0.0,held-out test,Logistic Regression,True
12549,0,0.4888,0,0.0,train,Logistic Regression,True
14080,0,0.4886,0,244.8,train,Logistic Regression,True
17527,0,0.4882,1,3566.0,held-out test,Logistic Regression,False
13035,0,0.4882,1,1095.6,train,Logistic Regression,False
15799,0,0.488,1,2770.4,held-out test,Logistic Regression,False
14548,0,0.4876,0,0.0,train,Logistic Regression,True
16048,0,0.4875,0,0.0,train,Logistic Regression,True
13201,0,0.4875,0,0.0,train,Logistic Regression,True
12673,0,0.4875,1,1891.6,train,Logistic Regression,False
13402,0,0.4874,1,1421.5,train,Logistic Regression,False
13296,0,0.4872,1,491.4,train,Logistic Regression,False
14679,0,0.4872,0,0.0,train,Logistic Regression,True
13606,0,0.487,0,162.0,train,Logistic Regression,True
13253,0,0.4867,1,1360.8,train,Logistic Regression,False
17857,0,0.4866,0,0.0,train,Logistic Regression,True
13712,0,0.4866,0,0.0,train,Logistic Regression,True
16135,0,0.4859,0,0.0,held-out test,Logistic Regression,True
17991,0,0.4859,0,0.0,train,Logistic Regression,True
15160,0,0.4859,0,0.0,train,Logistic Regression,True
16287,0,0.4859,1,796.0,train,Logistic Regression,False
12653,0,0.4857,1,2433.0,train,Logistic Regression,False
18259,0,0.4857,1,1524.4,train,Logistic Regression,False
12644,0,0.4855,1,2613.8,held-out test,Logistic Regression,False
15678,0,0.4854,1,1592.2,train,Logistic Regression,False
17952,0,0.485,0,0.0,train,Logistic Regression,True
13046,0,0.4849,1,1902.3,train,Logistic Regression,False
16222,0,0.4849,0,0.0,train,Logistic Regression,True
12635,0,0.4844,1,8241.8,train,Logistic Regression,False
16049,0,0.4842,1,5912.5,train,Logistic Regression,False
13855,0,0.4842,0,0.0,held-out test,Logistic Regression,True
17329,0,0.4841,1,1286.4,held-out test,Logistic Regression,False
13813,0,0.4837,1,6366.8,train,Logistic Regression,False
18280,0,0.4836,0,0.0,train,Logistic Regression,True
12652,0,0.4836,0,0.0,train,Logistic Regression,True
14564,0,0.4834,0,0.0,train,Logistic Regression,True
14981,0,0.4834,0,0.0,train,Logistic Regression,True
12564,0,0.4832,0,0.0,train,Logistic Regression,True
14088,0,0.4827,1,20881.0,train,Logistic Regression,False
14605,0,0.4824,0,0.0,train,Logistic Regression,True
14262,0,0.4823,1,11349.2,train,Logistic Regression,False
14370,0,0.4821,0,0.0,train,Logistic Regression,True
17456,0,0.4816,0,0.0,held-out test,Logistic Regression,True
14170,0,0.4816,0,0.0,train,Logistic Regression,True
17486,0,0.481,0,0.0,train,Logistic Regression,True
18185,0,0.4808,0,0.0,held-out test,Logistic Regression,True
17890,0,0.4807,0,0.0,train,Logistic Regression,True
17080,0,0.4805,1,787.8,train,Logistic Regression,False
13233,0,0.4805,1,1624.8,train,Logistic Regression,False
15850,0,0.4803,1,1299.5,train,Logistic Regression,False
16254,0,0.48,0,0.0,train,Logistic Regression,True
18095,0,0.4798,0,0.0,held-out test,Logistic Regression,True
16521,0,0.4796,0,0.0,train,Logistic Regression,True
14820,0,0.4792,1,2788.7,train,Logistic Regression,False
17760,0,0.4791,1,636.1,train,Logistic Regression,False
12956,0,0.479,0,0.0,train,Logistic Regression,True
15180,0,0.4789,0,0.0,held-out test,Logistic Regression,True
17097,0,0.4781,1,3659.3,train,Logistic Regression,False
14670,0,0.4781,0,0.0,held-out test,Logistic Regression,True
14311,0,0.4778,0,0.0,held-out test,Logistic Regression,True
18181,0,0.4772,1,2011.3,held-out test,Logistic Regression,False
15119,0,0.4771,0,0.0,train,Logistic Regression,True
15497,0,0.477,0,331.2,train,Logistic Regression,True
13797,0,0.477,0,0.0,train,Logistic Regression,True
12989,0,0.477,1,424.0,train,Logistic Regression,False
16882,0,0.4769,1,2011.0,train,Logistic Regression,False
13898,0,0.4766,0,0.0,held-out test,Logistic Regression,True
12945,0,0.4766,0,0.0,train,Logistic Regression,True
16552,0,0.4764,0,0.0,train,Logistic Regression,True
14643,0,0.4762,1,1149.6,train,Logistic Regression,False
14355,0,0.476,0,0.0,train,Logistic Regression,True
12622,0,0.4757,0,0.0,train,Logistic Regression,True
12915,0,0.4754,1,899.2,train,Logistic Regression,False
16158,0,0.4754,0,0.0,train,Logistic Regression,True
14463,0,0.4753,0,82.5,train,Logistic Regression,True
18227,0,0.4749,0,0.0,train,Logistic Regression,True
12597,0,0.4749,1,15045.4,held-out test,Logistic Regression,False
15224,0,0.4742,0,0.0,train,Logistic Regression,True
17127,0,0.4742,0,0.0,train,Logistic Regression,True
18057,0,0.4741,0,0.0,train,Logistic Regression,True
15192,0,0.4738,1,2728.4,train,Logistic Regression,False
17021,0,0.473,0,0.0,train,Logistic Regression,True
13891,0,0.4729,0,0.0,train,Logistic Regression,True
14947,0,0.4727,1,1318.7,train,Logistic Regression,False
18263,0,0.4723,1,4950.0,train,Logistic Regression,False
17025,0,0.472,0,331.2,held-out test,Logistic Regression,True
17678,0,0.4719,0,0.0,train,Logistic Regression,True
17187,0,0.4717,0,0.0,train,Logistic Regression,True
16593,0,0.4717,1,1431.9,train,Logistic Regression,False
14455,0,0.4717,0,0.0,train,Logistic Regression,True
13333,0,0.4715,0,0.0,train,Logistic Regression,True
13570,0,0.4714,0,0.0,train,Logistic Regression,True
16372,0,0.4709,1,1954.2,train,Logistic Regression,False
14953,0,0.4707,1,1559.7,held-out test,Logistic Regression,False
12409,0,0.4698,1,2205.4,train,Logistic Regression,False
16367,0,0.4698,1,3474.8,train,Logistic Regression,False
15626,0,0.4694,1,2156.2,train,Logistic Regression,False
12651,0,0.4691,0,0.0,train,Logistic Regression,True
12785,0,0.469,0,0.0,train,Logistic Regression,True
13785,0,0.4682,0,0.0,train,Logistic Regression,True
16329,0,0.468,0,0.0,held-out test,Logistic Regression,True
17524,0,0.468,0,0.0,train,Logistic Regression,True
17860,0,0.468,0,0.0,train,Logistic Regression,True
16916,0,0.4679,1,1998.7,train,Logistic Regression,False
15960,0,0.4675,0,0.0,train,Logistic Regression,True
17360,0,0.467,1,3132.9,train,Logistic Regression,False
14271,0,0.4668,0,0.0,train,Logistic Regression,True
15439,0,0.4666,0,0.0,train,Logistic Regression,True
15441,0,0.4666,0,0.0,train,Logistic Regression,True
13158,0,0.4666,1,5148.8,train,Logistic Regression,False
16495,0,0.4666,1,2205.3,train,Logistic Regression,False
15252,0,0.4666,1,4093.2,train,Logistic Regression,False
17679,0,0.4666,1,1626.9,train,Logistic Regression,False
15617,0,0.4665,0,0.0,train,Logistic Regression,True
17878,0,0.4653,1,1842.3,held-out test,Logistic Regression,False
17081,0,0.4653,1,1592.4,train,Logistic Regression,False
15815,0,0.4652,1,2422.2,held-out test,Logistic Regression,False
12791,0,0.4652,0,0.0,train,Logistic Regression,True
13718,0,0.465,0,0.0,train,Logistic Regression,True
14023,0,0.465,1,1462.6,train,Logistic Regression,False
16205,0,0.4649,1,3171.3,train,Logistic Regression,False
12739,0,0.4647,1,2918.9,train,Logistic Regression,False
15464,0,0.4643,0,0.0,held-out test,Logistic Regression,True
17718,0,0.464,0,0.0,train,Logistic Regression,True
13002,0,0.464,0,0.0,train,Logistic Regression,True
17421,0,0.4638,0,0.0,train,Logistic Regression,True
13921,0,0.4635,0,0.0,train,Logistic Regression,True
16765,0,0.4635,0,0.0,train,Logistic Regression,True
12967,0,0.4635,0,0.0,train,Logistic Regression,True
17642,0,0.4633,1,3672.4,held-out test,Logistic Regression,False
16063,0,0.4633,0,0.0,train,Logistic Regression,True
18040,0,0.4632,1,649.8,train,Logistic Regression,False
15449,0,0.4631,1,3449.2,train,Logistic Regression,False
13811,0,0.4628,1,653.0,held-out test,Logistic Regression,False
17141,0,0.4625,0,0.0,train,Logistic Regression,True
16917,0,0.4621,0,0.0,train,Logistic Regression,True
16296,0,0.462,0,0.0,train,Logistic Regression,True
18079,0,0.4618,1,5966.9,train,Logistic Regression,False
14533,0,0.4613,1,4935.1,train,Logistic Regression,False
13358,0,0.4609,0,0.0,train,Logistic Regression,True
14480,0,0.4602,1,1261.0,train,Logistic Regression,False
16935,0,0.4601,0,0.0,held-out test,Logistic Regression,True
14470,0,0.46,1,626.3,held-out test,Logistic Regression,False
16861,0,0.46,1,950.0,train,Logistic Regression,False
15028,0,0.4597,1,1549.0,train,Logistic Regression,False
17332,0,0.4595,0,0.0,train,Logistic Regression,True
12596,0,0.4593,1,923.2,train,Logistic Regression,False
18096,0,0.4591,1,4645.8,train,Logistic Regression,False
17006,0,0.4588,1,3387.0,train,Logistic Regression,False
15110,0,0.4586,1,2203.6,train,Logistic Regression,False
16183,0,0.4586,1,1401.9,train,Logistic Regression,False
13922,0,0.4585,0,0.0,train,Logistic Regression,True
16895,0,0.4585,1,1109.2,train,Logistic Regression,False
13962,0,0.4584,0,290.0,held-out test,Logistic Regression,True
16321,0,0.4584,1,816.0,held-out test,Logistic Regression,False
14423,0,0.4584,0,0.0,train,Logistic Regression,True
16228,0,0.4579,0,0.0,train,Logistic Regression,True
15552,0,0.4579,0,0.0,train,Logistic Regression,True
12764,0,0.4575,0,0.0,train,Logistic Regression,True
17768,0,0.4573,1,6515.4,train,Logistic Regression,False
13569,0,0.4571,1,1255.4,train,Logistic Regression,False
17995,0,0.4571,0,0.0,held-out test,Logistic Regression,True
18060,0,0.4568,0,0.0,train,Logistic Regression,True
18066,0,0.4567,1,1109.0,train,Logistic Regression,False
17968,0,0.4567,0,0.0,train,Logistic Regression,True
16354,0,0.4566,1,2164.9,train,Logistic Regression,False
17237,0,0.4565,1,1233.5,train,Logistic Regression,False
15050,0,0.4564,1,5457.4,train,Logistic Regression,False
18191,0,0.4564,0,0.0,train,Logistic Regression,True
15978,0,0.456,1,5086.8,train,Logistic Regression,False
14931,0,0.4559,1,2867.4,train,Logistic Regression,False
12418,0,0.4558,1,2389.9,train,Logistic Regression,False
16174,0,0.4557,1,2068.6,train,Logistic Regression,False
17132,0,0.4557,0,0.0,train,Logistic Regression,True
17251,0,0.4557,0,0.0,train,Logistic Regression,True
15381,0,0.4554,0,0.0,train,Logistic Regression,True
16780,0,0.4553,1,1429.3,held-out test,Logistic Regression,False
17525,0,0.4551,0,0.0,train,Logistic Regression,True
12821,0,0.4545,0,0.0,train,Logistic Regression,True
12421,0,0.4541,1,2963.9,held-out test,Logistic Regression,False
17537,0,0.4539,1,1454.2,train,Logistic Regression,False
13377,0,0.4539,0,0.0,held-out test,Logistic Regression,True
13278,0,0.4539,1,2986.6,train,Logistic Regression,False
15879,0,0.4536,0,0.0,train,Logistic Regression,True
17028,0,0.4534,0,0.0,held-out test,Logistic Regression,True
18039,0,0.4532,0,0.0,train,Logistic Regression,True
12507,0,0.4528,0,140.0,train,Logistic Regression,True
13466,0,0.4526,1,1693.7,train,Logistic Regression,False
15259,0,0.4525,0,0.0,train,Logistic Regression,True
12358,0,0.4523,1,770.4,train,Logistic Regression,False
16772,0,0.4518,0,0.0,train,Logistic Regression,True
16435,0,0.4514,0,0.0,train,Logistic Regression,True
14332,0,0.4512,1,1392.6,held-out test,Logistic Regression,False
14633,0,0.4509,0,0.0,train,Logistic Regression,True
14199,0,0.4509,0,0.0,train,Logistic Regression,True
14839,0,0.4508,0,0.0,held-out test,Logistic Regression,True
17880,0,0.4503,0,0.0,train,Logistic Regression,True
12994,0,0.4502,1,3414.4,train,Logistic Regression,False
17978,0,0.4502,0,0.0,train,Logistic Regression,True
17893,0,0.4501,0,0.0,train,Logistic Regression,True
15992,0,0.45,0,234.0,held-out test,Logistic Regression,True
17809,0,0.4494,1,558.9,held-out test,Logistic Regression,False
13482,0,0.4492,0,0.0,train,Logistic Regression,True
12346,0,0.4491,0,0.0,train,Logistic Regression,True
13064,0,0.449,1,4687.7,held-out test,Logistic Regression,False
16097,0,0.4488,0,0.0,held-out test,Logistic Regression,True
17723,0,0.4488,0,216.0,train,Logistic Regression,True
17539,0,0.4487,0,0.0,held-out test,Logistic Regression,True
14414,0,0.4486,1,6270.0,train,Logistic Regression,False
12462,0,0.4485,1,1862.2,train,Logistic Regression,False
14403,0,0.4485,0,0.0,train,Logistic Regression,True
13042,0,0.4484,0,0.0,train,Logistic Regression,True
17683,0,0.4482,0,0.0,train,Logistic Regression,True
15042,0,0.4476,0,0.0,train,Logistic Regression,True
13987,0,0.4474,0,0.0,held-out test,Logistic Regression,True
13713,0,0.4471,0,0.0,train,Logistic Regression,True
14283,0,0.4471,0,0.0,held-out test,Logistic Regression,True
12988,0,0.4469,0,0.0,train,Logistic Regression,True
16421,0,0.4469,0,0.0,held-out test,Logistic Regression,True
18252,0,0.4469,1,2850.4,train,Logistic Regression,False
14408,0,0.4466,1,5048.5,train,Logistic Regression,False
18193,0,0.446,1,1332.4,held-out test,Logistic Regression,False
16854,0,0.446,0,0.0,held-out test,Logistic Regression,True
16975,0,0.4455,0,0.0,train,Logistic Regression,True
14316,0,0.445,0,0.0,train,Logistic Regression,True
15715,0,0.445,0,0.0,train,Logistic Regression,True
15262,0,0.4449,0,0.0,held-out test,Logistic Regression,True
16427,0,0.4446,0,0.0,train,Logistic Regression,True
17226,0,0.4443,0,0.0,held-out test,Logistic Regression,True
17342,0,0.4442,0,0.0,held-out test,Logistic Regression,True
15047,0,0.4438,0,0.0,train,Logistic Regression,True
17044,0,0.4431,0,0.0,train,Logistic Regression,True
17175,0,0.443,1,3508.9,train,Logistic Regression,False
16054,0,0.4429,1,4314.8,train,Logistic Regression,False
16555,0,0.4429,1,1581.7,held-out test,Logistic Regression,False
15448,0,0.4429,0,0.0,train,Logistic Regression,True
13060,0,0.4427,0,0.0,train,Logistic Regression,True
17367,0,0.4427,0,0.0,train,Logistic Regression,True
12862,0,0.4427,0,0.0,train,Logistic Regression,True
15269,0,0.4426,0,0.0,held-out test,Logistic Regression,True
14719,0,0.4425,1,7456.8,train,Logistic Regression,False
12527,0,0.4425,1,349.6,held-out test,Logistic Regression,False
14260,0,0.4425,0,0.0,train,Logistic Regression,True
14475,0,0.4424,1,2730.6,train,Logistic Regression,False
16430,0,0.4421,1,609.0,held-out test,Logistic Regression,False
17574,0,0.442,0,0.0,train,Logistic Regression,True
12406,0,0.4418,1,10026.0,held-out test,Logistic Regression,False
14148,0,0.4417,0,0.0,train,Logistic Regression,True
14595,0,0.4415,1,8378.9,train,Logistic Regression,False
17812,0,0.4413,1,2774.0,train,Logistic Regression,False
15244,0,0.441,1,1828.8,train,Logistic Regression,False
13761,0,0.441,1,5918.6,train,Logistic Regression,False
14223,0,0.441,1,3755.9,train,Logistic Regression,False
16903,0,0.4407,1,1992.6,train,Logistic Regression,False
15139,0,0.4407,0,0.0,train,Logistic Regression,True
15154,0,0.4402,1,1393.0,held-out test,Logistic Regression,False
15151,0,0.4402,0,0.0,train,Logistic Regression,True
15018,0,0.44,1,1126.8,train,Logistic Regression,False
17946,0,0.4399,0,0.0,held-out test,Logistic Regression,True
16721,0,0.4399,0,0.0,train,Logistic Regression,True
14624,0,0.4398,1,1244.9,train,Logistic Regression,False
15276,0,0.4395,1,705.1,held-out test,Logistic Regression,False
13566,0,0.4393,1,4429.5,held-out test,Logistic Regression,False
17542,0,0.4391,0,0.0,train,Logistic Regression,True
15016,0,0.439,1,937.1,held-out test,Logistic Regression,False
18247,0,0.4389,0,0.0,held-out test,Logistic Regression,True
14182,0,0.438,0,0.0,train,Logistic Regression,True
13003,0,0.4379,0,165.6,train,Logistic Regression,True
16331,0,0.4378,0,0.0,train,Logistic Regression,True
13878,0,0.4378,1,3625.1,train,Logistic Regression,False
17354,0,0.4377,1,396.3,held-out test,Logistic Regression,False
16586,0,0.4376,0,0.0,train,Logistic Regression,True
15212,0,0.4376,0,0.0,train,Logistic Regression,True
17363,0,0.4376,0,0.0,train,Logistic Regression,True
14932,0,0.4374,0,0.0,held-out test,Logistic Regression,True
13602,0,0.4374,1,2360.6,train,Logistic Regression,False
14727,0,0.4373,0,0.0,train,Logistic Regression,True
16897,0,0.4371,0,0.0,train,Logistic Regression,True
13039,0,0.4369,0,0.0,held-out test,Logistic Regression,True
14899,0,0.4366,0,0.0,train,Logistic Regression,True
16428,0,0.4365,0,0.0,train,Logistic Regression,True
15135,0,0.4364,0,0.0,train,Logistic Regression,True
13008,0,0.4363,0,0.0,train,Logistic Regression,True
12889,0,0.4361,0,0.0,train,Logistic Regression,True
14348,0,0.436,0,0.0,held-out test,Logistic Regression,True
14725,0,0.436,1,2922.8,train,Logistic Regression,False
15174,0,0.4359,0,0.0,train,Logistic Regression,True
14508,0,0.4358,1,1473.0,held-out test,Logistic Regression,False
14922,0,0.4351,0,0.0,held-out test,Logistic Regression,True
12424,0,0.4351,1,1496.2,train,Logistic Regression,False
18102,0,0.4349,1,3800.8,train,Logistic Regression,False
17430,0,0.4349,1,833.8,train,Logistic Regression,False
14173,0,0.4348,1,1108.4,train,Logistic Regression,False
12389,0,0.4348,0,0.0,train,Logistic Regression,True
13041,0,0.4345,0,0.0,train,Logistic Regression,True
17436,0,0.4345,1,516.0,train,Logistic Regression,False
13395,0,0.4344,1,1691.2,held-out test,Logistic Regression,False
17782,0,0.4344,0,0.0,held-out test,Logistic Regression,True
15759,0,0.4341,0,0.0,train,Logistic Regression,True
18074,0,0.434,0,0.0,train,Logistic Regression,True
14389,0,0.4335,1,4602.3,train,Logistic Regression,False
13945,0,0.4333,0,0.0,train,Logistic Regression,True
13795,0,0.4332,0,0.0,train,Logistic Regression,True
13226,0,0.433,0,0.0,train,Logistic Regression,True
13297,0,0.4329,1,6254.0,held-out test,Logistic Regression,False
17023,0,0.4327,0,0.0,train,Logistic Regression,True
12385,0,0.4325,0,0.0,train,Logistic Regression,True
16610,0,0.4323,0,0.0,train,Logistic Regression,True
17366,0,0.4321,0,0.0,train,Logistic Regression,True
14831,0,0.4321,0,0.0,train,Logistic Regression,True
13955,0,0.4321,1,644.0,train,Logistic Regression,False
15664,0,0.4317,1,2137.3,train,Logistic Regression,False
14160,0,0.4316,0,0.0,train,Logistic Regression,True
13706,0,0.4314,0,0.0,train,Logistic Regression,True
13371,0,0.4314,0,0.0,train,Logistic Regression,True
16608,0,0.4309,0,0.0,train,Logistic Regression,True
16572,0,0.4308,1,3653.5,train,Logistic Regression,False
18146,0,0.4306,1,456.0,train,Logistic Regression,False
15377,0,0.4306,0,0.0,train,Logistic Regression,True
16140,0,0.4303,1,2300.8,held-out test,Logistic Regression,False
14497,0,0.4302,0,0.0,train,Logistic Regression,True
14714,0,0.4297,1,437.3,train,Logistic Regression,False
16297,0,0.4297,0,0.0,train,Logistic Regression,True
18056,0,0.4296,0,0.0,train,Logistic Regression,True
15350,0,0.4296,0,0.0,train,Logistic Regression,True
16067,0,0.4295,0,0.0,train,Logistic Regression,True
14636,0,0.4294,1,1449.0,train,Logistic Regression,False
16501,0,0.4293,0,0.0,held-out test,Logistic Regression,True
14228,0,0.4292,0,0.0,train,Logistic Regression,True
12707,0,0.4292,0,0.0,train,Logistic Regression,True
16860,0,0.429,0,0.0,train,Logistic Regression,True
15713,0,0.4288,1,724.5,train,Logistic Regression,False
17917,0,0.4286,1,591.6,train,Logistic Regression,False
13727,0,0.4284,1,1566.9,held-out test,Logistic Regression,False
13809,0,0.4283,0,0.0,train,Logistic Regression,True
14393,0,0.4282,0,0.0,train,Logistic Regression,True
17376,0,0.4281,1,533.4,train,Logistic Regression,False
15213,0,0.4275,0,0.0,held-out test,Logistic Regression,True
14729,0,0.4268,0,0.0,train,Logistic Regression,True
13393,0,0.4267,0,0.0,held-out test,Logistic Regression,True
15415,0,0.4266,0,0.0,train,Logistic Regression,True
16707,0,0.4261,0,0.0,train,Logistic Regression,True
13407,0,0.4259,0,0.0,train,Logistic Regression,True
16152,0,0.4257,0,0.0,train,Logistic Regression,True
14695,0,0.4257,0,0.0,train,Logistic Regression,True
12808,0,0.4255,1,1947.9,train,Logistic Regression,False
12450,0,0.4252,1,723.6,train,Logistic Regression,False
17963,0,0.4248,0,0.0,held-out test,Logistic Regression,True
12687,0,0.4248,0,0.0,train,Logistic Regression,True
16750,0,0.4245,1,2423.9,train,Logistic Regression,False
16972,0,0.4244,0,0.0,train,Logistic Regression,True
15869,0,0.4243,0,0.0,train,Logistic Regression,True
14851,0,0.4239,1,1324.2,held-out test,Logistic Regression,False
15408,0,0.4239,0,0.0,train,Logistic Regression,True
12525,0,0.4237,0,0.0,train,Logistic Regression,True
16657,0,0.4237,1,3600.3,train,Logistic Regression,False
16366,0,0.4237,1,1824.0,train,Logistic Regression,False
12990,0,0.4237,1,1725.0,train,Logistic Regression,False
13948,0,0.4237,0,0.0,train,Logistic Regression,True
12874,0,0.4232,0,0.0,train,Logistic Regression,True
14430,0,0.4231,0,0.0,train,Logistic Regression,True
12648,0,0.4226,1,1505.2,train,Logistic Regression,False
14762,0,0.4226,0,0.0,train,Logistic Regression,True
17977,0,0.4222,1,1124.4,train,Logistic Regression,False
15363,0,0.4221,0,0.0,train,Logistic Regression,True
16402,0,0.4221,0,0.0,train,Logistic Regression,True
16842,0,0.4221,1,3443.1,train,Logistic Regression,False
13533,0,0.4221,1,684.4,train,Logistic Regression,False
15792,0,0.4215,0,0.0,held-out test,Logistic Regression,True
15828,0,0.4215,0,0.0,held-out test,Logistic Regression,True
16475,0,0.4215,1,806.0,train,Logistic Regression,False
16340,0,0.4215,1,2930.0,train,Logistic Regression,False
14012,0,0.4214,0,0.0,train,Logistic Regression,True
13836,0,0.4213,0,0.0,train,Logistic Regression,True
16830,0,0.4211,1,1819.1,train,Logistic Regression,False
13324,0,0.421,0,316.8,train,Logistic Regression,True
17143,0,0.4209,0,0.0,held-out test,Logistic Regression,True
14484,0,0.4209,1,1785.2,train,Logistic Regression,False
16264,0,0.4207,0,0.0,train,Logistic Regression,True
17198,0,0.4206,1,927.7,held-out test,Logistic Regression,False
14204,0,0.4202,1,827.8,train,Logistic Regression,False
15308,0,0.4202,0,0.0,train,Logistic Regression,True
13121,0,0.4199,0,0.0,train,Logistic Regression,True
15428,0,0.4199,1,501.0,train,Logistic Regression,False
17174,0,0.4199,0,0.0,train,Logistic Regression,True
14236,0,0.4196,1,818.0,train,Logistic Regression,False
15803,0,0.4194,1,407.4,train,Logistic Regression,False
15886,0,0.4194,1,663.3,train,Logistic Regression,False
16270,0,0.419,0,0.0,train,Logistic Regression,True
12588,0,0.4189,1,1177.4,train,Logistic Regression,False
13187,0,0.4188,0,0.0,train,Logistic Regression,True
16898,0,0.4182,1,2137.9,held-out test,Logistic Regression,False
14104,0,0.4182,1,719.8,held-out test,Logistic Regression,False
13708,0,0.4177,0,0.0,held-out test,Logistic Regression,True
14147,0,0.4176,0,82.8,held-out test,Logistic Regression,True
13919,0,0.4172,1,2187.9,train,Logistic Regression,False
13936,0,0.4172,1,2059.4,held-out test,Logistic Regression,False
13996,0,0.417,0,0.0,train,Logistic Regression,True
13980,0,0.4168,1,831.2,train,Logistic Regression,False
12614,0,0.4167,0,0.0,train,Logistic Regression,True
17278,0,0.4167,0,0.0,train,Logistic Regression,True
17709,0,0.4165,1,480.3,train,Logistic Regression,False
14840,0,0.4164,0,0.0,train,Logistic Regression,True
16138,0,0.416,0,0.0,held-out test,Logistic Regression,True
15149,0,0.4158,1,1912.4,train,Logistic Regression,False
17140,0,0.4158,0,0.0,train,Logistic Regression,True
13537,0,0.4157,0,0.0,train,Logistic Regression,True
15643,0,0.4157,1,1150.0,train,Logistic Regression,False
13918,0,0.4154,1,2117.4,held-out test,Logistic Regression,False
13149,0,0.415,1,5918.2,train,Logistic Regression,False
16816,0,0.4149,1,505.1,train,Logistic Regression,False
16336,0,0.4147,0,0.0,train,Logistic Regression,True
15457,0,0.4144,0,0.0,train,Logistic Regression,True
17801,0,0.4143,0,0.0,train,Logistic Regression,True
17350,0,0.4142,1,5526.3,train,Logistic Regression,False
15437,0,0.4142,0,0.0,train,Logistic Regression,True
14230,0,0.4137,0,0.0,train,Logistic Regression,True
17996,0,0.4134,0,0.0,held-out test,Logistic Regression,True
13584,0,0.4134,0,0.0,train,Logistic Regression,True
13161,0,0.4132,0,0.0,train,Logistic Regression,True
17418,0,0.4127,1,1620.2,train,Logistic Regression,False
12842,0,0.4127,1,1458.6,train,Logistic Regression,False
12584,0,0.4127,1,7282.0,train,Logistic Regression,False
15019,0,0.4126,0,0.0,held-out test,Logistic Regression,True
12788,0,0.4124,0,0.0,held-out test,Logistic Regression,True
14139,0,0.4123,1,1943.0,train,Logistic Regression,False
18210,0,0.4117,1,12908.5,train,Logistic Regression,False
14847,0,0.4115,1,1409.6,train,Logistic Regression,False
18270,0,0.4113,1,647.2,held-out test,Logistic Regression,False
16863,0,0.4113,1,1590.9,train,Logistic Regression,False
18051,0,0.411,0,0.0,train,Logistic Regression,True
14708,0,0.4108,1,1164.6,held-out test,Logistic Regression,False
12516,0,0.4105,1,1807.8,train,Logistic Regression,False
16445,0,0.4101,1,1260.6,train,Logistic Regression,False
14737,0,0.41,0,108.0,train,Logistic Regression,True
17845,0,0.41,0,0.0,train,Logistic Regression,True
13762,0,0.4097,0,0.0,train,Logistic Regression,True
17101,0,0.4097,1,3861.4,held-out test,Logistic Regression,False
13820,0,0.4096,0,0.0,held-out test,Logistic Regression,True
12541,0,0.4095,1,2928.2,train,Logistic Regression,False
17201,0,0.4092,1,1032.3,train,Logistic Regression,False
12998,0,0.4082,0,0.0,held-out test,Logistic Regression,True
13133,0,0.408,0,0.0,train,Logistic Regression,True
12797,0,0.4078,0,0.0,train,Logistic Regression,True
13872,0,0.4074,0,0.0,train,Logistic Regression,True
12629,0,0.4072,0,0.0,train,Logistic Regression,True
14375,0,0.4069,1,1292.5,train,Logistic Regression,False
13345,0,0.4068,0,0.0,train,Logistic Regression,True
13444,0,0.4059,0,0.0,train,Logistic Regression,True
12696,0,0.4057,0,0.0,train,Logistic Regression,True
17972,0,0.4057,0,0.0,train,Logistic Regression,True
15309,0,0.4057,0,0.0,train,Logistic Regression,True
16465,0,0.4057,0,0.0,train,Logistic Regression,True
15894,0,0.4057,0,0.0,train,Logistic Regression,True
12834,0,0.4056,0,0.0,train,Logistic Regression,True
17733,0,0.4054,1,2033.0,train,Logistic Regression,False
13508,0,0.4053,0,0.0,train,Logistic Regression,True
17155,0,0.4047,1,613.7,train,Logistic Regression,False
16977,0,0.4045,0,0.0,train,Logistic Regression,True
17545,0,0.4044,1,2964.7,held-out test,Logistic Regression,False
17603,0,0.404,1,797.6,held-out test,Logistic Regression,False
15331,0,0.4037,0,0.0,train,Logistic Regression,True
16385,0,0.4034,1,2006.2,train,Logistic Regression,False
16412,0,0.4033,1,742.1,train,Logistic Regression,False
12803,0,0.4033,0,0.0,train,Logistic Regression,True
13108,0,0.4033,0,0.0,held-out test,Logistic Regression,True
16084,0,0.403,0,0.0,train,Logistic Regression,True
15918,0,0.4029,1,1054.5,train,Logistic Regression,False
15400,0,0.4025,0,136.8,train,Logistic Regression,True
14938,0,0.4024,0,0.0,train,Logistic Regression,True
15870,0,0.402,1,1961.4,train,Logistic Regression,False
15542,0,0.4017,0,0.0,train,Logistic Regression,True
17633,0,0.4014,1,6281.7,train,Logistic Regression,False
14476,0,0.401,0,0.0,held-out test,Logistic Regression,True
15525,0,0.4006,1,2523.7,held-out test,Logistic Regression,False
14902,0,0.4006,1,1822.2,held-out test,Logistic Regression,False
13672,0,0.4006,0,0.0,train,Logistic Regression,True
13675,0,0.4006,1,976.8,train,Logistic Regression,False
15675,0,0.4005,1,1498.0,train,Logistic Regression,False
14872,0,0.4004,0,0.0,train,Logistic Regression,True
14962,0,0.4003,0,0.0,train,Logistic Regression,True
12734,0,0.3996,0,0.0,train,Logistic Regression,True
14202,0,0.3995,0,0.0,train,Logistic Regression,True
13998,0,0.3995,0,0.0,train,Logistic Regression,True
17843,0,0.3992,0,0.0,train,Logistic Regression,True
18050,0,0.3991,0,0.0,train,Logistic Regression,True
13893,0,0.399,0,0.0,train,Logistic Regression,True
16461,0,0.3986,1,786.9,train,Logistic Regression,False
13414,0,0.3985,1,2605.0,held-out test,Logistic Regression,False
18001,0,0.3985,1,2326.6,train,Logistic Regression,False
14169,0,0.3981,0,0.0,train,Logistic Regression,True
15207,0,0.3978,0,0.0,train,Logistic Regression,True
14082,0,0.3971,0,0.0,held-out test,Logistic Regression,True
12379,0,0.3968,1,3991.4,train,Logistic Regression,False
15900,0,0.3967,1,1837.2,train,Logistic Regression,False
14398,0,0.3965,0,0.0,train,Logistic Regression,True
17694,0,0.3965,1,1539.2,train,Logistic Regression,False
13895,0,0.3963,1,11486.8,train,Logistic Regression,False
14425,0,0.3962,0,0.0,train,Logistic Regression,True
13370,0,0.3958,0,0.0,train,Logistic Regression,True
15528,0,0.3956,0,0.0,held-out test,Logistic Regression,True
12813,0,0.395,0,0.0,train,Logistic Regression,True
13238,0,0.3947,1,2793.1,train,Logistic Regression,False
16071,0,0.3944,1,1791.5,train,Logistic Regression,False
13729,0,0.3944,0,0.0,train,Logistic Regression,True
17122,0,0.3938,1,757.6,train,Logistic Regression,False
14949,0,0.3936,0,0.0,held-out test,Logistic Regression,True
16344,0,0.3934,0,197.4,train,Logistic Regression,True
17490,0,0.3933,1,5945.7,train,Logistic Regression,False
16282,0,0.3932,0,0.0,train,Logistic Regression,True
13595,0,0.3931,0,0.0,train,Logistic Regression,True
17852,0,0.393,1,626.8,train,Logistic Regression,False
14891,0,0.3928,1,3021.1,train,Logistic Regression,False
13899,0,0.3926,1,495.4,train,Logistic Regression,False
12365,0,0.3926,0,0.0,train,Logistic Regression,True
14645,0,0.3924,1,1947.9,held-out test,Logistic Regression,False
17649,0,0.3923,1,4762.5,train,Logistic Regression,False
12880,0,0.3923,0,0.0,train,Logistic Regression,True
14973,0,0.3918,1,2731.1,train,Logistic Regression,False
12374,0,0.3917,1,3127.6,train,Logistic Regression,False
16574,0,0.3916,1,2450.6,train,Logistic Regression,False
13540,0,0.3915,0,0.0,train,Logistic Regression,True
15677,0,0.3914,1,3352.5,held-out test,Logistic Regression,False
15669,0,0.3908,1,1715.4,train,Logistic Regression,False
17561,0,0.3907,1,913.7,train,Logistic Regression,False
12917,0,0.3903,0,0.0,train,Logistic Regression,True
18286,0,0.3899,0,0.0,held-out test,Logistic Regression,True
15468,0,0.3897,1,2564.3,train,Logistic Regression,False
12767,0,0.3894,0,0.0,train,Logistic Regression,True
18159,0,0.3894,0,0.0,held-out test,Logistic Regression,True
14550,0,0.3893,1,2204.1,train,Logistic Regression,False
15935,0,0.3891,0,0.0,held-out test,Logistic Regression,True
18141,0,0.389,0,0.0,train,Logistic Regression,True
13386,0,0.389,0,0.0,held-out test,Logistic Regression,True
16798,0,0.3889,0,0.0,train,Logistic Regression,True
13385,0,0.3888,0,0.0,train,Logistic Regression,True
14142,0,0.3886,0,0.0,train,Logistic Regression,True
15807,0,0.3882,1,4665.4,train,Logistic Regression,False
17349,0,0.3881,0,313.3,train,Logistic Regression,True
15994,0,0.3881,1,1486.1,train,Logistic Regression,False
12781,0,0.388,1,1168.0,train,Logistic Regression,False
14597,0,0.3879,1,1787.1,train,Logistic Regression,False
13043,0,0.3876,0,0.0,train,Logistic Regression,True
17789,0,0.3875,0,0.0,train,Logistic Regression,True
15121,0,0.3873,1,886.4,train,Logistic Regression,False
14301,0,0.3871,1,673.2,train,Logistic Regression,False
16527,0,0.3871,1,1241.5,held-out test,Logistic Regression,False
16991,0,0.3871,0,0.0,train,Logistic Regression,True
14270,0,0.387,0,0.0,train,Logistic Regression,True
15105,0,0.3868,1,8640.6,train,Logistic Regression,False
13792,0,0.3867,1,655.6,train,Logistic Regression,False
15090,0,0.3866,0,0.0,train,Logistic Regression,True
17307,0,0.3863,0,0.0,train,Logistic Regression,True
13641,0,0.3861,0,0.0,train,Logistic Regression,True
14904,0,0.3861,1,4281.7,held-out test,Logistic Regression,False
13598,0,0.3859,1,880.1,train,Logistic Regression,False
14297,0,0.3859,1,5565.8,train,Logistic Regression,False
16885,0,0.3853,1,1492.8,train,Logistic Regression,False
17431,0,0.3852,0,0.0,train,Logistic Regression,True
14586,0,0.3847,0,0.0,train,Logistic Regression,True
17371,0,0.3844,1,1531.7,train,Logistic Regression,False
14803,0,0.3844,1,622.2,held-out test,Logistic Regression,False
16677,0,0.3843,0,0.0,held-out test,Logistic Regression,True
14265,0,0.3843,1,2950.2,train,Logistic Regression,False
16697,0,0.3843,0,0.0,train,Logistic Regression,True
12852,0,0.384,0,0.0,train,Logistic Regression,True
17242,0,0.3838,1,2567.7,train,Logistic Regression,False
16862,0,0.3837,0,0.0,train,Logistic Regression,True
17473,0,0.3834,0,0.0,train,Logistic Regression,True
12931,0,0.3827,0,243.4,train,Logistic Regression,True
12604,0,0.3826,1,417.6,train,Logistic Regression,False
16573,0,0.3825,1,2056.7,train,Logistic Regression,False
17004,0,0.3824,1,3961.9,train,Logistic Regression,False
13932,0,0.3824,0,0.0,train,Logistic Regression,True
12891,0,0.3822,0,0.0,train,Logistic Regression,True
15369,0,0.382,0,0.0,train,Logistic Regression,True
13778,0,0.382,1,981.1,train,Logistic Regression,False
17783,0,0.382,1,991.2,train,Logistic Regression,False
17478,0,0.3819,0,0.0,held-out test,Logistic Regression,True
15921,0,0.3819,1,1052.0,train,Logistic Regression,False
15957,0,0.3815,1,2082.5,held-out test,Logistic Regression,False
16590,0,0.3812,0,0.0,train,Logistic Regression,True
14556,0,0.3811,0,0.0,train,Logistic Regression,True
14413,0,0.3811,0,0.0,train,Logistic Regression,True
16500,0,0.3809,1,1286.0,held-out test,Logistic Regression,False
16961,0,0.3808,1,1286.7,train,Logistic Regression,False
16952,0,0.3806,1,933.3,train,Logistic Regression,False
15445,0,0.3806,0,0.0,held-out test,Logistic Regression,True
13461,0,0.3805,1,1819.0,train,Logistic Regression,False
16330,0,0.3804,1,765.9,train,Logistic Regression,False
17394,0,0.3801,0,0.0,train,Logistic Regression,True
16468,0,0.38,0,68.9,train,Logistic Regression,True
17834,0,0.3798,0,0.0,train,Logistic Regression,True
14400,0,0.3796,1,2005.8,held-out test,Logistic Regression,False
15901,0,0.3795,1,1927.7,train,Logistic Regression,False
15191,0,0.3786,0,0.0,held-out test,Logistic Regression,True
15087,0,0.3785,0,0.0,train,Logistic Regression,True
14014,0,0.3784,1,2702.8,train,Logistic Regression,False
18154,0,0.3783,1,2176.0,train,Logistic Regression,False
13581,0,0.3781,0,0.0,held-out test,Logistic Regression,True
15257,0,0.3781,0,0.0,held-out test,Logistic Regression,True
15186,0,0.3781,1,2261.2,train,Logistic Regression,False
17529,0,0.3776,0,0.0,train,Logistic Regression,True
16472,0,0.3774,0,0.0,held-out test,Logistic Regression,True
17171,0,0.3773,0,0.0,train,Logistic Regression,True
14219,0,0.3772,1,485.0,train,Logistic Regression,False
18129,0,0.3771,0,0.0,train,Logistic Regression,True
17999,0,0.3769,1,1041.8,train,Logistic Regression,False
13897,0,0.3769,1,1416.6,held-out test,Logistic Regression,False
15709,0,0.3764,0,0.0,train,Logistic Regression,True
16781,0,0.3764,0,0.0,train,Logistic Regression,True
16825,0,0.3759,1,2529.0,train,Logistic Regression,False
15806,0,0.3758,1,1053.8,train,Logistic Regression,False
15920,0,0.3756,1,919.0,train,Logistic Regression,False
14671,0,0.3755,0,0.0,train,Logistic Regression,True
16298,0,0.375,1,2223.4,train,Logistic Regression,False
13677,0,0.3747,0,0.0,train,Logistic Regression,True
14784,0,0.3742,1,954.3,train,Logistic Regression,False
13859,0,0.374,0,0.0,train,Logistic Regression,True
14372,0,0.374,0,0.0,train,Logistic Regression,True
13045,0,0.3735,1,1684.5,train,Logistic Regression,False
12665,0,0.3734,0,0.0,train,Logistic Regression,True
18250,0,0.3733,0,0.0,held-out test,Logistic Regression,True
16315,0,0.3733,0,0.0,train,Logistic Regression,True
15710,0,0.3727,0,0.0,train,Logistic Regression,True
16262,0,0.3724,0,0.0,train,Logistic Regression,True
18101,0,0.3718,1,1220.7,train,Logistic Regression,False
13287,0,0.3717,0,0.0,train,Logistic Regression,True
16868,0,0.3713,0,0.0,train,Logistic Regression,True
15554,0,0.371,0,0.0,held-out test,Logistic Regression,True
16509,0,0.371,0,0.0,train,Logistic Regression,True
17250,0,0.3707,1,963.5,held-out test,Logistic Regression,False
13957,0,0.3707,0,0.0,train,Logistic Regression,True
17823,0,0.3706,0,0.0,train,Logistic Regression,True
12486,0,0.3702,0,0.0,train,Logistic Regression,True
17951,0,0.3701,1,920.4,held-out test,Logistic Regression,False
15471,0,0.3697,1,2040.9,train,Logistic Regression,False
14133,0,0.3695,1,1567.6,train,Logistic Regression,False
13072,0,0.3693,0,0.0,train,Logistic Regression,True
12505,0,0.3693,0,0.0,train,Logistic Regression,True
15043,0,0.3692,0,0.0,held-out test,Logistic Regression,True
16425,0,0.3691,0,0.0,train,Logistic Regression,True
17020,0,0.369,0,0.0,train,Logistic Regression,True
12711,0,0.3688,0,0.0,held-out test,Logistic Regression,True
16030,0,0.3687,0,0.0,train,Logistic Regression,True
13585,0,0.3686,0,0.0,train,Logistic Regression,True
12694,0,0.3686,1,2771.8,train,Logistic Regression,False
17698,0,0.3686,0,0.0,train,Logistic Regression,True
16757,0,0.3685,0,0.0,train,Logistic Regression,True
17547,0,0.3685,0,0.0,held-out test,Logistic Regression,True
12675,0,0.3685,0,0.0,train,Logistic Regression,True
15080,0,0.3684,0,0.0,train,Logistic Regression,True
14365,0,0.3684,0,0.0,held-out test,Logistic Regression,True
17105,0,0.3683,1,1902.6,held-out test,Logistic Regression,False
12350,0,0.3677,0,0.0,train,Logistic Regression,True
16491,0,0.3677,1,3456.1,train,Logistic Regression,False
15586,0,0.3675,0,0.0,train,Logistic Regression,True
17807,0,0.3675,0,0.0,train,Logistic Regression,True
13459,0,0.3674,0,0.0,train,Logistic Regression,True
12575,0,0.3673,0,0.0,train,Logistic Regression,True
17396,0,0.3671,0,304.0,train,Logistic Regression,True
15958,0,0.367,0,335.7,train,Logistic Regression,True
13300,0,0.3669,1,2042.2,train,Logistic Regression,False
12506,0,0.3665,0,0.0,train,Logistic Regression,True
17771,0,0.3663,1,734.7,held-out test,Logistic Regression,False
15074,0,0.3662,1,4039.4,train,Logistic Regression,False
13605,0,0.366,0,0.0,train,Logistic Regression,True
12761,0,0.366,0,0.0,train,Logistic Regression,True
16576,0,0.3657,0,0.0,train,Logistic Regression,True
16888,0,0.3653,0,0.0,train,Logistic Regression,True
17643,0,0.3653,0,0.0,train,Logistic Regression,True
18093,0,0.3651,1,505.2,train,Logistic Regression,False
17998,0,0.3651,0,0.0,train,Logistic Regression,True
15501,0,0.365,0,0.0,train,Logistic Regression,True
14608,0,0.365,1,491.5,held-out test,Logistic Regression,False
16075,0,0.365,0,0.0,train,Logistic Regression,True
17482,0,0.3649,0,0.0,train,Logistic Regression,True
12533,0,0.3648,0,0.0,train,Logistic Regression,True
13049,0,0.3646,0,249.8,train,Logistic Regression,True
18212,0,0.3645,0,0.0,train,Logistic Regression,True
12419,0,0.3642,0,0.0,train,Logistic Regression,True
15543,0,0.3641,0,0.0,train,Logistic Regression,True
15484,0,0.364,1,12652.1,train,Logistic Regression,False
15053,0,0.3639,1,2267.6,train,Logistic Regression,False
13565,0,0.3638,1,713.1,train,Logistic Regression,False
18224,0,0.3637,0,0.0,train,Logistic Regression,True
18047,0,0.3637,0,0.0,train,Logistic Regression,True
13937,0,0.3636,1,865.8,held-out test,Logistic Regression,False
16679,0,0.3636,0,0.0,train,Logistic Regression,True
15666,0,0.3633,0,0.0,held-out test,Logistic Regression,True
15183,0,0.3633,0,0.0,train,Logistic Regression,True
15887,0,0.3632,0,0.0,train,Logistic Regression,True
13754,0,0.3629,1,402.0,train,Logistic Regression,False
14690,0,0.3627,1,1953.7,train,Logistic Regression,False
15446,0,0.3626,0,0.0,train,Logistic Regression,True
14663,0,0.3625,0,0.0,train,Logistic Regression,True
14324,0,0.3625,0,0.0,held-out test,Logistic Regression,True
17298,0,0.3624,1,2284.3,train,Logistic Regression,False
14599,0,0.3621,0,0.0,held-out test,Logistic Regression,True
17531,0,0.3617,1,1642.6,train,Logistic Regression,False
12809,0,0.3615,1,2217.6,train,Logistic Regression,False
17935,0,0.3614,1,800.8,train,Logistic Regression,False
15234,0,0.3613,0,0.0,held-out test,Logistic Regression,True
13073,0,0.3612,0,0.0,train,Logistic Regression,True
13686,0,0.361,1,385.0,train,Logistic Regression,False
13494,0,0.3605,0,0.0,train,Logistic Regression,True
15842,0,0.3603,0,0.0,train,Logistic Regression,True
14986,0,0.36,0,0.0,train,Logistic Regression,True
15481,0,0.3599,0,0.0,held-out test,Logistic Regression,True
14026,0,0.3595,0,0.0,held-out test,Logistic Regression,True
16021,0,0.3592,0,0.0,train,Logistic Regression,True
12425,0,0.3592,1,2939.6,train,Logistic Regression,False
12907,0,0.3591,0,0.0,train,Logistic Regression,True
16358,0,0.3589,1,8767.2,train,Logistic Regression,False
15639,0,0.3586,1,2394.1,train,Logistic Regression,False
13337,0,0.3585,0,0.0,held-out test,Logistic Regression,True
13435,0,0.3585,1,5434.9,train,Logistic Regression,False
12829,0,0.3582,0,0.0,train,Logistic Regression,True
15011,0,0.3581,0,0.0,train,Logistic Regression,True
17268,0,0.358,0,193.2,train,Logistic Regression,True
17795,0,0.3577,1,1024.4,train,Logistic Regression,False
17666,0,0.3576,1,1496.0,train,Logistic Regression,False
14020,0,0.3574,1,3517.8,held-out test,Logistic Regression,False
12905,0,0.3573,0,0.0,train,Logistic Regression,True
17804,0,0.3573,0,0.0,train,Logistic Regression,True
13807,0,0.3572,0,0.0,train,Logistic Regression,True
16836,0,0.3571,1,963.0,train,Logistic Regression,False
16799,0,0.357,0,0.0,train,Logistic Regression,True
13038,0,0.3568,1,817.2,train,Logistic Regression,False
15945,0,0.3567,0,0.0,train,Logistic Regression,True
16120,0,0.3564,1,2358.4,train,Logistic Regression,False
16246,0,0.3564,0,0.0,train,Logistic Regression,True
13480,0,0.3563,0,0.0,train,Logistic Regression,True
12911,0,0.3562,0,0.0,train,Logistic Regression,True
14087,0,0.3558,1,1040.2,train,Logistic Regression,False
14611,0,0.3555,0,0.0,train,Logistic Regression,True
15784,0,0.3555,0,0.0,train,Logistic Regression,True
14761,0,0.3555,0,330.0,train,Logistic Regression,True
14964,0,0.3551,0,0.0,train,Logistic Regression,True
17937,0,0.355,1,365.6,train,Logistic Regression,False
15970,0,0.3547,0,0.0,train,Logistic Regression,True
12903,0,0.3547,0,0.0,train,Logistic Regression,True
15278,0,0.3546,0,0.0,held-out test,Logistic Regression,True
17766,0,0.3543,0,0.0,train,Logistic Regression,True
15319,0,0.3542,0,0.0,train,Logistic Regression,True
17161,0,0.354,0,0.0,train,Logistic Regression,True
15430,0,0.3538,0,0.0,train,Logistic Regression,True
13396,0,0.3537,1,2664.5,train,Logistic Regression,False
14778,0,0.3537,1,1301.2,train,Logistic Regression,False
18176,0,0.3534,0,0.0,train,Logistic Regression,True
17882,0,0.3532,0,0.0,train,Logistic Regression,True
16661,0,0.3527,0,0.0,train,Logistic Regression,True
15169,0,0.3527,0,0.0,train,Logistic Regression,True
14066,0,0.3526,0,0.0,train,Logistic Regression,True
14358,0,0.3524,0,0.0,train,Logistic Regression,True
15637,0,0.3521,1,1224.6,train,Logistic Regression,False
15055,0,0.3519,0,0.0,train,Logistic Regression,True
16278,0,0.3519,1,1900.8,held-out test,Logistic Regression,False
13363,0,0.3518,1,4870.4,held-out test,Logistic Regression,False
15814,0,0.3517,1,6103.6,held-out test,Logistic Regression,False
14302,0,0.3514,0,0.0,train,Logistic Regression,True
13169,0,0.3513,1,882.4,held-out test,Logistic Regression,False
15190,0,0.3509,0,0.0,train,Logistic Regression,True
17388,0,0.3508,1,1049.1,train,Logistic Regression,False
17711,0,0.3506,1,901.8,train,Logistic Regression,False
15254,0,0.3502,1,1680.9,train,Logistic Regression,False
17300,0,0.3502,0,0.0,train,Logistic Regression,True
15512,0,0.3501,0,108.0,train,Logistic Regression,True
13964,0,0.3501,0,0.0,train,Logistic Regression,True
16060,0,0.3501,0,0.0,train,Logistic Regression,True
18006,0,0.3499,1,1511.2,held-out test,Logistic Regression,False
12703,0,0.3498,1,1546.0,train,Logistic Regression,False
18114,0,0.3498,0,0.0,held-out test,Logistic Regression,True
16749,0,0.3497,0,0.0,train,Logistic Regression,True
13225,0,0.3497,0,0.0,train,Logistic Regression,True
13646,0,0.3496,0,0.0,held-out test,Logistic Regression,True
13074,0,0.3496,0,0.0,train,Logistic Regression,True
12378,0,0.3495,1,20452.3,train,Logistic Regression,False
13433,0,0.3494,0,0.0,train,Logistic Regression,True
16958,0,0.3493,0,0.0,train,Logistic Regression,True
14382,0,0.349,1,3311.2,held-out test,Logistic Regression,False
12439,0,0.3488,0,0.0,train,Logistic Regression,True
16667,0,0.3487,1,2012.6,train,Logistic Regression,False
15608,0,0.3486,1,5412.2,train,Logistic Regression,False
14687,0,0.3486,1,1400.0,train,Logistic Regression,False
16259,0,0.3482,0,0.0,train,Logistic Regression,True
15012,0,0.348,1,1189.6,train,Logistic Regression,False
15037,0,0.3479,0,0.0,train,Logistic Regression,True
13465,0,0.3478,0,0.0,train,Logistic Regression,True
14942,0,0.3478,0,0.0,train,Logistic Regression,True
17962,0,0.3473,1,553.6,train,Logistic Regression,False
13415,0,0.3472,0,0.0,train,Logistic Regression,True
16136,0,0.3472,1,2762.6,train,Logistic Regression,False
16808,0,0.347,0,324.0,held-out test,Logistic Regression,True
12902,0,0.3465,0,0.0,held-out test,Logistic Regression,True
13165,0,0.3462,1,1984.8,train,Logistic Regression,False
16606,0,0.3461,0,0.0,held-out test,Logistic Regression,True
15670,0,0.3459,0,0.0,train,Logistic Regression,True
17569,0,0.345,0,0.0,train,Logistic Regression,True
13034,0,0.345,1,2627.8,train,Logistic Regression,False
17622,0,0.3449,0,0.0,train,Logistic Regression,True
16596,0,0.3449,1,710.2,train,Logistic Regression,False
15236,0,0.3447,0,0.0,train,Logistic Regression,True
12672,0,0.3445,0,0.0,train,Logistic Regression,True
14838,0,0.3444,0,0.0,train,Logistic Regression,True
13472,0,0.3444,0,0.0,train,Logistic Regression,True
14041,0,0.3441,0,0.0,train,Logistic Regression,True
17123,0,0.3439,1,1156.8,held-out test,Logistic Regression,False
13588,0,0.3438,1,13124.7,train,Logistic Regression,False
13600,0,0.3434,0,0.0,train,Logistic Regression,True
16723,0,0.3434,1,2242.4,held-out test,Logistic Regression,False
17217,0,0.3432,0,0.0,train,Logistic Regression,True
14237,0,0.3428,0,0.0,train,Logistic Regression,True
13973,0,0.3428,0,0.0,train,Logistic Regression,True
16997,0,0.3427,0,0.0,train,Logistic Regression,True
15165,0,0.3427,0,0.0,train,Logistic Regression,True
16893,0,0.3424,0,0.0,train,Logistic Regression,True
18002,0,0.3423,0,0.0,held-out test,Logistic Regression,True
14563,0,0.3422,0,0.0,train,Logistic Regression,True
12561,0,0.3421,0,0.0,train,Logistic Regression,True
13840,0,0.3418,0,0.0,train,Logistic Regression,True
17000,0,0.3417,0,0.0,train,Logistic Regression,True
15084,0,0.3414,0,0.0,held-out test,Logistic Regression,True
16001,0,0.3411,0,0.0,held-out test,Logistic Regression,True
12469,0,0.3411,0,0.0,train,Logistic Regression,True
14452,0,0.3408,1,1423.9,train,Logistic Regression,False
14536,0,0.3407,0,0.0,train,Logistic Regression,True
12559,0,0.3401,0,0.0,train,Logistic Regression,True
17205,0,0.3401,1,1453.2,train,Logistic Regression,False
16850,0,0.3397,0,0.0,held-out test,Logistic Regression,True
14568,0,0.3395,0,0.0,train,Logistic Regression,True
12537,0,0.3394,0,0.0,train,Logistic Regression,True
18010,0,0.3393,0,0.0,train,Logistic Regression,True
14417,0,0.3392,0,0.0,train,Logistic Regression,True
17038,0,0.3392,1,619.4,train,Logistic Regression,False
18203,0,0.3391,1,583.6,held-out test,Logistic Regression,False
14957,0,0.3389,0,0.0,train,Logistic Regression,True
13024,0,0.3388,0,0.0,held-out test,Logistic Regression,True
15995,0,0.3386,0,0.0,train,Logistic Regression,True
16437,0,0.3383,0,0.0,train,Logistic Regression,True
13123,0,0.3379,0,0.0,held-out test,Logistic Regression,True
12664,0,0.3379,1,1326.0,train,Logistic Regression,False
16269,0,0.3378,0,0.0,train,Logistic Regression,True
16519,0,0.3376,1,613.5,held-out test,Logistic Regression,False
13589,0,0.3374,1,2081.7,train,Logistic Regression,False
16517,0,0.3373,0,0.0,train,Logistic Regression,True
15076,0,0.337,1,4554.5,train,Logistic Regression,False
15584,0,0.3368,1,3711.4,train,Logistic Regression,False
13264,0,0.3368,0,0.0,train,Logistic Regression,True
12489,0,0.3366,0,0.0,held-out test,Logistic Regression,True
16522,0,0.3364,0,0.0,held-out test,Logistic Regression,True
14059,0,0.336,0,0.0,train,Logistic Regression,True
14296,0,0.3355,0,0.0,train,Logistic Regression,True
13892,0,0.3355,1,1854.0,train,Logistic Regression,False
16660,0,0.3349,1,1136.1,held-out test,Logistic Regression,False
15388,0,0.3348,0,0.0,train,Logistic Regression,True
13716,0,0.3343,0,0.0,train,Logistic Regression,True
17269,0,0.334,0,0.0,train,Logistic Regression,True
17462,0,0.3337,1,1165.6,train,Logistic Regression,False
13434,0,0.3337,1,708.0,train,Logistic Regression,False
13997,0,0.3335,0,0.0,train,Logistic Regression,True
15573,0,0.3335,1,3239.6,train,Logistic Regression,False
13904,0,0.3334,1,724.9,held-out test,Logistic Regression,False
18262,0,0.3334,1,813.6,train,Logistic Regression,False
15362,0,0.3333,0,0.0,train,Logistic Regression,True
16601,0,0.3332,1,1329.2,train,Logistic Regression,False
17856,0,0.333,0,292.5,train,Logistic Regression,True
18098,0,0.3329,0,0.0,train,Logistic Regression,True
13359,0,0.3327,1,2132.6,train,Logistic Regression,False
13597,0,0.3326,0,0.0,train,Logistic Regression,True
15824,0,0.3326,0,0.0,train,Logistic Regression,True
14627,0,0.3324,0,0.0,train,Logistic Regression,True
17535,0,0.3322,0,0.0,train,Logistic Regression,True
15872,0,0.3322,1,1734.7,train,Logistic Regression,False
12543,0,0.3321,0,0.0,held-out test,Logistic Regression,True
16204,0,0.3316,1,2107.7,train,Logistic Regression,False
15310,0,0.3316,0,0.0,train,Logistic Regression,True
13103,0,0.3314,1,784.4,train,Logistic Regression,False
18112,0,0.3309,1,1918.8,train,Logistic Regression,False
17695,0,0.3308,1,3302.3,train,Logistic Regression,False
12632,0,0.3307,0,0.0,train,Logistic Regression,True
16117,0,0.3307,1,1276.7,train,Logistic Regression,False
14996,0,0.3306,0,0.0,train,Logistic Regression,True
18011,0,0.3304,0,0.0,held-out test,Logistic Regression,True
17825,0,0.3303,0,0.0,train,Logistic Regression,True
12784,0,0.3297,1,2623.0,train,Logistic Regression,False
16373,0,0.3296,0,0.0,train,Logistic Regression,True
15138,0,0.3296,0,0.0,held-out test,Logistic Regression,True
14412,0,0.3293,1,3742.3,train,Logistic Regression,False
14940,0,0.3291,0,0.0,held-out test,Logistic Regression,True
16939,0,0.329,0,0.0,train,Logistic Regression,True
16256,0,0.3287,0,0.0,train,Logistic Regression,True
15733,0,0.3286,0,0.0,train,Logistic Regression,True
14483,0,0.3284,0,0.0,train,Logistic Regression,True
14275,0,0.3282,0,0.0,train,Logistic Regression,True
13104,0,0.328,1,1297.2,train,Logistic Regression,False
12958,0,0.3279,0,0.0,train,Logistic Regression,True
14632,0,0.3279,0,0.0,train,Logistic Regression,True
12873,0,0.3278,0,0.0,train,Logistic Regression,True
17476,0,0.3277,0,0.0,train,Logistic Regression,True
13950,0,0.3276,1,2416.4,train,Logistic Regression,False
15137,0,0.3272,0,0.0,train,Logistic Regression,True
16856,0,0.3271,0,192.0,train,Logistic Regression,True
16310,0,0.327,0,0.0,train,Logistic Regression,True
17689,0,0.3269,0,0.0,train,Logistic Regression,True
14322,0,0.3268,0,0.0,train,Logistic Regression,True
13545,0,0.3268,0,0.0,train,Logistic Regression,True
13496,0,0.3267,1,842.0,train,Logistic Regression,False
15304,0,0.3266,1,1011.2,train,Logistic Regression,False
16426,0,0.3263,1,8386.2,train,Logistic Regression,False
13316,0,0.3259,1,1218.5,held-out test,Logistic Regression,False
13375,0,0.3258,1,3703.7,held-out test,Logistic Regression,False
15775,0,0.3256,0,0.0,train,Logistic Regression,True
12699,0,0.3254,0,0.0,held-out test,Logistic Regression,True
16039,0,0.325,0,0.0,train,Logistic Regression,True
16884,0,0.3249,1,2356.6,train,Logistic Regression,False
14155,0,0.3244,0,0.0,held-out test,Logistic Regression,True
16785,0,0.3242,0,0.0,train,Logistic Regression,True
15936,0,0.324,0,0.0,held-out test,Logistic Regression,True
16451,0,0.324,1,1191.3,train,Logistic Regression,False
17745,0,0.3238,0,0.0,train,Logistic Regression,True
13086,0,0.3233,0,0.0,train,Logistic Regression,True
12666,0,0.3228,0,0.0,train,Logistic Regression,True
13399,0,0.3227,0,0.0,train,Logistic Regression,True
12923,0,0.3226,1,949.4,train,Logistic Regression,False
15211,0,0.3226,1,2806.6,held-out test,Logistic Regression,False
15769,0,0.3226,0,0.0,train,Logistic Regression,True
17759,0,0.3225,1,4478.1,train,Logistic Regression,False
15973,0,0.3218,0,0.0,train,Logistic Regression,True
15243,0,0.3217,1,1740.1,train,Logistic Regression,False
14162,0,0.3214,1,611.4,train,Logistic Regression,False
14427,0,0.3213,1,1754.6,train,Logistic Regression,False
15359,0,0.3213,0,0.0,train,Logistic Regression,True
18049,0,0.3211,0,0.0,train,Logistic Regression,True
12531,0,0.3211,1,685.9,train,Logistic Regression,False
14058,0,0.3211,0,0.0,train,Logistic Regression,True
13277,0,0.3207,1,876.0,train,Logistic Regression,False
14807,0,0.3206,0,0.0,train,Logistic Regression,True
17094,0,0.3205,0,0.0,train,Logistic Regression,True
16720,0,0.3203,1,838.3,train,Logistic Regression,False
15559,0,0.3202,0,0.0,train,Logistic Regression,True
13237,0,0.3201,0,0.0,train,Logistic Regression,True
15323,0,0.3201,0,0.0,train,Logistic Regression,True
14046,0,0.3198,0,0.0,train,Logistic Regression,True
14967,0,0.3197,0,165.6,train,Logistic Regression,True
17258,0,0.3196,0,0.0,train,Logistic Regression,True
17274,0,0.3191,1,591.2,train,Logistic Regression,False
12845,0,0.3186,0,0.0,train,Logistic Regression,True
13513,0,0.3183,1,794.3,train,Logistic Regression,False
15959,0,0.3183,0,0.0,train,Logistic Regression,True
12800,0,0.3182,0,0.0,train,Logistic Regression,True
15418,0,0.318,0,0.0,held-out test,Logistic Regression,True
16815,0,0.3177,0,0.0,train,Logistic Regression,True
18243,0,0.3176,0,0.0,train,Logistic Regression,True
15948,0,0.3176,1,5256.6,train,Logistic Regression,False
17763,0,0.3175,0,0.0,held-out test,Logistic Regression,True
18211,0,0.3175,1,2262.5,held-out test,Logistic Regression,False
18031,0,0.3175,0,0.0,train,Logistic Regression,True
17106,0,0.3172,0,0.0,train,Logistic Regression,True
17753,0,0.3171,0,0.0,train,Logistic Regression,True
14552,0,0.317,1,900.2,train,Logistic Regression,False
14877,0,0.3169,0,0.0,train,Logistic Regression,True
14303,0,0.3168,0,0.0,held-out test,Logistic Regression,True
15198,0,0.3168,1,1068.4,held-out test,Logistic Regression,False
13033,0,0.3168,0,0.0,train,Logistic Regression,True
16382,0,0.3166,0,0.0,train,Logistic Regression,True
18214,0,0.3163,0,0.0,train,Logistic Regression,True
16844,0,0.316,0,0.0,train,Logistic Regression,True
15650,0,0.3159,0,0.0,train,Logistic Regression,True
17906,0,0.3158,0,0.0,train,Logistic Regression,True
17792,0,0.3158,0,0.0,held-out test,Logistic Regression,True
14742,0,0.3157,0,0.0,train,Logistic Regression,True
13587,0,0.3155,1,740.8,train,Logistic Regression,False
17928,0,0.3153,0,334.0,train,Logistic Regression,True
16804,0,0.3153,1,2026.7,train,Logistic Regression,False
14429,0,0.3152,0,0.0,held-out test,Logistic Regression,True
16846,0,0.3148,1,1185.5,train,Logistic Regression,False
12847,0,0.3147,1,4357.1,held-out test,Logistic Regression,False
17299,0,0.3147,1,3278.3,held-out test,Logistic Regression,False
17407,0,0.3146,0,0.0,held-out test,Logistic Regression,True
17619,0,0.3144,0,0.0,train,Logistic Regression,True
17967,0,0.3143,0,0.0,train,Logistic Regression,True
15689,0,0.3142,1,380.0,held-out test,Logistic Regression,False
15703,0,0.3142,0,0.0,train,Logistic Regression,True
14675,0,0.3141,1,2936.1,train,Logistic Regression,False
16381,0,0.314,0,0.0,train,Logistic Regression,True
13245,0,0.314,1,2365.1,train,Logistic Regression,False
15971,0,0.3139,1,1265.0,train,Logistic Regression,False
15083,0,0.3137,0,0.0,train,Logistic Regression,True
12801,0,0.3136,0,0.0,train,Logistic Regression,True
16635,0,0.3134,0,0.0,train,Logistic Regression,True
13020,0,0.3133,0,0.0,train,Logistic Regression,True
12574,0,0.3129,0,0.0,train,Logistic Regression,True
16569,0,0.3128,0,187.5,train,Logistic Regression,True
13030,0,0.3127,1,1668.3,train,Logistic Regression,False
13255,0,0.3124,1,678.6,train,Logistic Regression,False
16614,0,0.3121,1,2409.9,train,Logistic Regression,False
16872,0,0.3117,0,70.0,held-out test,Logistic Regression,True
16598,0,0.3114,0,0.0,train,Logistic Regression,True
16535,0,0.3114,1,2298.7,train,Logistic Regression,False
13738,0,0.3113,0,0.0,train,Logistic Regression,True
14011,0,0.3113,0,0.0,train,Logistic Regression,True
13175,0,0.3112,0,0.0,train,Logistic Regression,True
17393,0,0.3106,0,0.0,train,Logistic Regression,True
13057,0,0.3105,0,0.0,train,Logistic Regression,True
14736,0,0.3104,0,0.0,train,Logistic Regression,True
15728,0,0.3104,0,0.0,train,Logistic Regression,True
15691,0,0.3104,0,0.0,train,Logistic Regression,True
17477,0,0.3102,0,0.0,train,Logistic Regression,True
12542,0,0.3102,0,0.0,train,Logistic Regression,True
15988,0,0.3101,1,836.9,train,Logistic Regression,False
15177,0,0.31,0,0.0,train,Logistic Regression,True
15968,0,0.3094,0,0.0,train,Logistic Regression,True
14285,0,0.309,1,1597.4,train,Logistic Regression,False
15454,0,0.3087,0,0.0,train,Logistic Regression,True
16166,0,0.3087,0,0.0,train,Logistic Regression,True
15155,0,0.3086,0,0.0,train,Logistic Regression,True
16887,0,0.3085,1,1055.6,train,Logistic Regression,False
17949,0,0.3082,0,263.7,held-out test,Logistic Regression,True
14165,0,0.3081,0,0.0,train,Logistic Regression,True
12440,0,0.3075,0,0.0,held-out test,Logistic Regression,True
15577,0,0.3073,1,1259.1,train,Logistic Regression,False
17326,0,0.3067,0,0.0,train,Logistic Regression,True
12565,0,0.3067,0,0.0,train,Logistic Regression,True
16274,0,0.3066,0,0.0,train,Logistic Regression,True
16234,0,0.3066,0,0.0,held-out test,Logistic Regression,True
13424,0,0.3065,0,0.0,held-out test,Logistic Regression,True
14238,0,0.3064,0,0.0,train,Logistic Regression,True
15504,0,0.3062,0,287.0,train,Logistic Regression,True
12996,0,0.3062,0,0.0,train,Logistic Regression,True
15989,0,0.306,0,0.0,held-out test,Logistic Regression,True
14319,0,0.3053,0,0.0,train,Logistic Regression,True
13666,0,0.3053,0,113.7,train,Logistic Regression,True
13733,0,0.305,0,0.0,train,Logistic Regression,True
17221,0,0.3047,1,1429.7,train,Logistic Regression,False
14008,0,0.3043,0,0.0,held-out test,Logistic Regression,True
16355,0,0.3043,0,0.0,train,Logistic Regression,True
13080,0,0.3042,0,315.6,train,Logistic Regression,True
16111,0,0.3041,0,0.0,train,Logistic Regression,True
17773,0,0.304,0,0.0,train,Logistic Regression,True
14183,0,0.304,0,0.0,train,Logistic Regression,True
17098,0,0.3035,0,0.0,held-out test,Logistic Regression,True
15969,0,0.3027,1,2544.2,train,Logistic Regression,False
15880,0,0.3025,0,0.0,train,Logistic Regression,True
15322,0,0.3023,1,3715.2,train,Logistic Regression,False
17654,0,0.302,0,0.0,train,Logistic Regression,True
15102,0,0.302,0,0.0,train,Logistic Regression,True
16538,0,0.302,0,0.0,held-out test,Logistic Regression,True
17029,0,0.3016,0,0.0,train,Logistic Regression,True
18244,0,0.3015,0,0.0,train,Logistic Regression,True
16648,0,0.3014,1,1600.9,train,Logistic Regression,False
12944,0,0.3013,1,1747.0,train,Logistic Regression,False
16089,0,0.3013,0,0.0,held-out test,Logistic Regression,True
16632,0,0.3012,0,0.0,train,Logistic Regression,True
15287,0,0.3011,1,1400.5,train,Logistic Regression,False
17172,0,0.301,1,1176.0,train,Logistic Regression,False
17163,0,0.3009,1,350.0,train,Logistic Regression,False
16675,0,0.3006,0,0.0,train,Logistic Regression,True
14487,0,0.3004,1,5718.0,train,Logistic Regression,False
16100,0,0.3004,0,0.0,train,Logistic Regression,True
12475,0,0.3002,1,3400.5,train,Logistic Regression,False
13965,0,0.3001,0,0.0,train,Logistic Regression,True
15627,0,0.2999,0,0.0,held-out test,Logistic Regression,True
14310,0,0.2998,0,0.0,held-out test,Logistic Regression,True
18034,0,0.2998,1,2263.9,held-out test,Logistic Regression,False
16827,0,0.2995,0,0.0,train,Logistic Regression,True
12515,0,0.2994,0,0.0,train,Logistic Regression,True
13374,0,0.2992,0,0.0,held-out test,Logistic Regression,True
17159,0,0.299,1,8457.6,held-out test,Logistic Regression,False
17607,0,0.2988,0,0.0,train,Logistic Regression,True
12804,0,0.2986,0,0.0,train,Logistic Regression,True
13607,0,0.2985,1,3701.9,train,Logistic Regression,False
17903,0,0.2984,0,0.0,train,Logistic Regression,True
14995,0,0.2984,1,618.9,train,Logistic Regression,False
14181,0,0.2984,0,0.0,train,Logistic Regression,True
15001,0,0.2983,0,0.0,held-out test,Logistic Regression,True
17276,0,0.2982,0,0.0,train,Logistic Regression,True
17551,0,0.2982,0,0.0,train,Logistic Regression,True
15771,0,0.2982,0,0.0,train,Logistic Regression,True
17976,0,0.2977,0,0.0,train,Logistic Regression,True
17170,0,0.2975,0,0.0,train,Logistic Regression,True
17256,0,0.2967,0,128.3,train,Logistic Regression,True
14172,0,0.2966,0,0.0,train,Logistic Regression,True
13514,0,0.2962,1,832.0,train,Logistic Regression,False
15645,0,0.2961,1,2647.7,train,Logistic Regression,False
15831,0,0.2961,1,2016.3,held-out test,Logistic Regression,False
16403,0,0.2955,0,0.0,held-out test,Logistic Regression,True
14097,0,0.2954,0,0.0,train,Logistic Regression,True
16345,0,0.295,1,2548.3,held-out test,Logistic Regression,False
13550,0,0.2948,0,0.0,train,Logistic Regression,True
14880,0,0.2946,1,3106.8,train,Logistic Regression,False
14151,0,0.2945,0,0.0,train,Logistic Regression,True
15462,0,0.2942,1,794.8,held-out test,Logistic Regression,False
17816,0,0.2941,0,83.5,train,Logistic Regression,True
17687,0,0.2937,0,0.0,train,Logistic Regression,True
13574,0,0.2934,0,0.0,held-out test,Logistic Regression,True
17397,0,0.2934,1,3206.6,held-out test,Logistic Regression,False
16704,0,0.2932,0,0.0,train,Logistic Regression,True
12825,0,0.2929,0,0.0,train,Logistic Regression,True
16583,0,0.2927,0,0.0,train,Logistic Regression,True
12777,0,0.2926,0,0.0,train,Logistic Regression,True
16565,0,0.2924,0,0.0,held-out test,Logistic Regression,True
14386,0,0.2923,0,0.0,train,Logistic Regression,True
14722,0,0.2919,1,983.2,train,Logistic Regression,False
18086,0,0.2919,0,0.0,train,Logistic Regression,True
12881,0,0.2918,0,0.0,train,Logistic Regression,True
12742,0,0.2918,0,0.0,train,Logistic Regression,True
15915,0,0.2917,0,0.0,train,Logistic Regression,True
13770,0,0.2916,0,0.0,train,Logistic Regression,True
12492,0,0.2916,1,1454.9,train,Logistic Regression,False
17776,0,0.2915,0,0.0,train,Logistic Regression,True
12730,0,0.2914,0,0.0,train,Logistic Regression,True
16864,0,0.2914,0,0.0,train,Logistic Regression,True
15888,0,0.2913,1,507.2,train,Logistic Regression,False
13909,0,0.2909,0,0.0,train,Logistic Regression,True
15070,0,0.2908,0,0.0,held-out test,Logistic Regression,True
16406,0,0.2904,1,844.1,train,Logistic Regression,False
12745,0,0.2903,0,0.0,train,Logistic Regression,True
12351,0,0.2903,0,0.0,train,Logistic Regression,True
13624,0,0.2901,0,0.0,train,Logistic Regression,True
13252,0,0.29,0,0.0,train,Logistic Regression,True
12810,0,0.2899,0,0.0,train,Logistic Regression,True
17518,0,0.2899,0,0.0,held-out test,Logistic Regression,True
14197,0,0.2899,0,0.0,train,Logistic Regression,True
13843,0,0.2897,0,0.0,train,Logistic Regression,True
15793,0,0.2896,0,319.5,train,Logistic Regression,True
13328,0,0.2893,0,0.0,train,Logistic Regression,True
16998,0,0.2887,0,43.8,train,Logistic Regression,True
15208,0,0.2884,1,3517.4,train,Logistic Regression,False
18003,0,0.2882,0,0.0,train,Logistic Regression,True
14771,0,0.2878,0,0.0,held-out test,Logistic Regression,True
12890,0,0.2878,1,1823.0,train,Logistic Regression,False
13284,0,0.2878,0,0.0,train,Logistic Regression,True
13865,0,0.2873,1,2079.6,train,Logistic Regression,False
14294,0,0.2873,0,0.0,held-out test,Logistic Regression,True
17156,0,0.2871,0,0.0,train,Logistic Regression,True
14126,0,0.287,1,1167.3,held-out test,Logistic Regression,False
13167,0,0.2869,1,4287.1,train,Logistic Regression,False
12844,0,0.2869,1,1785.7,held-out test,Logistic Regression,False
13894,0,0.2868,1,1546.7,train,Logistic Regression,False
13181,0,0.2864,0,0.0,train,Logistic Regression,True
13861,0,0.2864,0,0.0,train,Logistic Regression,True
13171,0,0.2863,1,1062.8,train,Logistic Regression,False
13441,0,0.2862,1,927.2,train,Logistic Regression,False
17335,0,0.2862,0,0.0,train,Logistic Regression,True
13773,0,0.2859,0,0.0,train,Logistic Regression,True
18264,0,0.2857,0,0.0,train,Logistic Regression,True
15634,0,0.2856,1,1334.7,train,Logistic Regression,False
12818,0,0.2853,0,0.0,train,Logistic Regression,True
14917,0,0.285,0,0.0,train,Logistic Regression,True
13067,0,0.285,1,633.0,train,Logistic Regression,False
16617,0,0.2849,0,0.0,train,Logistic Regression,True
15726,0,0.2847,0,0.0,train,Logistic Regression,True
15337,0,0.2845,0,0.0,train,Logistic Regression,True
17517,0,0.2843,0,0.0,train,Logistic Regression,True
12376,0,0.2842,0,0.0,train,Logistic Regression,True
16415,0,0.2841,1,1092.1,held-out test,Logistic Regression,False
18135,0,0.2839,1,723.2,train,Logistic Regression,False
16778,0,0.2837,1,843.0,train,Logistic Regression,False
16829,0,0.2834,1,1081.3,held-out test,Logistic Regression,False
13775,0,0.2832,0,0.0,train,Logistic Regression,True
16239,0,0.2832,1,1984.8,train,Logistic Regression,False
17117,0,0.283,0,0.0,train,Logistic Regression,True
18284,0,0.2829,0,0.0,train,Logistic Regression,True
17060,0,0.2828,0,0.0,train,Logistic Regression,True
13274,0,0.2828,0,0.0,train,Logistic Regression,True
14024,0,0.2827,1,1796.4,train,Logistic Regression,False
12754,0,0.2826,0,0.0,train,Logistic Regression,True
15226,0,0.2825,0,0.0,train,Logistic Regression,True
13768,0,0.2824,0,0.0,train,Logistic Regression,True
13432,0,0.2824,0,0.0,train,Logistic Regression,True
14569,0,0.2823,0,278.4,train,Logistic Regression,True
16450,0,0.2817,1,1327.2,train,Logistic Regression,False
15283,0,0.2817,0,0.0,train,Logistic Regression,True
14115,0,0.2817,0,0.0,held-out test,Logistic Regression,True
14459,0,0.2816,1,3466.4,train,Logistic Regression,False
17918,0,0.2814,0,0.0,train,Logistic Regression,True
16252,0,0.2813,0,0.0,held-out test,Logistic Regression,True
13679,0,0.2812,0,0.0,train,Logistic Regression,True
17303,0,0.2811,0,0.0,train,Logistic Regression,True
16198,0,0.281,1,2191.6,train,Logistic Regression,False
13369,0,0.2808,0,0.0,train,Logistic Regression,True
17859,0,0.2805,0,0.0,train,Logistic Regression,True
17495,0,0.2805,1,2721.1,train,Logistic Regression,False
14894,0,0.2801,1,2152.8,train,Logistic Regression,False
13543,0,0.2797,0,0.0,train,Logistic Regression,True
14168,0,0.2797,0,0.0,train,Logistic Regression,True
17808,0,0.2796,0,0.0,held-out test,Logistic Regression,True
16050,0,0.2795,1,762.2,train,Logistic Regression,False
17200,0,0.2795,0,0.0,train,Logistic Regression,True
14929,0,0.2794,1,949.2,train,Logistic Regression,False
17934,0,0.2793,1,1578.9,held-out test,Logistic Regression,False
17382,0,0.2792,0,82.5,held-out test,Logistic Regression,True
15268,0,0.2792,0,0.0,held-out test,Logistic Regression,True
12763,0,0.2791,0,0.0,train,Logistic Regression,True
17270,0,0.2791,0,0.0,train,Logistic Regression,True
12859,0,0.2789,0,0.0,train,Logistic Regression,True
16447,0,0.2786,1,1403.3,train,Logistic Regression,False
14614,0,0.2785,0,0.0,train,Logistic Regression,True
13935,0,0.2782,0,0.0,train,Logistic Regression,True
17964,0,0.2778,1,1107.8,train,Logistic Regression,False
13832,0,0.2777,0,286.0,train,Logistic Regression,True
18083,0,0.2774,0,0.0,train,Logistic Regression,True
18155,0,0.2771,1,1428.5,train,Logistic Regression,False
16069,0,0.277,0,0.0,held-out test,Logistic Regression,True
17104,0,0.2769,0,0.0,train,Logistic Regression,True
17384,0,0.2763,1,597.7,train,Logistic Regression,False
17286,0,0.2762,1,826.7,train,Logistic Regression,False
16095,0,0.2762,0,0.0,train,Logistic Regression,True
18140,0,0.2761,0,0.0,held-out test,Logistic Regression,True
15184,0,0.276,1,2204.3,train,Logistic Regression,False
17688,0,0.276,0,0.0,train,Logistic Regression,True
15859,0,0.2759,0,0.0,train,Logistic Regression,True
15503,0,0.2755,0,0.0,train,Logistic Regression,True
16936,0,0.2754,1,1435.5,train,Logistic Regression,False
16377,0,0.2752,0,0.0,held-out test,Logistic Regression,True
18207,0,0.2752,0,0.0,train,Logistic Regression,True
17118,0,0.2751,0,0.0,train,Logistic Regression,True
15966,0,0.275,0,0.0,train,Logistic Regression,True
16932,0,0.2749,1,821.5,train,Logistic Regression,False
16927,0,0.2749,0,0.0,train,Logistic Regression,True
14927,0,0.2748,0,0.0,train,Logistic Regression,True
14775,0,0.2748,1,3325.2,held-out test,Logistic Regression,False
17306,0,0.2748,1,416.0,train,Logistic Regression,False
16783,0,0.2741,0,0.0,train,Logistic Regression,True
13780,0,0.2738,1,1511.6,train,Logistic Regression,False
17133,0,0.2736,0,45.0,train,Logistic Regression,True
17608,0,0.2732,1,1059.9,held-out test,Logistic Regression,False
14381,0,0.273,1,1110.7,held-out test,Logistic Regression,False
14368,0,0.273,0,0.0,train,Logistic Regression,True
13660,0,0.2729,0,0.0,train,Logistic Regression,True
17780,0,0.2729,0,0.0,held-out test,Logistic Regression,True
14438,0,0.2726,0,0.0,train,Logistic Regression,True
16413,0,0.2726,1,1431.7,train,Logistic Regression,False
14594,0,0.2724,1,594.3,train,Logistic Regression,False
15378,0,0.2718,0,0.0,train,Logistic Regression,True
17435,0,0.2717,0,0.0,train,Logistic Regression,True
16646,0,0.2713,0,0.0,train,Logistic Regression,True
17731,0,0.2711,1,6812.8,held-out test,Logistic Regression,False
15711,0,0.2709,0,0.0,train,Logistic Regression,True
15126,0,0.2709,0,0.0,train,Logistic Regression,True
15460,0,0.2709,0,0.0,train,Logistic Regression,True
16178,0,0.2704,1,822.4,train,Logistic Regression,False
16870,0,0.2704,0,0.0,train,Logistic Regression,True
16141,0,0.2701,1,3408.1,train,Logistic Regression,False
15922,0,0.27,0,0.0,train,Logistic Regression,True
15404,0,0.27,0,0.0,train,Logistic Regression,True
17005,0,0.2698,0,0.0,train,Logistic Regression,True
12943,0,0.2698,0,0.0,train,Logistic Regression,True
17945,0,0.2697,0,0.0,train,Logistic Regression,True
14777,0,0.2696,0,0.0,held-out test,Logistic Regression,True
18163,0,0.2695,0,0.0,held-out test,Logistic Regression,True
17563,0,0.2695,0,0.0,held-out test,Logistic Regression,True
15560,0,0.2694,0,0.0,train,Logistic Regression,True
13981,0,0.2692,0,0.0,held-out test,Logistic Regression,True
14474,0,0.2691,1,3013.2,train,Logistic Regression,False
13500,0,0.2691,1,6398.2,held-out test,Logistic Regression,False
15200,0,0.2691,0,0.0,train,Logistic Regression,True
16988,0,0.2691,1,690.1,train,Logistic Regression,False
13703,0,0.2686,0,0.0,held-out test,Logistic Regression,True
15196,0,0.2684,0,0.0,train,Logistic Regression,True
17775,0,0.2683,0,0.0,train,Logistic Regression,True
17433,0,0.2681,1,1655.5,train,Logistic Regression,False
16339,0,0.2681,0,0.0,train,Logistic Regression,True
15176,0,0.2676,0,0.0,train,Logistic Regression,True
15540,0,0.2675,1,1164.4,train,Logistic Regression,False
16524,0,0.2671,0,0.0,train,Logistic Regression,True
17110,0,0.2671,1,897.4,train,Logistic Regression,False
17099,0,0.2669,0,0.0,train,Logistic Regression,True
18134,0,0.2668,0,0.0,held-out test,Logistic Regression,True
17699,0,0.2667,0,0.0,train,Logistic Regression,True
17233,0,0.2666,1,1043.9,train,Logistic Regression,False
13526,0,0.2663,0,0.0,train,Logistic Regression,True
12554,0,0.2663,0,0.0,train,Logistic Regression,True
15280,0,0.266,1,613.4,held-out test,Logistic Regression,False
13927,0,0.266,1,1926.1,train,Logistic Regression,False
16802,0,0.2659,0,0.0,train,Logistic Regression,True
15735,0,0.2658,0,0.0,train,Logistic Regression,True
17866,0,0.2657,1,826.7,train,Logistic Regression,False
13023,0,0.2656,1,3298.9,train,Logistic Regression,False
13612,0,0.2655,0,0.0,train,Logistic Regression,True
16476,0,0.2655,0,0.0,held-out test,Logistic Regression,True
17309,0,0.2655,1,451.6,held-out test,Logistic Regression,False
14704,0,0.2652,1,8160.4,held-out test,Logistic Regression,False
12396,0,0.2651,0,0.0,held-out test,Logistic Regression,True
13428,0,0.2651,1,1108.5,train,Logistic Regression,False
14216,0,0.2648,1,5071.4,held-out test,Logistic Regression,False
15843,0,0.2648,0,0.0,train,Logistic Regression,True
15495,0,0.2647,0,0.0,train,Logistic Regression,True
18090,0,0.2642,0,0.0,train,Logistic Regression,True
16920,0,0.2639,0,0.0,train,Logistic Regression,True
12807,0,0.2638,0,0.0,held-out test,Logistic Regression,True
14055,0,0.2637,1,706.0,train,Logistic Regression,False
12991,0,0.2637,1,2545.7,held-out test,Logistic Regression,False
13413,0,0.2636,0,0.0,train,Logistic Regression,True
15638,0,0.2635,0,0.0,train,Logistic Regression,True
13814,0,0.2635,1,5557.8,held-out test,Logistic Regression,False
15519,0,0.2635,0,0.0,train,Logistic Regression,True
15961,0,0.2632,0,0.0,train,Logistic Regression,True
18138,0,0.2628,0,0.0,held-out test,Logistic Regression,True
14263,0,0.2628,0,0.0,train,Logistic Regression,True
18246,0,0.2627,0,0.0,held-out test,Logistic Regression,True
14526,0,0.2624,0,0.0,held-out test,Logistic Regression,True
13961,0,0.2619,0,0.0,train,Logistic Regression,True
16390,0,0.2615,0,0.0,train,Logistic Regression,True
17196,0,0.2615,0,0.0,train,Logistic Regression,True
16044,0,0.2614,0,0.0,train,Logistic Regression,True
13281,0,0.2614,0,0.0,train,Logistic Regression,True
16343,0,0.2613,1,1802.4,train,Logistic Regression,False
13129,0,0.2612,0,0.0,train,Logistic Regression,True
13442,0,0.2607,0,0.0,held-out test,Logistic Regression,True
17558,0,0.2607,0,0.0,train,Logistic Regression,True
15397,0,0.2607,0,0.0,train,Logistic Regression,True
15919,0,0.2606,1,1723.9,train,Logistic Regression,False
17992,0,0.2605,0,0.0,train,Logistic Regression,True
15025,0,0.2601,1,1987.0,train,Logistic Regression,False
16074,0,0.2598,0,0.0,train,Logistic Regression,True
14809,0,0.2596,0,0.0,train,Logistic Regression,True
17680,0,0.2595,1,1006.0,train,Logistic Regression,False
12411,0,0.2595,0,0.0,train,Logistic Regression,True
16112,0,0.2592,0,295.2,train,Logistic Regression,True
12892,0,0.2592,0,0.0,held-out test,Logistic Regression,True
16436,0,0.2589,0,0.0,train,Logistic Regression,True
16993,0,0.2587,0,0.0,train,Logistic Regression,True
17128,0,0.2585,0,0.0,train,Logistic Regression,True
14371,0,0.2585,0,0.0,held-out test,Logistic Regression,True
15097,0,0.2583,1,1358.3,held-out test,Logistic Regression,False
17440,0,0.2582,0,330.0,train,Logistic Regression,True
12977,0,0.2582,0,214.9,train,Logistic Regression,True
14192,0,0.2582,0,0.0,train,Logistic Regression,True
17703,0,0.258,1,4391.8,held-out test,Logistic Regression,False
15469,0,0.2578,1,2499.1,train,Logistic Regression,False
17210,0,0.2576,0,0.0,held-out test,Logistic Regression,True
12445,0,0.2575,1,427.2,train,Logistic Regression,False
15414,0,0.2574,1,3149.3,train,Logistic Regression,False
12538,0,0.2573,1,2014.6,train,Logistic Regression,False
17185,0,0.2572,0,0.0,train,Logistic Regression,True
17064,0,0.2571,1,3476.8,train,Logistic Regression,False
17285,0,0.2571,0,0.0,held-out test,Logistic Regression,True
12485,0,0.257,0,0.0,train,Logistic Regression,True
12482,0,0.257,0,0.0,train,Logistic Regression,True
16922,0,0.2569,0,0.0,held-out test,Logistic Regression,True
12953,0,0.2567,1,1810.8,train,Logistic Regression,False
14369,0,0.2566,0,0.0,train,Logistic Regression,True
17785,0,0.2561,1,724.1,train,Logistic Regression,False
14458,0,0.256,0,0.0,held-out test,Logistic Regression,True
12946,0,0.2558,0,0.0,train,Logistic Regression,True
12899,0,0.2555,0,0.0,train,Logistic Regression,True
13789,0,0.2554,0,0.0,train,Logistic Regression,True
14991,0,0.2554,0,0.0,held-out test,Logistic Regression,True
17855,0,0.2554,0,0.0,held-out test,Logistic Regression,True
13190,0,0.2552,0,0.0,train,Logistic Regression,True
13833,0,0.2551,1,2109.4,train,Logistic Regression,False
14052,0,0.2551,1,1234.3,train,Logistic Regression,False
15598,0,0.2547,1,1310.4,train,Logistic Regression,False
12677,0,0.2546,0,0.0,train,Logistic Regression,True
18187,0,0.2545,0,0.0,train,Logistic Regression,True
14575,0,0.2544,0,0.0,train,Logistic Regression,True
12929,0,0.2544,0,0.0,train,Logistic Regression,True
16286,0,0.2538,0,0.0,train,Logistic Regression,True
14471,0,0.2535,0,0.0,train,Logistic Regression,True
15052,0,0.2533,0,0.0,train,Logistic Regression,True
15778,0,0.2532,0,0.0,train,Logistic Regression,True
15451,0,0.2532,0,0.0,train,Logistic Regression,True
17710,0,0.2531,0,0.0,train,Logistic Regression,True
16579,0,0.2528,0,0.0,train,Logistic Regression,True
12760,0,0.2527,0,0.0,held-out test,Logistic Regression,True
17121,0,0.2527,0,0.0,train,Logistic Regression,True
13877,0,0.2524,0,264.0,train,Logistic Regression,True
13307,0,0.2523,0,82.0,train,Logistic Regression,True
13639,0,0.2523,1,3397.8,held-out test,Logistic Regression,False
14968,0,0.2523,1,808.7,train,Logistic Regression,False
15772,0,0.2523,0,0.0,held-out test,Logistic Regression,True
16346,0,0.2522,0,0.0,train,Logistic Regression,True
13251,0,0.2521,0,0.0,train,Logistic Regression,True
14254,0,0.2521,0,0.0,held-out test,Logistic Regression,True
12887,0,0.2521,0,0.0,train,Logistic Regression,True
13120,0,0.2521,0,0.0,train,Logistic Regression,True
17868,0,0.252,0,0.0,held-out test,Logistic Regression,True
13275,0,0.252,0,0.0,held-out test,Logistic Regression,True
13582,0,0.2516,0,0.0,train,Logistic Regression,True
13698,0,0.2516,0,0.0,train,Logistic Regression,True
12519,0,0.2512,1,1514.2,held-out test,Logistic Regression,False
14617,0,0.2511,0,0.0,train,Logistic Regression,True
13751,0,0.251,0,0.0,train,Logistic Regression,True
17480,0,0.2508,1,2802.8,train,Logistic Regression,False
15566,0,0.2507,0,0.0,train,Logistic Regression,True
13010,0,0.2505,0,0.0,train,Logistic Regression,True
17717,0,0.2504,0,0.0,train,Logistic Regression,True
15124,0,0.2503,1,997.3,train,Logistic Regression,False
12900,0,0.2503,0,0.0,train,Logistic Regression,True
12961,0,0.2501,0,0.0,train,Logistic Regression,True
15536,0,0.2498,0,0.0,train,Logistic Regression,True
13367,0,0.2496,0,0.0,train,Logistic Regression,True
17262,0,0.2495,0,0.0,train,Logistic Regression,True
17458,0,0.2494,1,1742.5,train,Logistic Regression,False
16913,0,0.2492,0,0.0,held-out test,Logistic Regression,True
16874,0,0.2491,0,0.0,train,Logistic Regression,True
13556,0,0.2489,0,0.0,train,Logistic Regression,True
12819,0,0.2489,0,0.0,train,Logistic Regression,True
13204,0,0.2489,0,0.0,held-out test,Logistic Regression,True
17989,0,0.2487,0,0.0,held-out test,Logistic Regression,True
14043,0,0.2483,0,0.0,held-out test,Logistic Regression,True
13493,0,0.2482,0,0.0,train,Logistic Regression,True
15401,0,0.2482,0,0.0,train,Logistic Regression,True
12509,0,0.2481,0,0.0,train,Logistic Regression,True
17355,0,0.2481,0,0.0,train,Logistic Regression,True
15336,0,0.2477,0,0.0,held-out test,Logistic Regression,True
15837,0,0.2477,1,2154.3,train,Logistic Regression,False
14531,0,0.2474,0,0.0,held-out test,Logistic Regression,True
16962,0,0.2472,0,0.0,held-out test,Logistic Regression,True
15488,0,0.2471,0,82.5,train,Logistic Regression,True
14010,0,0.2471,0,0.0,train,Logistic Regression,True
16819,0,0.247,0,0.0,train,Logistic Regression,True
12460,0,0.2468,0,0.0,train,Logistic Regression,True
14268,0,0.2467,0,0.0,train,Logistic Regression,True
14885,0,0.2462,1,504.0,train,Logistic Regression,False
12551,0,0.2461,0,0.0,train,Logistic Regression,True
16824,0,0.2461,1,2273.6,train,Logistic Regression,False
18156,0,0.2455,1,2673.5,train,Logistic Regression,False
14269,0,0.2454,0,0.0,held-out test,Logistic Regression,True
18278,0,0.2454,1,948.8,train,Logistic Regression,False
17264,0,0.2453,0,0.0,train,Logistic Regression,True
15820,0,0.245,0,0.0,train,Logistic Regression,True
13970,0,0.2448,0,0.0,train,Logistic Regression,True
17067,0,0.2448,0,0.0,held-out test,Logistic Regression,True
16773,0,0.2448,1,925.2,train,Logistic Regression,False
18021,0,0.2445,0,0.0,held-out test,Logistic Regression,True
13286,0,0.2445,0,0.0,train,Logistic Regression,True
13326,0,0.2444,0,0.0,train,Logistic Regression,True
15264,0,0.2442,1,2138.0,train,Logistic Regression,False
14760,0,0.2441,0,0.0,train,Logistic Regression,True
12837,0,0.2441,1,735.4,train,Logistic Regression,False
12497,0,0.2438,1,483.0,train,Logistic Regression,False
15020,0,0.2437,0,0.0,train,Logistic Regression,True
16739,0,0.2437,1,1230.8,train,Logistic Regression,False
16921,0,0.2434,1,840.0,train,Logistic Regression,False
12504,0,0.2431,1,511.0,train,Logistic Regression,False
16691,0,0.2427,0,0.0,train,Logistic Regression,True
14195,0,0.2427,0,0.0,held-out test,Logistic Regression,True
15387,0,0.2426,0,0.0,train,Logistic Regression,True
12655,0,0.2425,0,0.0,held-out test,Logistic Regression,True
14122,0,0.2425,0,0.0,train,Logistic Regression,True
18007,0,0.2424,0,0.0,train,Logistic Regression,True
12441,0,0.2422,0,0.0,held-out test,Logistic Regression,True
14889,0,0.2421,0,0.0,train,Logistic Regression,True
16201,0,0.2421,1,9885.3,held-out test,Logistic Regression,False
13721,0,0.2414,1,2884.3,held-out test,Logistic Regression,False
17740,0,0.241,0,0.0,held-out test,Logistic Regression,True
14166,0,0.2403,0,0.0,train,Logistic Regression,True
15890,0,0.24,0,0.0,train,Logistic Regression,True
17820,0,0.2399,0,0.0,train,Logistic Regression,True
13361,0,0.2396,0,0.0,train,Logistic Regression,True
13691,0,0.2395,0,0.0,held-out test,Logistic Regression,True
17810,0,0.2395,0,0.0,train,Logistic Regression,True
17577,0,0.2394,0,0.0,held-out test,Logistic Regression,True
15294,0,0.2392,0,0.0,held-out test,Logistic Regression,True
17872,0,0.2392,0,0.0,train,Logistic Regression,True
14782,0,0.2391,0,0.0,held-out test,Logistic Regression,True
15683,0,0.2387,1,1052.0,train,Logistic Regression,False
16018,0,0.2383,1,1722.5,train,Logistic Regression,False
18269,0,0.2381,0,0.0,train,Logistic Regression,True
16284,0,0.2381,1,4450.2,held-out test,Logistic Regression,False
14119,0,0.2381,0,0.0,train,Logistic Regression,True
17039,0,0.2379,0,0.0,train,Logistic Regression,True
15962,0,0.2379,0,0.0,train,Logistic Regression,True
14753,0,0.2378,1,3096.8,train,Logistic Regression,False
14069,0,0.2377,0,0.0,train,Logistic Regression,True
15864,0,0.2377,0,178.0,train,Logistic Regression,True
15100,0,0.2374,0,0.0,train,Logistic Regression,True
16162,0,0.2367,0,0.0,train,Logistic Regression,True
13088,0,0.2366,0,0.0,train,Logistic Regression,True
15714,0,0.2365,1,1822.0,train,Logistic Regression,False
15986,0,0.2365,1,900.8,train,Logistic Regression,False
14203,0,0.2364,0,0.0,train,Logistic Regression,True
16263,0,0.2363,0,0.0,train,Logistic Regression,True
14893,0,0.2363,1,6790.2,train,Logistic Regression,False
14630,0,0.2361,0,0.0,train,Logistic Regression,True
14718,0,0.2361,0,0.0,train,Logistic Regression,True
13966,0,0.2361,0,0.0,train,Logistic Regression,True
17786,0,0.236,1,899.6,held-out test,Logistic Regression,False
14767,0,0.2358,0,0.0,train,Logistic Regression,True
15682,0,0.2358,0,0.0,train,Logistic Regression,True
15741,0,0.2357,0,0.0,train,Logistic Regression,True
18004,0,0.2356,0,0.0,train,Logistic Regression,True
17815,0,0.2356,0,0.0,held-out test,Logistic Regression,True
18100,0,0.2356,0,0.0,train,Logistic Regression,True
17471,0,0.2356,0,0.0,held-out test,Logistic Regression,True
13179,0,0.2355,0,0.0,train,Logistic Regression,True
17665,0,0.2348,0,0.0,train,Logistic Regression,True
12927,0,0.2343,0,0.0,train,Logistic Regression,True
15458,0,0.2341,1,882.0,train,Logistic Regression,False
13489,0,0.2338,1,494.8,train,Logistic Regression,False
12751,0,0.2332,0,0.0,held-out test,Logistic Regression,True
18266,0,0.233,0,0.0,train,Logistic Regression,True
12401,0,0.2327,0,0.0,train,Logistic Regression,True
14094,0,0.2326,0,0.0,held-out test,Logistic Regression,True
14749,0,0.2325,0,0.0,train,Logistic Regression,True
15006,0,0.2324,1,2630.4,train,Logistic Regression,False
13583,0,0.2324,1,4260.0,train,Logistic Regression,False
15204,0,0.2324,0,0.0,held-out test,Logistic Regression,True
17292,0,0.2323,0,0.0,train,Logistic Regression,True
15478,0,0.2322,1,3910.6,train,Logistic Regression,False
15091,0,0.2322,1,2652.5,train,Logistic Regression,False
15931,0,0.2319,0,0.0,train,Logistic Regression,True
15395,0,0.2318,0,0.0,train,Logistic Regression,True
17919,0,0.2318,1,1543.2,train,Logistic Regression,False
15631,0,0.2316,0,0.0,train,Logistic Regression,True
16776,0,0.2313,1,1781.9,train,Logistic Regression,False
17036,0,0.2311,0,0.0,train,Logistic Regression,True
15659,0,0.2309,1,1410.9,train,Logistic Regression,False
15562,0,0.2308,0,0.0,train,Logistic Regression,True
14793,0,0.2307,1,1254.8,held-out test,Logistic Regression,False
13616,0,0.2306,0,0.0,train,Logistic Regression,True
15616,0,0.2306,0,0.0,train,Logistic Regression,True
17772,0,0.2303,1,951.0,held-out test,Logistic Regression,False
14284,0,0.2299,1,3266.6,held-out test,Logistic Regression,False
17254,0,0.2298,1,1483.1,train,Logistic Regression,False
18128,0,0.2298,0,0.0,train,Logistic Regression,True
17803,0,0.2296,0,0.0,train,Logistic Regression,True
16599,0,0.2295,0,0.0,train,Logistic Regression,True
15781,0,0.2295,1,1438.7,train,Logistic Regression,False
13674,0,0.2294,0,0.0,train,Logistic Regression,True
16281,0,0.2293,1,664.8,held-out test,Logistic Regression,False
16585,0,0.2289,0,0.0,train,Logistic Regression,True
13388,0,0.2288,1,3162.5,train,Logistic Regression,False
14208,0,0.2287,1,845.8,held-out test,Logistic Regression,False
17111,0,0.2284,1,1242.9,held-out test,Logistic Regression,False
17016,0,0.2283,0,0.0,train,Logistic Regression,True
15178,0,0.2283,0,0.0,train,Logistic Regression,True
13699,0,0.2277,1,1701.0,train,Logistic Regression,False
15221,0,0.2275,0,0.0,train,Logistic Regression,True
14433,0,0.2274,0,0.0,train,Logistic Regression,True
16211,0,0.2274,1,2033.7,train,Logistic Regression,False
13234,0,0.2269,0,0.0,train,Logistic Regression,True
13745,0,0.2269,1,1700.4,train,Logistic Regression,False
12983,0,0.2267,0,0.0,train,Logistic Regression,True
15277,0,0.2266,1,1160.1,train,Logistic Regression,False
13177,0,0.2266,1,1545.7,train,Logistic Regression,False
14108,0,0.2263,1,2994.0,train,Logistic Regression,False
12738,0,0.2263,0,0.0,held-out test,Logistic Regression,True
15217,0,0.2262,0,0.0,train,Logistic Regression,True
16492,0,0.2261,0,0.0,train,Logistic Regression,True
15459,0,0.2259,0,0.0,train,Logistic Regression,True
17437,0,0.2257,0,0.0,train,Logistic Regression,True
16540,0,0.2256,0,0.0,train,Logistic Regression,True
14746,0,0.2255,0,0.0,train,Logistic Regression,True
13817,0,0.2254,1,1389.0,train,Logistic Regression,False
14788,0,0.2254,1,2665.9,train,Logistic Regression,False
15361,0,0.2253,0,0.0,held-out test,Logistic Regression,True
12400,0,0.2252,0,0.0,held-out test,Logistic Regression,True
14811,0,0.2252,0,0.0,train,Logistic Regression,True
16740,0,0.2251,0,0.0,train,Logistic Regression,True
15077,0,0.225,0,0.0,train,Logistic Regression,True
18054,0,0.2249,0,0.0,held-out test,Logistic Regression,True
12920,0,0.2247,1,898.8,train,Logistic Regression,False
16760,0,0.2246,0,0.0,train,Logistic Regression,True
17881,0,0.2244,0,0.0,train,Logistic Regression,True
12386,0,0.2244,0,0.0,held-out test,Logistic Regression,True
13834,0,0.2243,0,0.0,train,Logistic Regression,True
14150,0,0.2242,1,1294.8,train,Logistic Regression,False
13423,0,0.2238,0,0.0,train,Logistic Regression,True
13551,0,0.2238,0,0.0,train,Logistic Regression,True
16602,0,0.2236,1,2453.2,train,Logistic Regression,False
15684,0,0.2231,0,0.0,train,Logistic Regression,True
17510,0,0.223,1,1692.8,train,Logistic Regression,False
18271,0,0.2228,0,0.0,train,Logistic Regression,True
13683,0,0.2226,0,0.0,train,Logistic Regression,True
12608,0,0.2226,0,0.0,train,Logistic Regression,True
13331,0,0.2225,0,0.0,train,Logistic Regression,True
16640,0,0.2223,0,0.0,train,Logistic Regression,True
17266,0,0.222,1,1624.4,train,Logistic Regression,False
14716,0,0.2219,1,1399.9,train,Logistic Regression,False
18110,0,0.2219,1,1085.2,held-out test,Logistic Regression,False
13671,0,0.2215,0,0.0,train,Logistic Regression,True
13079,0,0.2211,1,686.6,train,Logistic Regression,False
12499,0,0.221,0,0.0,train,Logistic Regression,True
13412,0,0.2209,0,0.0,train,Logistic Regression,True
16559,0,0.2208,0,0.0,train,Logistic Regression,True
16502,0,0.2208,0,0.0,held-out test,Logistic Regression,True
17055,0,0.2205,0,0.0,train,Logistic Regression,True
18089,0,0.2204,0,0.0,train,Logistic Regression,True
17361,0,0.2202,1,2188.3,held-out test,Logistic Regression,False
18053,0,0.2199,1,1638.2,train,Logistic Regression,False
15509,0,0.2199,0,0.0,train,Logistic Regression,True
15490,0,0.2197,0,0.0,held-out test,Logistic Regression,True
14728,0,0.2193,0,0.0,train,Logistic Regression,True
18217,0,0.219,1,3165.2,train,Logistic Regression,False
14486,0,0.2189,0,0.0,train,Logistic Regression,True
17536,0,0.2189,1,420.0,held-out test,Logistic Regression,False
17729,0,0.2188,0,0.0,train,Logistic Regression,True
12595,0,0.2182,0,0.0,train,Logistic Regression,True
13403,0,0.2181,0,164.0,held-out test,Logistic Regression,True
12671,0,0.2175,0,0.0,held-out test,Logistic Regression,True
13519,0,0.2174,1,676.6,train,Logistic Regression,False
17464,0,0.2172,1,791.8,train,Logistic Regression,False
15902,0,0.2172,0,0.0,train,Logistic Regression,True
12634,0,0.2171,0,0.0,held-out test,Logistic Regression,True
16857,0,0.2171,0,0.0,train,Logistic Regression,True
13992,0,0.2168,1,418.8,train,Logistic Regression,False
14392,0,0.2166,0,0.0,held-out test,Logistic Regression,True
15688,0,0.2166,0,0.0,held-out test,Logistic Regression,True
13619,0,0.2164,0,0.0,held-out test,Logistic Regression,True
13144,0,0.2163,0,0.0,train,Logistic Regression,True
17981,0,0.2162,0,0.0,train,Logistic Regression,True
16362,0,0.2162,1,3608.4,train,Logistic Regression,False
15545,0,0.2161,1,847.7,train,Logistic Regression,False
13387,0,0.2161,0,0.0,held-out test,Logistic Regression,True
15086,0,0.2161,0,0.0,train,Logistic Regression,True
14797,0,0.2159,0,0.0,train,Logistic Regression,True
14975,0,0.2159,1,740.3,train,Logistic Regression,False
16534,0,0.2157,0,0.0,train,Logistic Regression,True
16687,0,0.2156,0,0.0,train,Logistic Regression,True
13143,0,0.2155,0,0.0,train,Logistic Regression,True
16453,0,0.2154,0,0.0,train,Logistic Regression,True
13796,0,0.2153,0,0.0,train,Logistic Regression,True
15943,0,0.2151,0,0.0,train,Logistic Regression,True
12858,0,0.215,0,0.0,held-out test,Logistic Regression,True
13135,0,0.2149,0,0.0,train,Logistic Regression,True
16490,0,0.2143,0,0.0,held-out test,Logistic Regression,True
15934,0,0.2143,0,0.0,train,Logistic Regression,True
13903,0,0.2142,0,0.0,train,Logistic Regression,True
17283,0,0.2141,0,0.0,train,Logistic Regression,True
18111,0,0.214,0,0.0,train,Logistic Regression,True
16695,0,0.214,0,0.0,held-out test,Logistic Regression,True
14945,0,0.2136,0,0.0,train,Logistic Regression,True
16911,0,0.2135,0,0.0,train,Logistic Regression,True
14992,0,0.2133,0,0.0,train,Logistic Regression,True
18119,0,0.2131,0,0.0,train,Logistic Regression,True
13746,0,0.2131,0,0.0,train,Logistic Regression,True
16649,0,0.2128,0,0.0,held-out test,Logistic Regression,True
17413,0,0.2128,0,0.0,train,Logistic Regression,True
12529,0,0.2128,0,0.0,train,Logistic Regression,True
16683,0,0.2128,0,0.0,train,Logistic Regression,True
16892,0,0.2126,1,2839.2,held-out test,Logistic Regression,False
13109,0,0.2126,1,4057.1,held-out test,Logistic Regression,False
14377,0,0.2119,1,691.9,held-out test,Logistic Regression,False
15766,0,0.2118,1,734.2,train,Logistic Regression,False
14118,0,0.2117,0,0.0,train,Logistic Regression,True
18208,0,0.2116,0,0.0,train,Logistic Regression,True
14445,0,0.2116,0,0.0,held-out test,Logistic Regression,True
17826,0,0.2115,0,0.0,held-out test,Logistic Regression,True
13547,0,0.2115,0,0.0,held-out test,Logistic Regression,True
13106,0,0.2112,0,0.0,train,Logistic Regression,True
18275,0,0.211,0,0.0,train,Logistic Regression,True
16276,0,0.2109,1,414.0,train,Logistic Regression,False
18127,0,0.2107,1,1904.6,train,Logistic Regression,False
15782,0,0.2107,1,2983.8,train,Logistic Regression,False
16662,0,0.2104,0,0.0,train,Logistic Regression,True
16013,0,0.2101,1,5205.0,train,Logistic Regression,False
14635,0,0.2099,0,0.0,train,Logistic Regression,True
13676,0,0.2098,0,0.0,train,Logistic Regression,True
13622,0,0.2097,0,0.0,train,Logistic Regression,True
16334,0,0.2096,0,0.0,train,Logistic Regression,True
14846,0,0.2096,0,0.0,train,Logistic Regression,True
16752,0,0.2095,0,0.0,train,Logistic Regression,True
13283,0,0.2094,1,509.0,train,Logistic Regression,False
13825,0,0.2093,0,0.0,train,Logistic Regression,True
14848,0,0.2092,0,0.0,train,Logistic Regression,True
17168,0,0.2089,0,0.0,train,Logistic Regression,True
16847,0,0.2088,1,1061.6,train,Logistic Regression,False
16132,0,0.2087,0,0.0,train,Logistic Regression,True
15873,0,0.2086,0,0.0,train,Logistic Regression,True
17484,0,0.2086,0,0.0,train,Logistic Regression,True
13553,0,0.2086,0,0.0,train,Logistic Regression,True
16349,0,0.2085,0,0.0,train,Logistic Regression,True
17617,0,0.2084,0,0.0,train,Logistic Regression,True
15923,0,0.2083,0,0.0,train,Logistic Regression,True
12459,0,0.2083,0,0.0,train,Logistic Regression,True
14457,0,0.208,0,0.0,train,Logistic Regression,True
15647,0,0.2079,0,0.0,train,Logistic Regression,True
13651,0,0.2072,1,518.3,train,Logistic Regression,False
15878,0,0.2071,0,0.0,train,Logistic Regression,True
13132,0,0.2071,0,0.0,train,Logistic Regression,True
12563,0,0.2069,0,0.0,train,Logistic Regression,True
14678,0,0.2066,0,0.0,train,Logistic Regression,True
14281,0,0.2064,0,0.0,train,Logistic Regression,True
17209,0,0.2064,0,0.0,train,Logistic Regression,True
17446,0,0.2063,0,288.0,train,Logistic Regression,True
15282,0,0.2062,0,0.0,train,Logistic Regression,True
16890,0,0.2061,0,0.0,train,Logistic Regression,True
14061,0,0.2061,0,0.0,train,Logistic Regression,True
16487,0,0.206,0,0.0,train,Logistic Regression,True
14252,0,0.2059,0,0.0,train,Logistic Regression,True
18091,0,0.2058,0,0.0,train,Logistic Regression,True
14153,0,0.2053,0,0.0,train,Logistic Regression,True
12427,0,0.2052,1,1931.7,train,Logistic Regression,False
15049,0,0.2052,0,0.0,train,Logistic Regression,True
16562,0,0.2046,0,0.0,held-out test,Logistic Regression,True
14494,0,0.2046,1,766.4,train,Logistic Regression,False
16489,0,0.2041,0,0.0,held-out test,Logistic Regression,True
14278,0,0.204,0,0.0,train,Logistic Regression,True
18206,0,0.2038,0,0.0,train,Logistic Regression,True
16433,0,0.2034,1,668.8,held-out test,Logistic Regression,False
16724,0,0.2025,0,0.0,train,Logistic Regression,True
15718,0,0.2024,0,0.0,train,Logistic Regression,True
18255,0,0.2024,1,566.0,train,Logistic Regression,False
16452,0,0.2024,0,0.0,train,Logistic Regression,True
15216,0,0.2023,0,180.0,held-out test,Logistic Regression,True
15779,0,0.2019,0,0.0,train,Logistic Regression,True
16973,0,0.2018,0,0.0,train,Logistic Regression,True
14984,0,0.2015,1,1111.1,train,Logistic Regression,False
12771,0,0.2011,0,0.0,train,Logistic Regression,True
13530,0,0.2008,0,0.0,train,Logistic Regression,True
14200,0,0.2007,0,0.0,train,Logistic Regression,True
17386,0,0.2007,1,1097.6,train,Logistic Regression,False
15613,0,0.2006,0,0.0,train,Logistic Regression,True
17380,0,0.2004,0,0.0,train,Logistic Regression,True
16312,0,0.2004,0,0.0,train,Logistic Regression,True
16328,0,0.2001,0,0.0,train,Logistic Regression,True
17751,0,0.1995,0,0.0,held-out test,Logistic Regression,True
14724,0,0.1991,0,0.0,train,Logistic Regression,True
16446,0,0.199,0,0.0,train,Logistic Regression,True
14571,0,0.1986,0,0.0,train,Logistic Regression,True
16978,0,0.1985,1,1881.9,train,Logistic Regression,False
17011,0,0.1985,1,1482.4,train,Logistic Regression,False
14865,0,0.1982,0,82.8,train,Logistic Regression,True
15956,0,0.1981,0,0.0,train,Logistic Regression,True
15152,0,0.198,1,25868.0,train,Logistic Regression,False
16876,0,0.198,0,0.0,held-out test,Logistic Regression,True
16542,0,0.1978,1,363.0,train,Logistic Regression,False
14253,0,0.1978,0,0.0,train,Logistic Regression,True
12780,0,0.1978,0,0.0,train,Logistic Regression,True
14501,0,0.1976,1,1019.2,train,Logistic Regression,False
17169,0,0.1976,1,4569.6,train,Logistic Regression,False
17840,0,0.1976,0,0.0,train,Logistic Regression,True
14448,0,0.1974,0,192.0,train,Logistic Regression,True
17193,0,0.1973,1,1686.4,train,Logistic Regression,False
15423,0,0.1971,0,241.0,held-out test,Logistic Regression,True
12888,0,0.1969,0,0.0,held-out test,Logistic Regression,True
17767,0,0.1968,1,1490.4,train,Logistic Regression,False
13879,0,0.1967,0,0.0,train,Logistic Regression,True
12387,0,0.1965,0,0.0,train,Logistic Regression,True
16375,0,0.1962,0,0.0,train,Logistic Regression,True
15405,0,0.1962,1,467.5,train,Logistic Regression,False
17184,0,0.1961,0,0.0,train,Logistic Regression,True
16194,0,0.1961,0,0.0,train,Logistic Regression,True
13977,0,0.1959,0,0.0,train,Logistic Regression,True
17741,0,0.1955,0,0.0,train,Logistic Regression,True
17983,0,0.1954,0,0.0,train,Logistic Regression,True
17497,0,0.1953,0,0.0,train,Logistic Regression,True
13734,0,0.1953,0,0.0,held-out test,Logistic Regression,True
17568,0,0.1952,0,0.0,train,Logistic Regression,True
17219,0,0.1952,1,624.4,train,Logistic Regression,False
15403,0,0.1951,0,0.0,train,Logistic Regression,True
18137,0,0.195,0,0.0,train,Logistic Regression,True
16821,0,0.195,0,0.0,train,Logistic Regression,True
14581,0,0.1949,1,750.9,held-out test,Logistic Regression,False
15773,0,0.1948,1,803.5,train,Logistic Regression,False
17116,0,0.1948,0,0.0,train,Logistic Regression,True
13400,0,0.1948,0,0.0,train,Logistic Regression,True
17275,0,0.1948,0,0.0,train,Logistic Regression,True
16680,0,0.1945,1,1015.6,train,Logistic Regression,False
12661,0,0.1945,0,0.0,train,Logistic Regression,True
15364,0,0.1944,1,2367.2,train,Logistic Regression,False
16865,0,0.1944,0,0.0,held-out test,Logistic Regression,True
15161,0,0.1942,0,0.0,train,Logistic Regression,True
17579,0,0.1941,1,2448.6,train,Logistic Regression,False
17842,0,0.194,0,0.0,train,Logistic Regression,True
18107,0,0.1937,0,0.0,train,Logistic Regression,True
17938,0,0.1934,0,0.0,train,Logistic Regression,True
14843,0,0.1934,0,0.0,train,Logistic Regression,True
13029,0,0.1933,1,636.8,train,Logistic Regression,False
16137,0,0.1931,0,0.0,held-out test,Logistic Regression,True
17748,0,0.1931,0,0.0,train,Logistic Regression,True
18132,0,0.1929,0,0.0,held-out test,Logistic Regression,True
16148,0,0.1928,0,0.0,held-out test,Logistic Regression,True
15979,0,0.1928,0,0.0,train,Logistic Regression,True
15219,0,0.1924,1,753.2,train,Logistic Regression,False
14721,0,0.1924,0,0.0,train,Logistic Regression,True
17070,0,0.1924,1,1672.4,train,Logistic Regression,False
18032,0,0.1921,0,0.0,train,Logistic Regression,True
13661,0,0.192,0,0.0,held-out test,Logistic Regression,True
17257,0,0.1919,0,0.0,train,Logistic Regression,True
17182,0,0.1918,0,0.0,train,Logistic Regression,True
15702,0,0.1917,0,0.0,train,Logistic Regression,True
16299,0,0.1915,0,0.0,train,Logistic Regression,True
16974,0,0.1914,0,0.0,held-out test,Logistic Regression,True
13195,0,0.1914,0,0.0,train,Logistic Regression,True
15788,0,0.1913,0,0.0,train,Logistic Regression,True
12768,0,0.1912,0,0.0,train,Logistic Regression,True
12746,0,0.1907,0,0.0,train,Logistic Regression,True
14774,0,0.1905,0,0.0,held-out test,Logistic Regression,True
15515,0,0.1905,0,0.0,train,Logistic Regression,True
17273,0,0.1905,0,0.0,train,Logistic Regression,True
15247,0,0.1905,0,248.0,train,Logistic Regression,True
17195,0,0.1901,0,0.0,train,Logistic Regression,True
14990,0,0.1896,0,0.0,held-out test,Logistic Regression,True
13701,0,0.1895,0,0.0,train,Logistic Regression,True
15008,0,0.1892,0,0.0,train,Logistic Regression,True
16577,0,0.1888,0,0.0,train,Logistic Regression,True
15914,0,0.1888,0,0.0,train,Logistic Regression,True
18201,0,0.1888,0,0.0,train,Logistic Regression,True
15770,0,0.1887,0,0.0,train,Logistic Regression,True
12663,0,0.1886,0,0.0,train,Logistic Regression,True
13164,0,0.1886,0,0.0,train,Logistic Regression,True
16526,0,0.1885,1,1198.0,train,Logistic Regression,False
12741,0,0.1885,0,0.0,train,Logistic Regression,True
15846,0,0.1884,0,0.0,train,Logistic Regression,True
13257,0,0.1884,0,0.0,train,Logistic Regression,True
15662,0,0.1883,0,0.0,train,Logistic Regression,True
13063,0,0.1881,0,0.0,train,Logistic Regression,True
17102,0,0.1881,0,0.0,train,Logistic Regression,True
13625,0,0.1878,0,0.0,train,Logistic Regression,True
14521,0,0.1877,0,0.0,train,Logistic Regression,True
17294,0,0.1876,0,0.0,train,Logistic Regression,True
15072,0,0.1875,0,0.0,held-out test,Logistic Regression,True
13288,0,0.1872,0,0.0,train,Logistic Regression,True
18256,0,0.1872,0,0.0,train,Logistic Regression,True
14706,0,0.1871,0,0.0,train,Logistic Regression,True
12914,0,0.187,0,0.0,train,Logistic Regression,True
15385,0,0.1869,1,873.3,train,Logistic Regression,False
16371,0,0.1866,0,0.0,train,Logistic Regression,True
12467,0,0.1865,0,0.0,train,Logistic Regression,True
17057,0,0.1864,0,0.0,held-out test,Logistic Regression,True
15765,0,0.1862,0,0.0,train,Logistic Regression,True
17208,0,0.1862,0,0.0,held-out test,Logistic Regression,True
16543,0,0.1861,0,0.0,train,Logistic Regression,True
14791,0,0.1858,0,0.0,train,Logistic Regression,True
17479,0,0.1857,0,0.0,train,Logistic Regression,True
16589,0,0.1855,1,2492.0,train,Logistic Regression,False
16149,0,0.1854,1,1542.8,train,Logistic Regression,False
17248,0,0.1848,1,1495.0,train,Logistic Regression,False
13091,0,0.1848,1,1855.4,train,Logistic Regression,False
14123,0,0.1848,0,0.0,train,Logistic Regression,True
17488,0,0.1848,0,0.0,train,Logistic Regression,True
17178,0,0.1847,0,0.0,held-out test,Logistic Regression,True
13765,0,0.1846,0,0.0,train,Logistic Regression,True
16544,0,0.1846,0,0.0,train,Logistic Regression,True
16368,0,0.1845,1,2079.5,held-out test,Logistic Regression,False
15583,0,0.1845,0,0.0,held-out test,Logistic Regression,True
17681,0,0.1843,0,0.0,train,Logistic Regression,True
17662,0,0.1842,0,0.0,train,Logistic Regression,True
13766,0,0.1841,0,0.0,held-out test,Logistic Regression,True
17103,0,0.1841,0,0.0,train,Logistic Regression,True
12686,0,0.184,0,0.0,train,Logistic Regression,True
16937,0,0.1839,0,0.0,train,Logistic Regression,True
13608,0,0.1838,0,0.0,train,Logistic Regression,True
17260,0,0.1837,0,0.0,train,Logistic Regression,True
14111,0,0.1837,1,345.9,train,Logistic Regression,False
17112,0,0.1836,0,0.0,train,Logistic Regression,True
17493,0,0.1836,0,0.0,train,Logistic Regression,True
15166,0,0.1835,0,0.0,train,Logistic Regression,True
18195,0,0.1831,0,0.0,held-out test,Logistic Regression,True
14979,0,0.1831,0,0.0,held-out test,Logistic Regression,True
18254,0,0.1829,0,0.0,train,Logistic Regression,True
13197,0,0.1827,0,0.0,train,Logistic Regression,True
15761,0,0.1826,0,0.0,train,Logistic Regression,True
12799,0,0.1826,0,0.0,held-out test,Logistic Regression,True
16304,0,0.1824,0,0.0,train,Logistic Regression,True
14519,0,0.1824,0,0.0,held-out test,Logistic Regression,True
16665,0,0.1822,0,0.0,held-out test,Logistic Regression,True
13974,0,0.1822,1,2267.3,train,Logistic Regression,False
15127,0,0.1822,1,1642.2,train,Logistic Regression,False
14318,0,0.182,0,0.0,train,Logistic Regression,True
17598,0,0.182,0,0.0,train,Logistic Regression,True
13714,0,0.1819,0,0.0,train,Logistic Regression,True
17026,0,0.1819,0,0.0,train,Logistic Regression,True
14545,0,0.1817,0,0.0,train,Logistic Regression,True
17316,0,0.1815,0,0.0,train,Logistic Regression,True
14989,0,0.1814,0,0.0,train,Logistic Regression,True
13968,0,0.1813,0,0.0,held-out test,Logistic Regression,True
16024,0,0.1811,1,1360.8,train,Logistic Regression,False
16237,0,0.181,0,0.0,held-out test,Logistic Regression,True
16462,0,0.181,0,187.6,train,Logistic Regression,True
16622,0,0.1808,0,0.0,held-out test,Logistic Regression,True
13912,0,0.1805,0,0.0,held-out test,Logistic Regression,True
17627,0,0.1805,0,0.0,train,Logistic Regression,True
14363,0,0.1805,0,0.0,held-out test,Logistic Regression,True
13541,0,0.1796,0,0.0,train,Logistic Regression,True
12979,0,0.1795,0,0.0,train,Logistic Regression,True
15982,0,0.1795,0,0.0,train,Logistic Regression,True
17915,0,0.1795,0,0.0,train,Logistic Regression,True
17467,0,0.1793,0,0.0,train,Logistic Regression,True
16046,0,0.1792,0,0.0,held-out test,Logistic Regression,True
17149,0,0.1791,0,0.0,train,Logistic Regression,True
14053,0,0.1791,0,232.5,train,Logistic Regression,True
17022,0,0.1791,1,382.0,train,Logistic Regression,False
18238,0,0.1791,0,0.0,train,Logistic Regression,True
14325,0,0.1791,0,0.0,train,Logistic Regression,True
12964,0,0.179,0,0.0,train,Logistic Regression,True
14558,0,0.1788,0,0.0,train,Logistic Regression,True
13241,0,0.1782,0,0.0,train,Logistic Regression,True
14373,0,0.1782,0,0.0,held-out test,Logistic Regression,True
16615,0,0.178,0,0.0,held-out test,Logistic Regression,True
13943,0,0.1779,0,0.0,train,Logistic Regression,True
17657,0,0.1777,0,0.0,train,Logistic Regression,True
13580,0,0.1775,0,0.0,train,Logistic Regression,True
18199,0,0.1774,0,0.0,train,Logistic Regression,True
15328,0,0.1769,0,0.0,train,Logistic Regression,True
14982,0,0.1766,0,0.0,train,Logistic Regression,True
14858,0,0.1766,0,0.0,train,Logistic Regression,True
13702,0,0.1766,0,0.0,train,Logistic Regression,True
15045,0,0.1761,0,334.2,held-out test,Logistic Regression,True
15597,0,0.1759,1,1767.9,train,Logistic Regression,False
16630,0,0.1759,0,0.0,train,Logistic Regression,True
18058,0,0.1756,0,36.0,train,Logistic Regression,True
17031,0,0.1754,1,1734.0,train,Logistic Regression,False
13604,0,0.1752,0,0.0,train,Logistic Regression,True
15908,0,0.1746,0,0.0,held-out test,Logistic Regression,True
18084,0,0.1743,0,0.0,train,Logistic Regression,True
18182,0,0.1743,0,0.0,held-out test,Logistic Regression,True
14017,0,0.1741,0,0.0,train,Logistic Regression,True
12449,0,0.1738,1,17320.5,train,Logistic Regression,False
14783,0,0.1737,0,0.0,held-out test,Logistic Regression,True
17626,0,0.1737,0,0.0,train,Logistic Regression,True
16035,0,0.1734,0,0.0,train,Logistic Regression,True
13056,0,0.1734,0,0.0,train,Logistic Regression,True
17514,0,0.1733,1,1141.6,train,Logistic Regression,False
17072,0,0.173,0,0.0,train,Logistic Regression,True
17902,0,0.1728,0,0.0,train,Logistic Regression,True
14826,0,0.1727,0,0.0,held-out test,Logistic Regression,True
13150,0,0.1727,0,0.0,train,Logistic Regression,True
18162,0,0.1725,0,0.0,train,Logistic Regression,True
14822,0,0.1725,0,0.0,train,Logistic Regression,True
17202,0,0.1725,0,0.0,held-out test,Logistic Regression,True
18197,0,0.1725,0,0.0,train,Logistic Regression,True
15748,0,0.1725,1,796.6,train,Logistic Regression,False
12698,0,0.1725,0,0.0,train,Logistic Regression,True
14674,0,0.1723,0,0.0,train,Logistic Regression,True
14070,0,0.1722,0,0.0,train,Logistic Regression,True
13076,0,0.172,0,0.0,train,Logistic Regression,True
17012,0,0.172,0,0.0,train,Logistic Regression,True
16733,0,0.1717,0,0.0,train,Logistic Regression,True
12851,0,0.1717,1,716.4,train,Logistic Regression,False
12443,0,0.1717,0,0.0,train,Logistic Regression,True
16886,0,0.1716,0,0.0,train,Logistic Regression,True
13696,0,0.1713,0,0.0,train,Logistic Regression,True
12495,0,0.1712,0,0.0,train,Logistic Regression,True
17207,0,0.1711,0,0.0,train,Logistic Regression,True
17280,0,0.1706,0,0.0,train,Logistic Regression,True
15884,0,0.1705,0,0.0,held-out test,Logistic Regression,True
16845,0,0.1704,0,0.0,train,Logistic Regression,True
13896,0,0.17,0,0.0,train,Logistic Regression,True
16289,0,0.17,0,0.0,train,Logistic Regression,True
16840,0,0.1699,0,0.0,train,Logistic Regression,True
16408,0,0.1696,0,0.0,train,Logistic Regression,True
13653,0,0.1694,0,0.0,train,Logistic Regression,True
17559,0,0.1692,0,0.0,train,Logistic Regression,True
16880,0,0.1691,1,7927.0,train,Logistic Regression,False
12959,0,0.169,0,0.0,held-out test,Logistic Regression,True
14072,0,0.1687,0,0.0,train,Logistic Regression,True
14042,0,0.1685,0,0.0,train,Logistic Regression,True
16641,0,0.1685,1,1301.4,train,Logistic Regression,False
17762,0,0.1684,0,0.0,train,Logistic Regression,True
15285,0,0.1684,0,0.0,train,Logistic Regression,True
13315,0,0.1683,0,0.0,train,Logistic Regression,True
14876,0,0.168,0,0.0,held-out test,Logistic Regression,True
15231,0,0.168,0,0.0,train,Logistic Regression,True
17833,0,0.168,0,0.0,train,Logistic Regression,True
18279,0,0.1674,0,0.0,train,Logistic Regression,True
17261,0,0.1668,0,0.0,train,Logistic Regression,True
17403,0,0.1667,1,1440.3,held-out test,Logistic Regression,False
14361,0,0.1666,0,0.0,held-out test,Logistic Regression,True
12941,0,0.1665,0,0.0,train,Logistic Regression,True
16078,0,0.1663,0,0.0,train,Logistic Regression,True
14694,0,0.1663,0,0.0,train,Logistic Regression,True
16396,0,0.1663,0,0.0,train,Logistic Regression,True
13967,0,0.166,0,197.4,train,Logistic Regression,True
15391,0,0.1658,0,0.0,train,Logistic Regression,True
14806,0,0.1657,1,1120.5,train,Logistic Regression,False
12973,0,0.1651,0,0.0,train,Logistic Regression,True
13779,0,0.165,0,0.0,train,Logistic Regression,True
14579,0,0.1647,0,0.0,train,Logistic Regression,True
13839,0,0.1647,0,0.0,train,Logistic Regression,True
16195,0,0.1646,0,0.0,train,Logistic Regression,True
16288,0,0.1646,0,0.0,train,Logistic Regression,True
16541,0,0.1641,0,0.0,train,Logistic Regression,True
14444,0,0.1639,0,0.0,train,Logistic Regression,True
15816,0,0.1638,0,0.0,train,Logistic Regression,True
15964,0,0.1635,0,0.0,train,Logistic Regression,True
14668,0,0.1633,0,0.0,train,Logistic Regression,True
14612,0,0.1631,0,0.0,train,Logistic Regression,True
16508,0,0.1631,0,0.0,held-out test,Logistic Regression,True
13847,0,0.1629,0,0.0,train,Logistic Regression,True
15338,0,0.1629,0,0.0,train,Logistic Regression,True
13594,0,0.1628,1,2186.6,train,Logistic Regression,False
18220,0,0.1625,0,0.0,train,Logistic Regression,True
18029,0,0.1625,0,0.0,held-out test,Logistic Regression,True
18234,0,0.1623,0,0.0,train,Logistic Regression,True
15041,0,0.1623,1,988.6,train,Logistic Regression,False
18267,0,0.1622,0,0.0,train,Logistic Regression,True
14537,0,0.1622,1,1155.6,train,Logistic Regression,False
17408,0,0.1621,0,179.8,train,Logistic Regression,True
13289,0,0.1618,0,0.0,train,Logistic Regression,True
15188,0,0.1617,0,0.0,train,Logistic Regression,True
15131,0,0.1615,0,0.0,held-out test,Logistic Regression,True
15857,0,0.1612,1,1155.6,train,Logistic Regression,False
17009,0,0.161,0,0.0,train,Logistic Regression,True
18026,0,0.1609,0,0.0,train,Logistic Regression,True
14928,0,0.1604,0,0.0,held-out test,Logistic Regression,True
16294,0,0.1602,0,0.0,train,Logistic Regression,True
14516,0,0.1601,0,0.0,train,Logistic Regression,True
14187,0,0.16,0,0.0,train,Logistic Regression,True
15302,0,0.1598,0,0.0,train,Logistic Regression,True
16420,0,0.1596,0,0.0,train,Logistic Regression,True
14084,0,0.1596,0,0.0,train,Logistic Regression,True
13094,0,0.1594,0,0.0,train,Logistic Regression,True
13578,0,0.1592,0,0.0,train,Logistic Regression,True
15094,0,0.1585,0,0.0,held-out test,Logistic Regression,True
14596,0,0.1583,0,0.0,train,Logistic Regression,True
14244,0,0.1583,0,0.0,held-out test,Logistic Regression,True
14919,0,0.1583,0,0.0,train,Logistic Regression,True
16273,0,0.1581,0,0.0,train,Logistic Regression,True
18153,0,0.1581,0,0.0,train,Logistic Regression,True
17953,0,0.1579,0,0.0,train,Logistic Regression,True
17956,0,0.1576,0,0.0,train,Logistic Regression,True
15940,0,0.1575,0,0.0,train,Logistic Regression,True
15170,0,0.1575,0,0.0,held-out test,Logistic Regression,True
15293,0,0.1574,0,0.0,train,Logistic Regression,True
15954,0,0.1571,0,0.0,train,Logistic Regression,True
13125,0,0.1571,0,0.0,train,Logistic Regression,True
17339,0,0.1569,1,550.0,train,Logistic Regression,False
13747,0,0.1569,0,0.0,train,Logistic Regression,True
17417,0,0.1569,0,0.0,train,Logistic Regression,True
12869,0,0.1566,0,0.0,train,Logistic Regression,True
17296,0,0.1563,0,0.0,train,Logistic Regression,True
13083,0,0.1562,1,1672.8,train,Logistic Regression,False
14274,0,0.1561,0,0.0,train,Logistic Regression,True
17971,0,0.156,0,0.0,train,Logistic Regression,True
17441,0,0.1559,0,0.0,train,Logistic Regression,True
18194,0,0.1557,0,140.0,held-out test,Logistic Regression,True
13250,0,0.1556,0,0.0,train,Logistic Regression,True
15029,0,0.1555,0,0.0,train,Logistic Regression,True
13454,0,0.1555,0,0.0,train,Logistic Regression,True
17798,0,0.1552,0,0.0,train,Logistic Regression,True
17093,0,0.1552,0,0.0,held-out test,Logistic Regression,True
13007,0,0.1535,0,0.0,train,Logistic Regression,True
14787,0,0.1533,0,0.0,train,Logistic Regression,True
14997,0,0.1533,1,2203.2,train,Logistic Regression,False
17136,0,0.1531,0,0.0,held-out test,Logistic Regression,True
14677,0,0.1531,0,0.0,train,Logistic Regression,True
13724,0,0.1531,0,0.0,train,Logistic Regression,True
15697,0,0.153,0,0.0,train,Logistic Regression,True
17532,0,0.153,0,0.0,train,Logistic Regression,True
15432,0,0.1526,1,937.7,train,Logistic Regression,False
14330,0,0.1525,0,0.0,train,Logistic Regression,True
13498,0,0.1522,0,0.0,train,Logistic Regression,True
14018,0,0.1521,0,0.0,train,Logistic Regression,True
16424,0,0.1517,1,734.4,held-out test,Logistic Regression,False
18157,0,0.1514,0,0.0,train,Logistic Regression,True
14908,0,0.1514,1,833.6,held-out test,Logistic Regression,False
17781,0,0.1514,1,476.7,held-out test,Logistic Regression,False
15899,0,0.1509,0,0.0,train,Logistic Regression,True
13852,0,0.1508,0,0.0,train,Logistic Regression,True
15487,0,0.1507,0,0.0,train,Logistic Regression,True
17901,0,0.1506,1,606.1,train,Logistic Regression,False
16251,0,0.1506,0,0.0,train,Logistic Regression,True
14609,0,0.1504,0,0.0,train,Logistic Regression,True
14812,0,0.1503,0,0.0,train,Logistic Regression,True
17910,0,0.1502,0,0.0,train,Logistic Regression,True
13087,0,0.1502,0,0.0,train,Logistic Regression,True
14598,0,0.1502,1,1217.2,held-out test,Logistic Regression,False
12368,0,0.1501,0,0.0,train,Logistic Regression,True
15368,0,0.1494,0,91.0,train,Logistic Regression,True
13194,0,0.1492,0,332.0,train,Logistic Regression,True
14137,0,0.1486,0,0.0,held-out test,Logistic Regression,True
16711,0,0.1485,1,1958.4,train,Logistic Regression,False
14751,0,0.1482,0,0.0,train,Logistic Regression,True
18124,0,0.148,0,0.0,held-out test,Logistic Regression,True
17177,0,0.1478,0,0.0,train,Logistic Regression,True
15295,0,0.1477,0,0.0,train,Logistic Regression,True
13628,0,0.1476,0,0.0,train,Logistic Regression,True
13609,0,0.1474,0,0.0,train,Logistic Regression,True
12894,0,0.1474,0,0.0,held-out test,Logistic Regression,True
17468,0,0.1473,1,752.4,held-out test,Logistic Regression,False
14602,0,0.1471,0,0.0,train,Logistic Regression,True
17541,0,0.147,0,0.0,held-out test,Logistic Regression,True
12416,0,0.1468,0,0.0,train,Logistic Regression,True
17215,0,0.1465,0,0.0,train,Logistic Regression,True
15720,0,0.1465,1,2940.7,held-out test,Logistic Regression,False
16486,0,0.1464,0,0.0,train,Logistic Regression,True
15564,0,0.1462,0,0.0,train,Logistic Regression,True
15229,0,0.1462,0,0.0,train,Logistic Regression,True
17944,0,0.146,0,0.0,train,Logistic Regression,True
13830,0,0.1459,0,0.0,train,Logistic Regression,True
13944,0,0.1459,0,0.0,train,Logistic Regression,True
15926,0,0.1458,0,0.0,train,Logistic Regression,True
14376,0,0.1456,0,0.0,train,Logistic Regression,True
18038,0,0.1454,0,0.0,held-out test,Logistic Regression,True
16090,0,0.1454,0,0.0,held-out test,Logistic Regression,True
15162,0,0.1454,0,0.0,train,Logistic Regression,True
12557,0,0.1451,1,432.0,train,Logistic Regression,False
17993,0,0.1451,0,0.0,train,Logistic Regression,True
14654,0,0.1451,0,0.0,train,Logistic Regression,True
12786,0,0.1449,0,0.0,train,Logistic Regression,True
17327,0,0.1448,0,0.0,held-out test,Logistic Regression,True
14814,0,0.1445,0,0.0,train,Logistic Regression,True
14935,0,0.1445,0,0.0,train,Logistic Regression,True
16280,0,0.1443,0,0.0,train,Logistic Regression,True
12848,0,0.1442,0,0.0,train,Logistic Regression,True
15206,0,0.1441,0,192.0,train,Logistic Regression,True
18166,0,0.1439,0,0.0,held-out test,Logistic Regression,True
18046,0,0.1437,0,0.0,train,Logistic Regression,True
17674,0,0.1434,1,841.9,held-out test,Logistic Regression,False
17587,0,0.1434,0,0.0,train,Logistic Regression,True
16481,0,0.1434,0,0.0,train,Logistic Regression,True
12470,0,0.1432,0,0.0,train,Logistic Regression,True
17778,0,0.143,0,0.0,train,Logistic Regression,True
17483,0,0.143,1,2269.1,train,Logistic Regression,False
16925,0,0.143,0,0.0,train,Logistic Regression,True
13303,0,0.1429,0,0.0,train,Logistic Regression,True
16741,0,0.1427,0,0.0,held-out test,Logistic Regression,True
13025,0,0.1425,0,0.0,train,Logistic Regression,True
13114,0,0.1425,0,0.0,train,Logistic Regression,True
17583,0,0.1424,0,0.0,train,Logistic Regression,True
13011,0,0.1424,0,0.0,held-out test,Logistic Regression,True
13586,0,0.1423,0,0.0,held-out test,Logistic Regression,True
15946,0,0.1417,0,0.0,train,Logistic Regression,True
17066,0,0.1416,0,0.0,train,Logistic Regression,True
16388,0,0.1415,0,0.0,train,Logistic Regression,True
17721,0,0.1415,0,0.0,train,Logistic Regression,True
13254,0,0.1414,0,0.0,train,Logistic Regression,True
16507,0,0.1413,0,0.0,train,Logistic Regression,True
16002,0,0.1412,0,0.0,train,Logistic Regression,True
13687,0,0.1412,0,0.0,train,Logistic Regression,True
16604,0,0.1409,0,0.0,held-out test,Logistic Regression,True
15056,0,0.1404,0,0.0,train,Logistic Regression,True
14892,0,0.1402,0,0.0,train,Logistic Regression,True
15474,0,0.1402,0,0.0,train,Logistic Regression,True
16285,0,0.1399,0,0.0,train,Logistic Regression,True
13794,0,0.1397,0,0.0,held-out test,Logistic Regression,True
14683,0,0.1396,0,0.0,held-out test,Logistic Regression,True
17344,0,0.1384,1,864.5,held-out test,Logistic Regression,False
14185,0,0.1384,0,0.0,train,Logistic Regression,True
15524,0,0.1384,0,0.0,train,Logistic Regression,True
18186,0,0.1383,0,0.0,held-out test,Logistic Regression,True
15731,0,0.1382,0,0.0,train,Logistic Regression,True
16051,0,0.138,0,0.0,train,Logistic Regression,True
17794,0,0.138,0,0.0,train,Logistic Regression,True
17224,0,0.138,0,0.0,held-out test,Logistic Regression,True
13763,0,0.1379,0,0.0,train,Logistic Regression,True
15742,0,0.1379,0,0.0,train,Logistic Regression,True
16196,0,0.1378,0,0.0,train,Logistic Regression,True
17087,0,0.1378,0,0.0,train,Logistic Regression,True
14588,0,0.1376,0,0.0,held-out test,Logistic Regression,True
17249,0,0.1375,0,0.0,train,Logistic Regression,True
18070,0,0.1375,0,0.0,train,Logistic Regression,True
14874,0,0.1374,0,0.0,held-out test,Logistic Regression,True
16731,0,0.1372,0,0.0,train,Logistic Regression,True
15851,0,0.1371,0,0.0,train,Logistic Regression,True
17922,0,0.1368,0,0.0,held-out test,Logistic Regression,True
16238,0,0.1368,0,0.0,held-out test,Logistic Regression,True
17543,0,0.1366,0,0.0,train,Logistic Regression,True
14131,0,0.1366,0,0.0,held-out test,Logistic Regression,True
18042,0,0.1366,1,511.5,train,Logistic Regression,False
14773,0,0.1365,0,0.0,held-out test,Logistic Regression,True
17108,0,0.1362,0,0.0,train,Logistic Regression,True
14879,0,0.1362,0,0.0,train,Logistic Regression,True
16651,0,0.1361,0,0.0,train,Logistic Regression,True
14074,0,0.1361,0,0.0,train,Logistic Regression,True
12954,0,0.1361,0,0.0,train,Logistic Regression,True
14391,0,0.136,0,0.0,train,Logistic Regression,True
17401,0,0.136,0,0.0,train,Logistic Regression,True
17414,0,0.1359,0,158.0,train,Logistic Regression,True
15905,0,0.1359,0,0.0,held-out test,Logistic Regression,True
18285,0,0.1359,0,0.0,train,Logistic Regression,True
14833,0,0.1357,0,0.0,train,Logistic Regression,True
16578,0,0.1356,0,0.0,train,Logistic Regression,True
14509,0,0.1356,0,0.0,train,Logistic Regression,True
15649,0,0.1355,0,0.0,held-out test,Logistic Regression,True
14003,0,0.1354,0,0.0,held-out test,Logistic Regression,True
16118,0,0.1353,0,0.0,train,Logistic Regression,True
16439,0,0.1353,0,0.0,train,Logistic Regression,True
13022,0,0.1346,0,0.0,train,Logistic Regression,True
16901,0,0.1344,0,0.0,held-out test,Logistic Regression,True
13457,0,0.1343,0,0.0,train,Logistic Regression,True
14063,0,0.1341,0,0.0,train,Logistic Regression,True
17565,0,0.1341,0,0.0,train,Logistic Regression,True
14468,0,0.1341,0,0.0,train,Logistic Regression,True
14983,0,0.134,0,0.0,train,Logistic Regression,True
16822,0,0.134,0,0.0,train,Logistic Regression,True
18152,0,0.1338,0,0.0,held-out test,Logistic Regression,True
17784,0,0.1337,0,0.0,train,Logistic Regression,True
17271,0,0.1333,0,0.0,train,Logistic Regression,True
13191,0,0.1331,0,0.0,train,Logistic Regression,True
14374,0,0.1326,0,0.0,train,Logistic Regression,True
16715,0,0.1324,1,752.0,held-out test,Logistic Regression,False
15352,0,0.1323,0,0.0,train,Logistic Regression,True
17359,0,0.132,1,703.2,train,Logistic Regression,False
14999,0,0.1318,0,0.0,train,Logistic Regression,True
16673,0,0.1317,0,0.0,held-out test,Logistic Regression,True
14306,0,0.1317,1,2266.5,train,Logistic Regression,False
13818,0,0.1315,0,0.0,train,Logistic Regression,True
13380,0,0.1314,0,0.0,train,Logistic Regression,True
13111,0,0.1314,0,0.0,train,Logistic Regression,True
18281,0,0.1312,1,450.0,train,Logistic Regression,False
15496,0,0.131,0,0.0,train,Logistic Regression,True
17960,0,0.1305,1,402.4,train,Logistic Regression,False
13490,0,0.1304,0,0.0,train,Logistic Regression,True
15115,0,0.1304,1,1879.1,train,Logistic Regression,False
17240,0,0.1304,0,0.0,train,Logistic Regression,True
14604,0,0.1303,0,0.0,train,Logistic Regression,True
17927,0,0.1302,0,0.0,train,Logistic Regression,True
18123,0,0.1301,1,2702.2,train,Logistic Regression,False
15848,0,0.1298,0,0.0,train,Logistic Regression,True
18103,0,0.1295,0,0.0,train,Logistic Regression,True
16192,0,0.1294,0,0.0,train,Logistic Regression,True
16277,0,0.1293,0,0.0,train,Logistic Regression,True
15818,0,0.1293,0,0.0,held-out test,Logistic Regression,True
14589,0,0.1292,0,0.0,held-out test,Logistic Regression,True
15991,0,0.1292,0,0.0,held-out test,Logistic Regression,True
17065,0,0.129,0,0.0,train,Logistic Regression,True
17875,0,0.1289,0,0.0,held-out test,Logistic Regression,True
18020,0,0.1289,0,0.0,train,Logistic Regression,True
16547,0,0.1284,0,0.0,train,Logistic Regression,True
12774,0,0.1283,0,0.0,train,Logistic Regression,True
13905,0,0.128,0,0.0,held-out test,Logistic Regression,True
13071,0,0.1279,0,0.0,train,Logistic Regression,True
17958,0,0.1279,1,470.6,train,Logistic Regression,False
14435,0,0.1276,0,0.0,train,Logistic Regression,True
16896,0,0.1274,0,0.0,held-out test,Logistic Regression,True
14954,0,0.1272,1,1628.5,train,Logistic Regression,False
14378,0,0.127,0,0.0,train,Logistic Regression,True
16664,0,0.127,0,0.0,train,Logistic Regression,True
17301,0,0.1265,1,891.3,train,Logistic Regression,False
15209,0,0.1265,0,0.0,held-out test,Logistic Regression,True
15340,0,0.1262,0,0.0,held-out test,Logistic Regression,True
15928,0,0.1261,0,0.0,train,Logistic Regression,True
12898,0,0.1258,0,0.0,train,Logistic Regression,True
13053,0,0.1255,0,0.0,train,Logistic Regression,True
14799,0,0.1253,1,849.7,train,Logistic Regression,False
17308,0,0.1251,0,0.0,train,Logistic Regression,True
16068,0,0.1251,0,0.0,train,Logistic Regression,True
13306,0,0.1245,0,0.0,held-out test,Logistic Regression,True
15558,0,0.124,0,0.0,train,Logistic Regression,True
14969,0,0.1238,0,0.0,train,Logistic Regression,True
17847,0,0.1234,0,0.0,train,Logistic Regression,True
17586,0,0.1232,0,0.0,train,Logistic Regression,True
13216,0,0.1227,0,0.0,train,Logistic Regression,True
14007,0,0.1221,0,0.0,train,Logistic Regression,True
15534,0,0.122,0,0.0,train,Logistic Regression,True
13669,0,0.1218,1,1206.8,train,Logistic Regression,False
13902,0,0.1216,0,0.0,train,Logistic Regression,True
13906,0,0.1214,0,0.0,train,Logistic Regression,True
14576,0,0.1214,0,0.0,train,Logistic Regression,True
15305,0,0.1213,0,0.0,held-out test,Logistic Regression,True
15499,0,0.121,0,0.0,train,Logistic Regression,True
17487,0,0.1209,0,0.0,train,Logistic Regression,True
13249,0,0.1207,1,698.5,train,Logistic Regression,False
13119,0,0.1205,0,0.0,train,Logistic Regression,True
15548,0,0.1205,0,0.0,train,Logistic Regression,True
18076,0,0.1204,0,0.0,held-out test,Logistic Regression,True
14786,0,0.1203,0,0.0,train,Logistic Regression,True
17089,0,0.1203,0,0.0,train,Logistic Regression,True
14941,0,0.1202,0,0.0,held-out test,Logistic Regression,True
17318,0,0.12,0,0.0,held-out test,Logistic Regression,True
16645,0,0.1199,0,0.0,held-out test,Logistic Regression,True
17660,0,0.1199,1,702.0,held-out test,Logistic Regression,False
17982,0,0.1199,0,0.0,held-out test,Logistic Regression,True
14394,0,0.1198,0,0.0,train,Logistic Regression,True
15685,0,0.1192,0,0.0,train,Logistic Regression,True
16831,0,0.1183,0,0.0,train,Logistic Regression,True
12798,0,0.1181,0,0.0,held-out test,Logistic Regression,True
17933,0,0.1179,0,0.0,train,Logistic Regression,True
15158,0,0.1178,1,514.2,train,Logistic Regression,False
13907,0,0.1178,0,0.0,held-out test,Logistic Regression,True
15892,0,0.1177,0,0.0,train,Logistic Regression,True
15595,0,0.1176,0,0.0,held-out test,Logistic Regression,True
15324,0,0.1175,0,0.0,train,Logistic Regression,True
14491,0,0.1174,1,1176.4,held-out test,Logistic Regression,False
15479,0,0.1161,0,0.0,train,Logistic Regression,True
14980,0,0.116,0,0.0,train,Logistic Regression,True
16127,0,0.116,1,3335.6,train,Logistic Regression,False
16908,0,0.1159,0,0.0,train,Logistic Regression,True
15380,0,0.1159,1,2371.8,held-out test,Logistic Regression,False
17592,0,0.1156,0,0.0,train,Logistic Regression,True
16944,0,0.1154,0,0.0,train,Logistic Regression,True
18148,0,0.1153,0,0.0,held-out test,Logistic Regression,True
12692,0,0.1152,0,0.0,train,Logistic Regression,True
16564,0,0.1152,0,0.0,train,Logistic Regression,True
14726,0,0.1147,0,0.0,train,Logistic Regression,True
15876,0,0.1146,0,0.0,train,Logistic Regression,True
14884,0,0.1145,0,0.0,held-out test,Logistic Regression,True
17192,0,0.1144,0,0.0,train,Logistic Regression,True
12392,0,0.1143,0,0.0,held-out test,Logistic Regression,True
15112,0,0.1139,0,0.0,train,Logistic Regression,True
15591,0,0.1137,0,0.0,train,Logistic Regression,True
17439,0,0.1137,0,0.0,train,Logistic Regression,True
17605,0,0.1136,0,0.0,train,Logistic Regression,True
15085,0,0.1128,0,0.0,held-out test,Logistic Regression,True
15875,0,0.1125,0,0.0,train,Logistic Regression,True
15022,0,0.112,1,4703.2,train,Logistic Regression,False
15927,0,0.1118,0,0.0,train,Logistic Regression,True
18175,0,0.1117,0,0.0,held-out test,Logistic Regression,True
14610,0,0.1117,0,0.0,train,Logistic Regression,True
17199,0,0.1117,0,0.0,train,Logistic Regression,True
16267,0,0.1116,0,0.0,train,Logistic Regression,True
15409,0,0.1114,0,0.0,held-out test,Logistic Regression,True
14987,0,0.1109,0,0.0,train,Logistic Regression,True
16666,0,0.1108,1,660.6,train,Logistic Regression,False
14266,0,0.1106,0,0.0,train,Logistic Regression,True
14616,0,0.1101,0,0.0,train,Logistic Regression,True
14402,0,0.1101,0,0.0,train,Logistic Regression,True
14972,0,0.11,1,631.5,train,Logistic Regression,False
14384,0,0.1099,0,0.0,held-out test,Logistic Regression,True
14943,0,0.1098,0,0.0,train,Logistic Regression,True
14842,0,0.1094,1,13165.2,train,Logistic Regression,False
13051,0,0.1093,0,0.0,held-out test,Logistic Regression,True
15794,0,0.1092,0,0.0,train,Logistic Regression,True
17575,0,0.1085,0,0.0,train,Logistic Regression,True
17599,0,0.1084,0,0.0,train,Logistic Regression,True
15374,0,0.1084,0,138.0,train,Logistic Regression,True
16082,0,0.1081,0,0.0,train,Logistic Regression,True
13180,0,0.1075,0,0.0,train,Logistic Regression,True
14637,0,0.1072,0,0.0,train,Logistic Regression,True
17818,0,0.1071,0,0.0,train,Logistic Regression,True
13312,0,0.1071,0,0.0,train,Logistic Regression,True
16028,0,0.107,0,0.0,held-out test,Logistic Regression,True
13793,0,0.107,0,0.0,held-out test,Logistic Regression,True
15256,0,0.1064,1,537.2,train,Logistic Regression,False
17513,0,0.1061,1,381.6,train,Logistic Regression,False
14559,0,0.106,0,0.0,held-out test,Logistic Regression,True
12496,0,0.1059,0,0.0,train,Logistic Regression,True
17494,0,0.1056,0,0.0,train,Logistic Regression,True
18012,0,0.1056,0,0.0,train,Logistic Regression,True
12638,0,0.1054,1,2822.8,train,Logistic Regression,False
15797,0,0.1036,0,0.0,train,Logistic Regression,True
17216,0,0.1025,0,0.0,train,Logistic Regression,True
17395,0,0.1022,0,0.0,train,Logistic Regression,True
14750,0,0.1021,0,0.0,train,Logistic Regression,True
17304,0,0.102,0,0.0,train,Logistic Regression,True
15082,0,0.1019,0,0.0,train,Logistic Regression,True
16064,0,0.1019,0,0.0,train,Logistic Regression,True
17909,0,0.1011,0,0.0,train,Logistic Regression,True
14955,0,0.101,0,0.0,held-out test,Logistic Regression,True
17390,0,0.1009,0,0.0,held-out test,Logistic Regression,True
17533,0,0.1007,0,0.0,train,Logistic Regression,True
17647,0,0.1004,1,730.6,train,Logistic Regression,False
13219,0,0.1,0,0.0,train,Logistic Regression,True
14086,0,0.0999,0,0.0,held-out test,Logistic Regression,True
15941,0,0.0999,0,0.0,train,Logistic Regression,True
16301,0,0.0998,0,0.0,train,Logistic Regression,True
13392,0,0.0994,0,0.0,train,Logistic Regression,True
17907,0,0.0992,0,0.0,train,Logistic Regression,True
17246,0,0.0991,0,0.0,train,Logistic Regression,True
15642,0,0.099,0,0.0,held-out test,Logistic Regression,True
18063,0,0.0986,0,0.0,train,Logistic Regression,True
13469,0,0.0985,0,0.0,train,Logistic Regression,True
13207,0,0.0983,1,976.0,held-out test,Logistic Regression,False
16964,0,0.0982,0,0.0,train,Logistic Regression,True
13620,0,0.098,0,0.0,held-out test,Logistic Regression,True
15871,0,0.0977,0,0.0,train,Logistic Regression,True
15924,0,0.0977,0,0.0,held-out test,Logistic Regression,True
15635,0,0.0976,0,0.0,held-out test,Logistic Regression,True
16323,0,0.0973,0,0.0,held-out test,Logistic Regression,True
12789,0,0.097,1,505.3,held-out test,Logistic Regression,False
15470,0,0.097,0,0.0,train,Logistic Regression,True
14574,0,0.0965,0,0.0,held-out test,Logistic Regression,True
16970,0,0.0962,0,0.0,train,Logistic Regression,True
14650,0,0.0961,0,0.0,train,Logistic Regression,True
16397,0,0.0958,0,0.0,held-out test,Logistic Regression,True
17916,0,0.0955,0,0.0,train,Logistic Regression,True
16692,0,0.0954,0,0.0,train,Logistic Regression,True
12992,0,0.095,0,0.0,train,Logistic Regression,True
12861,0,0.0949,0,0.0,train,Logistic Regression,True
16061,0,0.0942,0,0.0,train,Logistic Regression,True
13913,0,0.0933,0,0.0,train,Logistic Regression,True
12568,0,0.093,0,0.0,train,Logistic Regression,True
15341,0,0.0928,0,0.0,held-out test,Logistic Regression,True
13084,0,0.0928,0,0.0,held-out test,Logistic Regression,True
13445,0,0.0926,0,0.0,train,Logistic Regression,True
17018,0,0.0921,1,492.0,train,Logistic Regression,False
18131,0,0.0916,0,0.0,held-out test,Logistic Regression,True
16867,0,0.0913,0,0.0,held-out test,Logistic Regression,True
16219,0,0.0911,0,0.0,held-out test,Logistic Regression,True
13416,0,0.091,1,2079.8,held-out test,Logistic Regression,False
12969,0,0.0909,0,0.0,train,Logistic Regression,True
17606,0,0.0908,0,0.0,held-out test,Logistic Regression,True
14464,0,0.0903,0,0.0,train,Logistic Regression,True
16182,0,0.0894,1,560.7,train,Logistic Regression,False
16417,0,0.0889,0,0.0,train,Logistic Regression,True
14717,0,0.0887,0,0.0,train,Logistic Regression,True
15317,0,0.0886,0,0.0,train,Logistic Regression,True
14347,0,0.0883,0,0.0,train,Logistic Regression,True
15833,0,0.0876,0,0.0,held-out test,Logistic Regression,True
15250,0,0.087,0,0.0,held-out test,Logistic Regression,True
14743,0,0.0864,0,0.0,train,Logistic Regression,True
16199,0,0.085,0,0.0,held-out test,Logistic Regression,True
16410,0,0.0841,0,0.0,held-out test,Logistic Regression,True
12403,0,0.0838,0,252.0,train,Logistic Regression,True
16459,0,0.0837,0,0.0,train,Logistic Regression,True
14144,0,0.0836,0,0.0,train,Logistic Regression,True
13710,0,0.083,1,609.6,held-out test,Logistic Regression,False
13915,0,0.0824,0,0.0,train,Logistic Regression,True
18251,0,0.0823,0,0.0,train,Logistic Regression,True
16545,0,0.0821,0,138.0,train,Logistic Regression,True
15375,0,0.0816,0,0.0,train,Logistic Regression,True
12776,0,0.0808,0,0.0,train,Logistic Regression,True
15431,0,0.0808,0,0.0,train,Logistic Regression,True
16454,0,0.0807,0,37.5,train,Logistic Regression,True
15868,0,0.0807,0,0.0,train,Logistic Regression,True
16058,0,0.0794,0,0.0,train,Logistic Regression,True
17129,0,0.0793,0,0.0,held-out test,Logistic Regression,True
14045,0,0.0788,0,0.0,train,Logistic Regression,True
17074,0,0.0787,0,0.0,held-out test,Logistic Regression,True
18253,0,0.0784,0,0.0,held-out test,Logistic Regression,True
15698,0,0.0783,0,0.0,train,Logistic Regression,True
14039,0,0.0783,1,451.6,train,Logistic Regression,False
12773,0,0.0781,0,0.0,train,Logistic Regression,True
18000,0,0.0781,0,0.0,held-out test,Logistic Regression,True
18028,0,0.0779,0,0.0,train,Logistic Regression,True
14993,0,0.0776,0,0.0,train,Logistic Regression,True
17959,0,0.0775,0,0.0,train,Logistic Regression,True
12860,0,0.077,0,0.0,train,Logistic Regression,True
17225,0,0.0768,0,0.0,held-out test,Logistic Regression,True
13739,0,0.0763,0,228.0,held-out test,Logistic Regression,True
16405,0,0.0759,0,0.0,train,Logistic Regression,True
13689,0,0.0757,0,82.8,train,Logistic Regression,True
15455,0,0.0752,0,0.0,train,Logistic Regression,True
16530,0,0.0751,0,0.0,train,Logistic Regression,True
13036,0,0.0745,0,0.0,train,Logistic Regression,True
13511,0,0.074,0,0.0,train,Logistic Regression,True
12925,0,0.0738,1,3800.8,train,Logistic Regression,False
15284,0,0.0733,0,0.0,held-out test,Logistic Regression,True
14436,0,0.0726,1,485.7,train,Logistic Regression,False
16088,0,0.0718,0,0.0,train,Logistic Regression,True
15603,0,0.0712,0,264.0,train,Logistic Regression,True
17378,0,0.071,0,0.0,train,Logistic Regression,True
13757,0,0.0709,0,0.0,held-out test,Logistic Regression,True
16694,0,0.07,0,0.0,train,Logistic Regression,True
13406,0,0.0694,0,0.0,train,Logistic Regression,True
14314,0,0.0691,1,398.8,train,Logistic Regression,False
16941,0,0.0684,0,0.0,train,Logistic Regression,True
15693,0,0.068,0,0.0,train,Logistic Regression,True
15672,0,0.0677,0,0.0,held-out test,Logistic Regression,True
16548,0,0.067,0,0.0,train,Logistic Regression,True
17056,0,0.0668,0,0.0,train,Logistic Regression,True
15575,0,0.0648,0,0.0,held-out test,Logistic Regression,True
12796,0,0.064,0,0.0,train,Logistic Regression,True
17352,0,0.0635,0,0.0,train,Logistic Regression,True
16738,0,0.0626,0,0.0,train,Logistic Regression,True
13112,0,0.0619,0,0.0,train,Logistic Regression,True
17181,0,0.0617,1,464.2,held-out test,Logistic Regression,False
13302,0,0.0614,0,0.0,train,Logistic Regression,True
17151,0,0.0602,0,0.0,held-out test,Logistic Regression,True
17328,0,0.0595,0,0.0,train,Logistic Regression,True
17319,0,0.0593,0,0.0,train,Logistic Regression,True
17557,0,0.0589,1,2643.7,train,Logistic Regression,False
14171,0,0.0583,1,1991.9,train,Logistic Regression,False
14977,0,0.0574,0,0.0,train,Logistic Regression,True
16537,0,0.0561,0,0.0,train,Logistic Regression,True
14580,0,0.0555,0,0.0,train,Logistic Regression,True
13783,0,0.0554,0,0.0,train,Logistic Regression,True
14900,0,0.0521,0,0.0,train,Logistic Regression,True
14866,0,0.0514,1,1854.6,held-out test,Logistic Regression,False
13163,0,0.051,0,0.0,train,Logistic Regression,True
17040,0,0.0506,1,955.8,train,Logistic Regression,False
12606,0,0.0499,0,0.0,train,Logistic Regression,True
14145,0,0.0499,0,0.0,held-out test,Logistic Regression,True
18035,0,0.0495,1,1978.3,train,Logistic Regression,False
12864,0,0.0472,0,144.0,held-out test,Logistic Regression,True
15999,0,0.0451,0,0.0,train,Logistic Regression,True
15413,0,0.0438,0,0.0,train,Logistic Regression,True
17330,0,0.0438,0,0.0,train,Logistic Regression,True
12846,0,0.0433,0,0.0,train,Logistic Regression,True
15040,0,0.0384,0,0.0,train,Logistic Regression,True
15913,0,0.0358,0,0.0,train,Logistic Regression,True
18115,0,0.0338,0,0.0,train,Logistic Regression,True
13788,0,0.0298,0,0.0,train,Logistic Regression,True
17383,0,0.0206,1,1060.1,train,Logistic Regression,False
14095,0,0.0184,0,0.0,train,Logistic Regression,True
