Customer ID,Recency,Frequency,Monetary,State,Cluster,Segment_Label
12346,529,10,1805.5,Johor,3,At-Risk High Value (lapsing loyal spender)
12347,2,8,20753.4,Kedah,2,"Champions (recent, frequent, high spend)"
12348,75,5,4397.5,Selangor,3,At-Risk High Value (lapsing loyal spender)
12349,19,3,15633.7,Johor,0,"New / Promising (recent, low frequency & value)"
12350,310,1,1826.2,Kuala Lumpur,1,Lost / Dormant Low-Value
12351,375,1,1681.2,Johor,1,Lost / Dormant Low-Value
12352,36,9,10153.7,Penang,2,"Champions (recent, frequent, high spend)"
12353,204,2,2229.8,Selangor,1,Lost / Dormant Low-Value
12354,232,1,5319.3,Johor,3,At-Risk High Value (lapsing loyal spender)
12355,214,2,3470.8,Selangor,3,At-Risk High Value (lapsing loyal spender)
12356,23,6,9151.5,Kuala Lumpur,2,"Champions (recent, frequent, high spend)"
12357,33,2,19485.5,Kuala Lumpur,0,"New / Promising (recent, low frequency & value)"
12358,2,5,5328.8,Johor,0,"New / Promising (recent, low frequency & value)"
12359,58,10,33985.1,Kuala Lumpur,2,"Champions (recent, frequent, high spend)"
12360,52,7,17900.4,Kuala Lumpur,2,"Champions (recent, frequent, high spend)"
12361,287,4,2800.4,Sabah,3,At-Risk High Value (lapsing loyal spender)
12362,3,10,25241.9,Johor,2,"Champions (recent, frequent, high spend)"
12363,110,2,2269.8,Perak,1,Lost / Dormant Low-Value
12364,8,4,6648.5,Selangor,0,"New / Promising (recent, low frequency & value)"
12365,291,1,1761.8,Selangor,1,Lost / Dormant Low-Value
12367,4,1,934.4000000000001,Johor,0,"New / Promising (recent, low frequency & value)"
12368,628,1,1080.0,Selangor,1,Lost / Dormant Low-Value
12369,413,3,7940.1,Kuala Lumpur,3,At-Risk High Value (lapsing loyal spender)
12370,51,7,15807.2,Selangor,2,"Champions (recent, frequent, high spend)"
12371,60,4,16708.9,Penang,3,At-Risk High Value (lapsing loyal spender)
12372,72,3,4665.2,Sarawak,3,At-Risk High Value (lapsing loyal spender)
12373,311,3,5289.0,Sarawak,3,At-Risk High Value (lapsing loyal spender)
12374,25,3,7285.0,Penang,0,"New / Promising (recent, low frequency & value)"
12375,11,2,2175.4,Johor,0,"New / Promising (recent, low frequency & value)"
12376,390,2,999.6,Johor,1,Lost / Dormant Low-Value
12377,315,4,15016.3,Selangor,3,At-Risk High Value (lapsing loyal spender)
12378,130,2,28169.7,Kuala Lumpur,3,At-Risk High Value (lapsing loyal spender)
12379,82,4,7961.5,Sarawak,3,At-Risk High Value (lapsing loyal spender)
12380,22,8,25840.9,Negeri Sembilan,2,"Champions (recent, frequent, high spend)"
12381,5,5,8001.6,Kuala Lumpur,0,"New / Promising (recent, low frequency & value)"
12383,185,5,7808.0,Selangor,3,At-Risk High Value (lapsing loyal spender)
12384,29,2,2336.7,Selangor,0,"New / Promising (recent, low frequency & value)"
12385,379,1,5921.2,Selangor,3,At-Risk High Value (lapsing loyal spender)
12386,367,1,791.2,Sabah,1,Lost / Dormant Low-Value
12387,415,1,802.8,Selangor,1,Lost / Dormant Low-Value
12388,16,8,13562.4,Sarawak,2,"Champions (recent, frequent, high spend)"
12389,403,3,4007.3,Penang,3,At-Risk High Value (lapsing loyal spender)
12390,80,1,2786.4,Penang,0,"New / Promising (recent, low frequency & value)"
12391,22,5,12337.4,Kuala Lumpur,2,"Champions (recent, frequent, high spend)"
12392,591,1,512.6,Labuan,1,Lost / Dormant Low-Value
12393,72,6,10460.0,Penang,3,At-Risk High Value (lapsing loyal spender)
12394,64,2,2319.2,Kuala Lumpur,0,"New / Promising (recent, low frequency & value)"
12395,19,15,21870.7,Selangor,2,"Champions (recent, frequent, high spend)"
12396,674,1,5090.2,Penang,1,Lost / Dormant Low-Value
12397,36,2,11207.9,Johor,0,"New / Promising (recent, low frequency & value)"
12398,46,1,7229.9,Selangor,0,"New / Promising (recent, low frequency & value)"
12399,119,7,9663.2,Selangor,3,At-Risk High Value (lapsing loyal spender)
12400,414,1,1121.8,Kuala Lumpur,1,Lost / Dormant Low-Value
12401,303,1,463.2,Selangor,1,Lost / Dormant Low-Value
12402,323,6,6935.3,Penang,3,At-Risk High Value (lapsing loyal spender)
12403,50,2,450.0,Melaka,1,Lost / Dormant Low-Value
12405,149,1,4926.9,Pahang,3,At-Risk High Value (lapsing loyal spender)
12406,22,5,14453.8,Johor,2,"Champions (recent, frequent, high spend)"
12407,50,5,7102.9,Melaka,3,At-Risk High Value (lapsing loyal spender)
12408,33,8,12353.0,Perak,2,"Champions (recent, frequent, high spend)"
12409,79,5,9696.4,Selangor,3,At-Risk High Value (lapsing loyal spender)
12410,309,3,4260.2,Kuala Lumpur,3,At-Risk High Value (lapsing loyal spender)
12411,410,1,1572.8,Kuala Lumpur,1,Lost / Dormant Low-Value
12412,75,6,10784.6,Kuala Lumpur,3,At-Risk High Value (lapsing loyal spender)
12413,67,4,4597.5,Selangor,3,At-Risk High Value (lapsing loyal spender)
12414,217,4,2734.0,Selangor,3,At-Risk High Value (lapsing loyal spender)
12415,25,18,18877.4,Sarawak,2,"Champions (recent, frequent, high spend)"
12416,657,1,1118.4,Kuala Lumpur,1,Lost / Dormant Low-Value
12417,3,20,32535.2,Selangor,2,"Champions (recent, frequent, high spend)"
12418,113,4,7153.5,Selangor,3,At-Risk High Value (lapsing loyal spender)
12419,386,2,2006.7,Kuala Lumpur,1,Lost / Dormant Low-Value
12420,64,1,3278.2,Kuala Lumpur,0,"New / Promising (recent, low frequency & value)"
12421,16,6,5446.1,Kuala Lumpur,0,"New / Promising (recent, low frequency & value)"
12422,96,14,14687.6,Penang,2,"Champions (recent, frequent, high spend)"
12423,1,10,13109.2,Selangor,2,"Champions (recent, frequent, high spend)"
12424,163,4,7053.5,Sabah,3,At-Risk High Value (lapsing loyal spender)
12425,78,2,7948.7,Melaka,3,At-Risk High Value (lapsing loyal spender)
12426,195,2,6580.9,Melaka,3,At-Risk High Value (lapsing loyal spender)
12427,22,3,2588.7,Perak,0,"New / Promising (recent, low frequency & value)"
12428,26,8,27160.8,Johor,2,"Champions (recent, frequent, high spend)"
12429,9,8,11668.4,Selangor,2,"Champions (recent, frequent, high spend)"
12430,43,1,1144.8,Selangor,0,"New / Promising (recent, low frequency & value)"
12431,60,21,35578.1,Kuala Lumpur,2,"Champions (recent, frequent, high spend)"
12432,43,4,5745.8,Selangor,0,"New / Promising (recent, low frequency & value)"
12433,1,10,46855.0,Selangor,2,"Champions (recent, frequent, high spend)"
12434,85,3,5545.1,Penang,3,At-Risk High Value (lapsing loyal spender)
12435,268,4,4817.5,Selangor,3,At-Risk High Value (lapsing loyal spender)
12436,100,1,1564.6,Penang,1,Lost / Dormant Low-Value
12437,2,38,54668.9,Kuala Lumpur,2,"Champions (recent, frequent, high spend)"
12438,14,2,8447.4,Johor,0,"New / Promising (recent, low frequency & value)"
12439,683,2,6275.2,Kuala Lumpur,3,At-Risk High Value (lapsing loyal spender)
12440,462,2,2706.4,Kuala Lumpur,1,Lost / Dormant Low-Value
12441,367,1,962.8,Selangor,1,Lost / Dormant Low-Value
12442,3,1,934.1,Penang,0,"New / Promising (recent, low frequency & value)"
12443,732,1,2001.1,Kuala Lumpur,1,Lost / Dormant Low-Value
12444,21,5,16626.7,Selangor,2,"Champions (recent, frequent, high spend)"
12445,22,2,2077.5,Kuala Lumpur,0,"New / Promising (recent, low frequency & value)"
12446,58,1,5512.6,Kuala Lumpur,0,"New / Promising (recent, low frequency & value)"
12447,243,1,2374.4,Selangor,1,Lost / Dormant Low-Value
12448,44,1,1653.9,Selangor,0,"New / Promising (recent, low frequency & value)"
12449,22,5,18004.5,Kuala Lumpur,2,"Champions (recent, frequent, high spend)"
12450,156,5,3412.2,Negeri Sembilan,3,At-Risk High Value (lapsing loyal spender)
12451,11,8,48166.4,Penang,2,"Champions (recent, frequent, high spend)"
12452,17,1,1678.3,Selangor,0,"New / Promising (recent, low frequency & value)"
12453,134,1,3906.4,Selangor,1,Lost / Dormant Low-Value
12455,73,10,20326.1,Selangor,2,"Champions (recent, frequent, high spend)"
12456,44,3,10786.5,Sarawak,3,At-Risk High Value (lapsing loyal spender)
12457,86,4,8571.5,Kedah,3,At-Risk High Value (lapsing loyal spender)
12458,71,4,7549.5,Johor,3,At-Risk High Value (lapsing loyal spender)
12459,605,1,2198.2,Selangor,1,Lost / Dormant Low-Value
12460,456,1,1811.3,Kuala Lumpur,1,Lost / Dormant Low-Value
12461,155,1,2392.5,Kuala Lumpur,1,Lost / Dormant Low-Value
12462,19,2,5113.5,Sabah,0,"New / Promising (recent, low frequency & value)"
12463,53,4,7385.4,Selangor,3,At-Risk High Value (lapsing loyal spender)
12464,10,8,1747.9,Kuala Lumpur,0,"New / Promising (recent, low frequency & value)"
12465,17,2,4042.0,Labuan,0,"New / Promising (recent, low frequency & value)"
12467,423,1,742.3,Penang,1,Lost / Dormant Low-Value
12468,188,5,12902.3,Selangor,3,At-Risk High Value (lapsing loyal spender)
12469,523,1,6109.7,Kuala Lumpur,1,Lost / Dormant Low-Value
12470,690,1,1163.4,Melaka,1,Lost / Dormant Low-Value
12471,2,73,102835.4,Kuala Lumpur,2,"Champions (recent, frequent, high spend)"
12472,32,19,71498.5,Johor,2,"Champions (recent, frequent, high spend)"
12473,29,5,14028.4,Selangor,2,"Champions (recent, frequent, high spend)"
12474,17,29,62082.2,Sabah,2,"Champions (recent, frequent, high spend)"
12475,54,2,5743.9,Melaka,0,"New / Promising (recent, low frequency & value)"
12476,16,18,49474.2,Penang,2,"Champions (recent, frequent, high spend)"
12477,23,9,45712.3,Kuala Lumpur,2,"Champions (recent, frequent, high spend)"
12478,4,1,3001.3,Terengganu,0,"New / Promising (recent, low frequency & value)"
12479,11,1,2585.3,Kuala Lumpur,0,"New / Promising (recent, low frequency & value)"
12480,28,7,21532.5,Kuala Lumpur,2,"Champions (recent, frequent, high spend)"
12481,23,14,37757.3,Kuala Lumpur,2,"Champions (recent, frequent, high spend)"
12482,654,4,1110.4,Selangor,1,Lost / Dormant Low-Value
12483,17,18,14268.5,Penang,2,"Champions (recent, frequent, high spend)"
12484,35,9,28481.2,Johor,2,"Champions (recent, frequent, high spend)"
12485,529,1,2839.0,Perak,1,Lost / Dormant Low-Value
12486,432,1,4995.7,Kelantan,1,Lost / Dormant Low-Value
12488,10,3,4851.6,Johor,0,"New / Promising (recent, low frequency & value)"
12489,336,1,1841.6,Johor,1,Lost / Dormant Low-Value
12490,5,20,44794.5,Sabah,2,"Champions (recent, frequent, high spend)"
12491,39,1,2268.1,Kuala Lumpur,0,"New / Promising (recent, low frequency & value)"
12492,63,3,3533.4,Selangor,0,"New / Promising (recent, low frequency & value)"
12493,166,2,2377.6,Putrajaya,1,Lost / Dormant Low-Value
12494,16,9,9647.8,Kuala Lumpur,2,"Champions (recent, frequent, high spend)"
12495,641,1,1527.9,Selangor,1,Lost / Dormant Low-Value
12496,620,2,250.1,Perak,1,Lost / Dormant Low-Value
12497,82,3,1553.0,Selangor,0,"New / Promising (recent, low frequency & value)"
12498,21,3,2200.9,Selangor,0,"New / Promising (recent, low frequency & value)"
12499,560,1,2171.6,Penang,1,Lost / Dormant Low-Value
12500,23,18,8546.6,Terengganu,2,"Champions (recent, frequent, high spend)"
12501,337,1,11169.4,Negeri Sembilan,3,At-Risk High Value (lapsing loyal spender)
12502,96,5,12547.9,Selangor,3,At-Risk High Value (lapsing loyal spender)
12504,18,4,1562.8,Selangor,0,"New / Promising (recent, low frequency & value)"
12505,409,1,4306.2,Kuala Lumpur,1,Lost / Dormant Low-Value
12506,233,1,404.09999999999997,Johor,1,Lost / Dormant Low-Value
12507,134,3,3881.5,Kelantan,3,At-Risk High Value (lapsing loyal spender)
12508,26,2,2175.9,Selangor,0,"New / Promising (recent, low frequency & value)"
12509,284,1,421.6,Johor,1,Lost / Dormant Low-Value
12510,143,7,12023.6,Kuala Lumpur,3,At-Risk High Value (lapsing loyal spender)
12511,429,1,16411.3,Kuala Lumpur,3,At-Risk High Value (lapsing loyal spender)
12512,66,2,728.5,Penang,1,Lost / Dormant Low-Value
12513,113,1,3067.8,Kuala Lumpur,1,Lost / Dormant Low-Value
12514,267,2,7850.0,Perak,3,At-Risk High Value (lapsing loyal spender)
12515,353,1,1533.6,Selangor,1,Lost / Dormant Low-Value
12516,78,4,6892.6,Kuala Lumpur,3,At-Risk High Value (lapsing loyal spender)
12517,28,4,12816.0,Kuala Lumpur,0,"New / Promising (recent, low frequency & value)"
12518,1,5,10242.7,Selangor,2,"Champions (recent, frequent, high spend)"
12519,64,2,3616.8,Kuala Lumpur,0,"New / Promising (recent, low frequency & value)"
12520,79,5,12620.6,Johor,3,At-Risk High Value (lapsing loyal spender)
12521,143,1,3000.6,Selangor,1,Lost / Dormant Low-Value
12522,39,2,1040.8,Kuala Lumpur,0,"New / Promising (recent, low frequency & value)"
12523,19,23,23176.9,Negeri Sembilan,2,"Champions (recent, frequent, high spend)"
12524,9,12,15719.5,Selangor,2,"Champions (recent, frequent, high spend)"
12525,498,3,4850.8,Selangor,3,At-Risk High Value (lapsing loyal spender)
12526,1,3,6846.8,Selangor,0,"New / Promising (recent, low frequency & value)"
12527,82,4,2352.0,Johor,3,At-Risk High Value (lapsing loyal spender)
12528,9,6,8524.1,Selangor,2,"Champions (recent, frequent, high spend)"
12529,528,1,1737.2,Selangor,1,Lost / Dormant Low-Value
12530,60,9,15663.4,Selangor,2,"Champions (recent, frequent, high spend)"
12531,15,2,9679.1,Perak,0,"New / Promising (recent, low frequency & value)"
12532,30,1,1661.8,Kuala Lumpur,0,"New / Promising (recent, low frequency & value)"
12533,628,2,6661.3,Selangor,3,At-Risk High Value (lapsing loyal spender)
12534,131,1,5390.1,Perak,3,At-Risk High Value (lapsing loyal spender)
12535,92,2,3427.2,Selangor,3,At-Risk High Value (lapsing loyal spender)
12536,59,1,22069.8,Selangor,3,At-Risk High Value (lapsing loyal spender)
12537,409,1,3326.5,Kuala Lumpur,1,Lost / Dormant Low-Value
12538,29,2,3254.1,Selangor,0,"New / Promising (recent, low frequency & value)"
12539,22,7,47907.1,Melaka,2,"Champions (recent, frequent, high spend)"
12540,20,32,67452.3,Johor,2,"Champions (recent, frequent, high spend)"
12541,30,3,4647.5,Selangor,0,"New / Promising (recent, low frequency & value)"
12542,484,2,2668.5,Sabah,1,Lost / Dormant Low-Value
12543,448,1,3953.4,Kuala Lumpur,1,Lost / Dormant Low-Value
12544,36,1,1744.6,Selangor,0,"New / Promising (recent, low frequency & value)"
12545,75,2,4562.8,Selangor,0,"New / Promising (recent, low frequency & value)"
12546,47,2,5563.2,Sarawak,0,"New / Promising (recent, low frequency & value)"
12547,198,3,2091.6,Sabah,3,At-Risk High Value (lapsing loyal spender)
12548,166,1,524.8,Selangor,1,Lost / Dormant Low-Value
12549,576,5,5904.8,Selangor,3,At-Risk High Value (lapsing loyal spender)
12550,79,1,4546.7,Kuala Lumpur,0,"New / Promising (recent, low frequency & value)"
12551,358,1,932.0,Selangor,1,Lost / Dormant Low-Value
12552,40,1,1752.8,Penang,0,"New / Promising (recent, low frequency & value)"
12553,8,12,22398.0,Kuala Lumpur,2,"Champions (recent, frequent, high spend)"
12554,449,1,2123.0,Melaka,1,Lost / Dormant Low-Value
12556,50,2,3280.7,Selangor,0,"New / Promising (recent, low frequency & value)"
12557,158,2,864.0,Selangor,1,Lost / Dormant Low-Value
12558,8,1,803.6,Selangor,0,"New / Promising (recent, low frequency & value)"
12559,320,1,1593.2,Selangor,1,Lost / Dormant Low-Value
12560,5,2,9529.1,Terengganu,0,"New / Promising (recent, low frequency & value)"
12561,303,1,1327.2,Kuala Lumpur,1,Lost / Dormant Low-Value
12562,8,9,18442.2,Selangor,2,"Champions (recent, frequent, high spend)"
12563,409,1,872.4,Selangor,1,Lost / Dormant Low-Value
12564,261,1,2212.7,Melaka,1,Lost / Dormant Low-Value
12565,289,1,798.0,Selangor,1,Lost / Dormant Low-Value
12566,86,1,1645.3,Penang,1,Lost / Dormant Low-Value
12567,23,15,52253.5,Selangor,2,"Champions (recent, frequent, high spend)"
12568,645,1,387.7,Selangor,1,Lost / Dormant Low-Value
12569,2,32,19024.4,Kuala Lumpur,2,"Champions (recent, frequent, high spend)"
12571,40,2,2831.8,Perak,0,"New / Promising (recent, low frequency & value)"
12572,9,2,4442.7,Kuala Lumpur,0,"New / Promising (recent, low frequency & value)"
12573,227,5,3605.7000000000003,Kelantan,3,At-Risk High Value (lapsing loyal spender)
12574,316,1,1193.6,Selangor,1,Lost / Dormant Low-Value
12575,457,2,3409.4,Kelantan,1,Lost / Dormant Low-Value
12576,36,8,11283.5,Selangor,2,"Champions (recent, frequent, high spend)"
12577,35,8,8828.0,Penang,2,"Champions (recent, frequent, high spend)"
12578,21,4,17507.5,Selangor,2,"Champions (recent, frequent, high spend)"
12579,78,1,2139.6,Kuala Lumpur,1,Lost / Dormant Low-Value
12580,247,2,5473.0,Penang,3,At-Risk High Value (lapsing loyal spender)
12581,40,1,1086.4,Johor,0,"New / Promising (recent, low frequency & value)"
12582,239,4,9376.9,Selangor,3,At-Risk High Value (lapsing loyal spender)
12583,3,27,40819.2,Sarawak,2,"Champions (recent, frequent, high spend)"
12584,4,9,9045.6,Selangor,2,"Champions (recent, frequent, high spend)"
12585,234,2,7811.4,Penang,3,At-Risk High Value (lapsing loyal spender)
12586,17,4,9683.3,Selangor,0,"New / Promising (recent, low frequency & value)"
12587,8,1,795.0,Selangor,0,"New / Promising (recent, low frequency & value)"
12588,39,4,4383.7,Sabah,0,"New / Promising (recent, low frequency & value)"
12589,29,6,16003.7,Johor,2,"Champions (recent, frequent, high spend)"
12590,211,1,648.0,Johor,1,Lost / Dormant Low-Value
12591,317,3,5624.0,Selangor,3,At-Risk High Value (lapsing loyal spender)
12592,92,4,7642.4,Kelantan,3,At-Risk High Value (lapsing loyal spender)
12593,109,3,2302.0,Penang,3,At-Risk High Value (lapsing loyal spender)
12594,47,13,20919.6,Kuala Lumpur,2,"Champions (recent, frequent, high spend)"
12595,505,1,1668.4,Penang,1,Lost / Dormant Low-Value
12596,51,2,2096.1,Negeri Sembilan,0,"New / Promising (recent, low frequency & value)"
12597,19,4,17413.4,Selangor,2,"Champions (recent, frequent, high spend)"
12598,10,11,19295.8,Negeri Sembilan,2,"Champions (recent, frequent, high spend)"
12599,29,13,11303.8,Perak,2,"Champions (recent, frequent, high spend)"
12600,29,21,8442.8,Kedah,2,"Champions (recent, frequent, high spend)"
12601,190,6,3324.6,Kuala Lumpur,3,At-Risk High Value (lapsing loyal spender)
12602,59,1,856.6,Kuala Lumpur,1,Lost / Dormant Low-Value
12604,79,2,1399.6,Johor,0,"New / Promising (recent, low frequency & value)"
12605,376,4,6808.3,Selangor,3,At-Risk High Value (lapsing loyal spender)
12606,682,1,115.5,Kuala Lumpur,1,Lost / Dormant Low-Value
12607,60,1,8723.5,Selangor,0,"New / Promising (recent, low frequency & value)"
12608,405,1,1021.5,Melaka,1,Lost / Dormant Low-Value
12609,78,9,16931.4,Kuala Lumpur,2,"Champions (recent, frequent, high spend)"
12610,23,4,10011.1,Kuala Lumpur,0,"New / Promising (recent, low frequency & value)"
12611,52,1,5742.6,Selangor,0,"New / Promising (recent, low frequency & value)"
12612,74,1,1706.0,Selangor,1,Lost / Dormant Low-Value
12613,57,10,30778.8,Johor,2,"Champions (recent, frequent, high spend)"
12614,278,1,1736.5,Selangor,1,Lost / Dormant Low-Value
12615,2,8,26941.9,Selangor,2,"Champions (recent, frequent, high spend)"
12616,95,3,5244.8,Kuala Lumpur,3,At-Risk High Value (lapsing loyal spender)
12617,29,1,1936.5,Selangor,0,"New / Promising (recent, low frequency & value)"
12618,22,1,979.5,Sarawak,0,"New / Promising (recent, low frequency & value)"
12619,16,9,8086.5,Kuala Lumpur,2,"Champions (recent, frequent, high spend)"
12620,15,3,7329.0,Pahang,0,"New / Promising (recent, low frequency & value)"
12621,2,33,64082.4,Selangor,2,"Champions (recent, frequent, high spend)"
12622,232,1,983.0,Johor,1,Lost / Dormant Low-Value
12623,276,7,16842.7,Penang,3,At-Risk High Value (lapsing loyal spender)
12624,106,2,3523.5,Kuala Lumpur,3,At-Risk High Value (lapsing loyal spender)
12625,212,4,17786.6,Selangor,3,At-Risk High Value (lapsing loyal spender)
12626,23,9,26995.8,Selangor,2,"Champions (recent, frequent, high spend)"
12627,11,6,21090.6,Selangor,2,"Champions (recent, frequent, high spend)"
12628,4,3,4063.1,Selangor,0,"New / Promising (recent, low frequency & value)"
12629,386,2,2952.9,Sabah,1,Lost / Dormant Low-Value
12630,10,2,5640.1,Selangor,0,"New / Promising (recent, low frequency & value)"
12631,57,6,16798.8,Johor,3,At-Risk High Value (lapsing loyal spender)
12632,521,2,3130.1,Selangor,1,Lost / Dormant Low-Value
12633,59,7,26086.8,Kuala Lumpur,2,"Champions (recent, frequent, high spend)"
12634,548,1,1980.0,Johor,1,Lost / Dormant Low-Value
12635,90,4,14360.9,Selangor,3,At-Risk High Value (lapsing loyal spender)
12637,67,12,39476.7,Selangor,2,"Champions (recent, frequent, high spend)"
12638,33,2,3325.6,Penang,0,"New / Promising (recent, low frequency & value)"
12639,239,3,5836.5,Labuan,3,At-Risk High Value (lapsing loyal spender)
12640,24,3,4960.4,Selangor,0,"New / Promising (recent, low frequency & value)"
12641,115,1,1020.3,Johor,1,Lost / Dormant Low-Value
12642,25,3,4012.2,Selangor,0,"New / Promising (recent, low frequency & value)"
12643,172,6,889.5,Kedah,3,At-Risk High Value (lapsing loyal spender)
12644,130,4,9563.4,Johor,3,At-Risk High Value (lapsing loyal spender)
12645,34,8,14708.5,Sabah,2,"Champions (recent, frequent, high spend)"
12646,5,2,4667.8,Selangor,0,"New / Promising (recent, low frequency & value)"
12647,22,33,44309.3,Sabah,2,"Champions (recent, frequent, high spend)"
12648,155,4,5847.9,Kuala Lumpur,3,At-Risk High Value (lapsing loyal spender)
12649,107,7,9554.9,Sabah,3,At-Risk High Value (lapsing loyal spender)
12650,3,1,801.2,Melaka,0,"New / Promising (recent, low frequency & value)"
12651,335,4,2048.7,Kuala Lumpur,3,At-Risk High Value (lapsing loyal spender)
12652,331,2,4350.6,Selangor,3,At-Risk High Value (lapsing loyal spender)
12653,149,3,6760.2,Selangor,3,At-Risk High Value (lapsing loyal spender)
12654,11,5,3299.4,Kuala Lumpur,0,"New / Promising (recent, low frequency & value)"
12655,424,1,1435.7,Melaka,1,Lost / Dormant Low-Value
12656,17,8,21444.8,Kuala Lumpur,2,"Champions (recent, frequent, high spend)"
12657,11,3,4117.5,Johor,0,"New / Promising (recent, low frequency & value)"
12658,19,1,3473.4,Selangor,0,"New / Promising (recent, low frequency & value)"
12659,30,1,491.0,Penang,0,"New / Promising (recent, low frequency & value)"
12660,11,1,1339.2,Johor,0,"New / Promising (recent, low frequency & value)"
12661,436,1,888.0,Melaka,1,Lost / Dormant Low-Value
12662,1,20,35419.8,Penang,2,"Champions (recent, frequent, high spend)"
12663,625,2,1020.5,Sabah,1,Lost / Dormant Low-Value
12664,16,7,1669.0,Kuala Lumpur,0,"New / Promising (recent, low frequency & value)"
12665,325,3,1724.0,Selangor,1,Lost / Dormant Low-Value
12666,394,1,2612.2,Terengganu,1,Lost / Dormant Low-Value
12667,58,1,2496.2,Johor,0,"New / Promising (recent, low frequency & value)"
12668,12,9,49503.1,Sabah,2,"Champions (recent, frequent, high spend)"
12669,151,2,7836.0,Johor,3,At-Risk High Value (lapsing loyal spender)
12670,10,7,11473.2,Selangor,2,"Champions (recent, frequent, high spend)"
12671,606,1,2457.9,Sabah,1,Lost / Dormant Low-Value
12672,330,2,1893.9,Johor,1,Lost / Dormant Low-Value
12673,5,3,5871.4,Negeri Sembilan,0,"New / Promising (recent, low frequency & value)"
12674,39,4,7938.6,Sabah,0,"New / Promising (recent, low frequency & value)"
12675,554,2,4788.9,Johor,3,At-Risk High Value (lapsing loyal spender)
12676,25,11,12042.2,Selangor,2,"Champions (recent, frequent, high spend)"
12677,555,2,1901.6,Melaka,1,Lost / Dormant Low-Value
12678,43,13,15435.9,Perlis,2,"Champions (recent, frequent, high spend)"
12679,59,4,4471.7,Selangor,3,At-Risk High Value (lapsing loyal spender)
12680,1,4,4840.2,Penang,0,"New / Promising (recent, low frequency & value)"
12681,15,45,124534.1,Selangor,2,"Champions (recent, frequent, high spend)"
12682,4,52,92221.9,Selangor,2,"Champions (recent, frequent, high spend)"
12683,4,20,42123.0,Selangor,2,"Champions (recent, frequent, high spend)"
12684,8,7,10133.0,Selangor,2,"Champions (recent, frequent, high spend)"
12685,28,6,13434.2,Johor,2,"Champions (recent, frequent, high spend)"
12686,372,1,502.8,Kedah,1,Lost / Dormant Low-Value
12687,481,1,10177.3,Selangor,3,At-Risk High Value (lapsing loyal spender)
12688,114,1,15527.6,Selangor,3,At-Risk High Value (lapsing loyal spender)
12689,26,2,6226.9,Johor,0,"New / Promising (recent, low frequency & value)"
12690,206,1,1562.2,Selangor,1,Lost / Dormant Low-Value
12691,28,7,3716.2,Sarawak,0,"New / Promising (recent, low frequency & value)"
12692,637,1,608.3,Selangor,1,Lost / Dormant Low-Value
12693,127,7,7842.5,Sarawak,3,At-Risk High Value (lapsing loyal spender)
12694,70,3,7414.1,Sabah,3,At-Risk High Value (lapsing loyal spender)
12695,7,7,5675.7,Johor,2,"Champions (recent, frequent, high spend)"
12696,435,2,4225.1,Selangor,3,At-Risk High Value (lapsing loyal spender)
12697,29,3,3666.6,Selangor,0,"New / Promising (recent, low frequency & value)"
12698,590,1,1318.9,Negeri Sembilan,1,Lost / Dormant Low-Value
12699,418,1,3108.8,Penang,1,Lost / Dormant Low-Value
12700,8,4,23217.7,Johor,2,"Champions (recent, frequent, high spend)"
12701,80,6,13442.7,Perak,3,At-Risk High Value (lapsing loyal spender)
12702,20,1,1200.7,Selangor,0,"New / Promising (recent, low frequency & value)"
12703,71,4,5195.7,Johor,3,At-Risk High Value (lapsing loyal spender)
12704,7,8,7925.2,Sarawak,2,"Champions (recent, frequent, high spend)"
12705,15,13,51748.4,Kuala Lumpur,2,"Champions (recent, frequent, high spend)"
12707,292,1,2374.9,Kuala Lumpur,1,Lost / Dormant Low-Value
12708,30,18,27405.5,Sarawak,2,"Champions (recent, frequent, high spend)"
12709,15,30,32881.4,Selangor,2,"Champions (recent, frequent, high spend)"
12710,97,3,5890.8,Perak,3,At-Risk High Value (lapsing loyal spender)
12711,612,2,6211.6,Sarawak,3,At-Risk High Value (lapsing loyal spender)
12712,29,21,23496.2,Selangor,2,"Champions (recent, frequent, high spend)"
12713,1,1,3484.8,Sarawak,0,"New / Promising (recent, low frequency & value)"
12714,9,12,61066.7,Selangor,2,"Champions (recent, frequent, high spend)"
12715,106,1,1438.0,Selangor,1,Lost / Dormant Low-Value
12716,4,2,5468.2,Selangor,0,"New / Promising (recent, low frequency & value)"
12717,151,3,5813.3,Kuala Lumpur,3,At-Risk High Value (lapsing loyal spender)
12718,71,1,1313.9,Kuala Lumpur,1,Lost / Dormant Low-Value
12719,5,2,3528.6,Selangor,0,"New / Promising (recent, low frequency & value)"
12720,3,29,37551.6,Selangor,2,"Champions (recent, frequent, high spend)"
12721,32,8,20279.3,Penang,2,"Champions (recent, frequent, high spend)"
12722,85,4,4709.2,Selangor,3,At-Risk High Value (lapsing loyal spender)
12723,4,5,3378.9,Kuala Lumpur,0,"New / Promising (recent, low frequency & value)"
12724,5,7,11819.2,Kuala Lumpur,2,"Champions (recent, frequent, high spend)"
12725,371,3,8477.1,Selangor,3,At-Risk High Value (lapsing loyal spender)
12726,28,11,18344.6,Johor,2,"Champions (recent, frequent, high spend)"
12727,11,10,17691.9,Kuala Lumpur,2,"Champions (recent, frequent, high spend)"
12728,71,5,5865.7,Penang,3,At-Risk High Value (lapsing loyal spender)
12729,114,1,2491.6,Kuala Lumpur,1,Lost / Dormant Low-Value
12730,522,1,3861.0,Selangor,1,Lost / Dormant Low-Value
12731,24,14,23764.6,Selangor,2,"Champions (recent, frequent, high spend)"
12732,180,1,1301.4,Kuala Lumpur,1,Lost / Dormant Low-Value
12733,234,4,10843.1,Johor,3,At-Risk High Value (lapsing loyal spender)
12734,353,3,1442.9,Johor,1,Lost / Dormant Low-Value
12735,315,2,3251.5,Penang,3,At-Risk High Value (lapsing loyal spender)
12738,372,1,847.7,Sabah,1,Lost / Dormant Low-Value
12739,78,4,7228.5,Kuala Lumpur,3,At-Risk High Value (lapsing loyal spender)
12740,64,1,2329.8,Kelantan,0,"New / Promising (recent, low frequency & value)"
12741,533,1,1314.6,Kuala Lumpur,1,Lost / Dormant Low-Value
12742,626,1,5692.9,Melaka,1,Lost / Dormant Low-Value
12743,134,2,2975.9,Johor,3,At-Risk High Value (lapsing loyal spender)
12744,56,8,29063.1,Penang,2,"Champions (recent, frequent, high spend)"
12745,487,2,2014.3,Selangor,1,Lost / Dormant Low-Value
12746,541,1,1391.1,Johor,1,Lost / Dormant Low-Value
12747,2,26,24285.6,Selangor,2,"Champions (recent, frequent, high spend)"
12748,1,313,202355.3,Selangor,2,"Champions (recent, frequent, high spend)"
12749,4,9,34024.7,Kuala Lumpur,2,"Champions (recent, frequent, high spend)"
12750,129,1,1532.9,Johor,1,Lost / Dormant Low-Value
12751,445,1,1464.6,Perak,1,Lost / Dormant Low-Value
12752,81,1,3205.8,Selangor,0,"New / Promising (recent, low frequency & value)"
12753,23,6,4894.0,Kuala Lumpur,0,"New / Promising (recent, low frequency & value)"
12754,277,2,340.6,Selangor,1,Lost / Dormant Low-Value
12755,281,10,1654.4,Melaka,3,At-Risk High Value (lapsing loyal spender)
12756,87,1,276.0,Selangor,1,Lost / Dormant Low-Value
12757,16,7,17766.3,Johor,2,"Champions (recent, frequent, high spend)"
12758,117,7,26789.4,Selangor,3,At-Risk High Value (lapsing loyal spender)
12759,52,8,24962.4,Negeri Sembilan,2,"Champions (recent, frequent, high spend)"
12760,456,1,1918.4,Selangor,1,Lost / Dormant Low-Value
12761,458,2,2965.5,Johor,1,Lost / Dormant Low-Value
12762,8,2,5474.4,Selangor,0,"New / Promising (recent, low frequency & value)"
12763,369,1,1440.0,Selangor,1,Lost / Dormant Low-Value
12764,317,1,4073.7,Selangor,1,Lost / Dormant Low-Value
12765,472,6,6714.7,Perak,3,At-Risk High Value (lapsing loyal spender)
12766,4,9,37292.3,Johor,2,"Champions (recent, frequent, high spend)"
12767,376,1,4039.6,Sarawak,1,Lost / Dormant Low-Value
12768,451,1,920.2,Selangor,1,Lost / Dormant Low-Value
12769,239,1,2512.2,Penang,1,Lost / Dormant Low-Value
12771,486,1,1246.1,Kuala Lumpur,1,Lost / Dormant Low-Value
12772,60,1,4125.7,Selangor,0,"New / Promising (recent, low frequency & value)"
12773,564,1,201.9,Selangor,1,Lost / Dormant Low-Value
12774,536,1,538.3,Perlis,1,Lost / Dormant Low-Value
12775,17,7,7832.2,Kuala Lumpur,2,"Champions (recent, frequent, high spend)"
12776,668,1,306.5,Sabah,1,Lost / Dormant Low-Value
12777,458,1,2886.3,Johor,1,Lost / Dormant Low-Value
12778,20,9,8796.4,Johor,2,"Champions (recent, frequent, high spend)"
12779,38,14,26814.3,Selangor,2,"Champions (recent, frequent, high spend)"
12780,599,1,1889.3,Sabah,1,Lost / Dormant Low-Value
12781,64,2,2699.2,Perak,0,"New / Promising (recent, low frequency & value)"
12782,5,11,19457.0,Selangor,2,"Champions (recent, frequent, high spend)"
12783,2,4,7280.1,Perak,0,"New / Promising (recent, low frequency & value)"
12784,15,2,8310.9,Selangor,0,"New / Promising (recent, low frequency & value)"
12785,364,3,4963.0,Selangor,3,At-Risk High Value (lapsing loyal spender)
12786,610,1,935.4,Selangor,1,Lost / Dormant Low-Value
12787,10,4,4395.5,Kuala Lumpur,0,"New / Promising (recent, low frequency & value)"
12788,463,4,2438.4,Johor,3,At-Risk High Value (lapsing loyal spender)
12789,65,3,686.8,Kuala Lumpur,0,"New / Promising (recent, low frequency & value)"
12790,192,2,3273.8,Negeri Sembilan,3,At-Risk High Value (lapsing loyal spender)
12791,374,5,2487.4,Selangor,3,At-Risk High Value (lapsing loyal spender)
12792,257,2,3931.1,Selangor,3,At-Risk High Value (lapsing loyal spender)
12793,335,3,3866.3,Selangor,3,At-Risk High Value (lapsing loyal spender)
12794,53,2,4147.4,Kedah,0,"New / Promising (recent, low frequency & value)"
12795,19,1,1203.6,Perak,0,"New / Promising (recent, low frequency & value)"
12796,628,1,165.0,Sarawak,1,Lost / Dormant Low-Value
12797,366,2,2734.1,Kuala Lumpur,1,Lost / Dormant Low-Value
12798,422,1,253.2,Sabah,1,Lost / Dormant Low-Value
12799,529,1,1197.2,Selangor,1,Lost / Dormant Low-Value
12800,470,2,2900.8,Penang,1,Lost / Dormant Low-Value
12801,501,1,4332.0,Kuala Lumpur,1,Lost / Dormant Low-Value
12802,187,7,11673.8,Kuala Lumpur,3,At-Risk High Value (lapsing loyal spender)
12803,393,1,5164.7,Penang,1,Lost / Dormant Low-Value
12804,466,2,1797.9,Selangor,1,Lost / Dormant Low-Value
12805,382,4,5241.8,Penang,3,At-Risk High Value (lapsing loyal spender)
12806,435,4,4900.7,Negeri Sembilan,3,At-Risk High Value (lapsing loyal spender)
12807,383,1,1374.8,Selangor,1,Lost / Dormant Low-Value
12808,37,5,4261.6,Kuala Lumpur,0,"New / Promising (recent, low frequency & value)"
12809,178,3,7349.4,Johor,3,At-Risk High Value (lapsing loyal spender)
12810,535,2,2614.4,Selangor,1,Lost / Dormant Low-Value
12811,261,5,5366.0,Sarawak,3,At-Risk High Value (lapsing loyal spender)
12812,45,1,1256.0,Sabah,0,"New / Promising (recent, low frequency & value)"
12813,502,3,4107.3,Selangor,3,At-Risk High Value (lapsing loyal spender)
12814,102,1,220.0,Selangor,1,Lost / Dormant Low-Value
12815,148,2,4744.8,Johor,3,At-Risk High Value (lapsing loyal spender)
12816,96,2,2696.9,Penang,0,"New / Promising (recent, low frequency & value)"
12817,281,3,3080.2,Kuala Lumpur,3,At-Risk High Value (lapsing loyal spender)
12818,262,1,411.6,Selangor,1,Lost / Dormant Low-Value
12819,458,1,1871.8,Perak,1,Lost / Dormant Low-Value
12820,3,11,14161.6,Kuala Lumpur,2,"Champions (recent, frequent, high spend)"
12821,214,2,1198.2,Johor,1,Lost / Dormant Low-Value
12822,71,2,4619.4,Kuala Lumpur,0,"New / Promising (recent, low frequency & value)"
12824,60,1,1914.6,Negeri Sembilan,0,"New / Promising (recent, low frequency & value)"
12825,521,2,2491.1,Kelantan,1,Lost / Dormant Low-Value
12826,3,11,12838.2,Selangor,2,"Champions (recent, frequent, high spend)"
12827,6,3,2114.0,Kuala Lumpur,0,"New / Promising (recent, low frequency & value)"
12828,3,6,5083.7,Terengganu,0,"New / Promising (recent, low frequency & value)"
12829,337,3,1353.2,Selangor,1,Lost / Dormant Low-Value
12831,262,3,2460.2,Selangor,3,At-Risk High Value (lapsing loyal spender)
12832,32,2,2101.4,Perak,0,"New / Promising (recent, low frequency & value)"
12833,145,1,2299.9,Johor,1,Lost / Dormant Low-Value
12834,283,1,1717.0,Selangor,1,Lost / Dormant Low-Value
12835,428,41,29368.2,Selangor,2,"Champions (recent, frequent, high spend)"
12836,59,15,29227.1,Kedah,2,"Champions (recent, frequent, high spend)"
12837,173,2,3635.0,Penang,3,At-Risk High Value (lapsing loyal spender)
12838,34,10,13389.0,Kelantan,2,"Champions (recent, frequent, high spend)"
12839,3,26,47878.3,Penang,2,"Champions (recent, frequent, high spend)"
12840,144,7,19387.8,Selangor,3,At-Risk High Value (lapsing loyal spender)
12841,5,40,35089.7,Negeri Sembilan,2,"Champions (recent, frequent, high spend)"
12842,70,4,3807.9,Johor,3,At-Risk High Value (lapsing loyal spender)
12843,66,26,16206.7,Selangor,2,"Champions (recent, frequent, high spend)"
12844,29,4,3558.1,Selangor,0,"New / Promising (recent, low frequency & value)"
12845,269,2,394.7,Kuala Lumpur,1,Lost / Dormant Low-Value
12846,682,1,85.5,Selangor,1,Lost / Dormant Low-Value
12847,22,2,6667.4,Melaka,0,"New / Promising (recent, low frequency & value)"
12848,676,1,1135.9,Terengganu,1,Lost / Dormant Low-Value
12849,31,6,10821.7,Perak,2,"Champions (recent, frequent, high spend)"
12851,97,2,1532.6,Penang,1,Lost / Dormant Low-Value
12852,295,1,1709.4,Selangor,1,Lost / Dormant Low-Value
12853,135,10,14821.6,Selangor,3,At-Risk High Value (lapsing loyal spender)
12854,79,7,14453.5,Perlis,3,At-Risk High Value (lapsing loyal spender)
12855,373,4,2456.1,Selangor,3,At-Risk High Value (lapsing loyal spender)
12856,8,6,11610.9,Selangor,2,"Champions (recent, frequent, high spend)"
12857,211,6,12630.9,Sarawak,3,At-Risk High Value (lapsing loyal spender)
12858,383,1,808.5,Johor,1,Lost / Dormant Low-Value
12859,459,1,2540.5,Selangor,1,Lost / Dormant Low-Value
12860,693,1,297.8,Selangor,1,Lost / Dormant Low-Value
12861,620,1,373.8,Kuala Lumpur,1,Lost / Dormant Low-Value
12862,426,2,5389.3,Pahang,3,At-Risk High Value (lapsing loyal spender)
12863,52,6,3789.9,Selangor,3,At-Risk High Value (lapsing loyal spender)
12864,138,2,199.0,Selangor,1,Lost / Dormant Low-Value
12865,26,4,17986.2,Penang,2,"Champions (recent, frequent, high spend)"
12866,283,3,5901.1,Selangor,3,At-Risk High Value (lapsing loyal spender)
12867,26,13,41918.7,Johor,2,"Champions (recent, frequent, high spend)"
12868,186,8,11201.7,Selangor,3,At-Risk High Value (lapsing loyal spender)
12869,682,1,1400.7,Selangor,1,Lost / Dormant Low-Value
12870,375,3,7464.2,Johor,3,At-Risk High Value (lapsing loyal spender)
12871,84,3,1339.0,Johor,0,"New / Promising (recent, low frequency & value)"
12872,327,12,15959.9,Sabah,3,At-Risk High Value (lapsing loyal spender)
12873,398,2,2515.8,Negeri Sembilan,1,Lost / Dormant Low-Value
12874,385,2,4454.2,Sarawak,3,At-Risk High Value (lapsing loyal spender)
12876,58,4,15547.8,Selangor,3,At-Risk High Value (lapsing loyal spender)
12877,4,19,14072.8,Kuala Lumpur,2,"Champions (recent, frequent, high spend)"
12878,236,2,4697.9,Kuala Lumpur,3,At-Risk High Value (lapsing loyal spender)
12879,45,2,489.0,Negeri Sembilan,0,"New / Promising (recent, low frequency & value)"
12880,382,2,3519.9,Kuala Lumpur,3,At-Risk High Value (lapsing loyal spender)
12881,276,1,566.8,Johor,1,Lost / Dormant Low-Value
12883,25,4,3866.4,Sabah,0,"New / Promising (recent, low frequency & value)"
12884,88,1,767.3,Kuala Lumpur,1,Lost / Dormant Low-Value
12885,63,3,6192.3,Sarawak,3,At-Risk High Value (lapsing loyal spender)
12886,68,2,7540.7,Kuala Lumpur,3,At-Risk High Value (lapsing loyal spender)
12887,384,1,1217.8,Selangor,1,Lost / Dormant Low-Value
12888,255,1,138.0,Sarawak,1,Lost / Dormant Low-Value
12889,381,4,2125.2,Johor,3,At-Risk High Value (lapsing loyal spender)
12890,24,2,3617.9,Johor,0,"New / Promising (recent, low frequency & value)"
12891,293,5,845.0,Johor,1,Lost / Dormant Low-Value
12892,397,1,1437.6,Negeri Sembilan,1,Lost / Dormant Low-Value
12893,31,1,970.9,Selangor,0,"New / Promising (recent, low frequency & value)"
12894,575,1,863.0,Selangor,1,Lost / Dormant Low-Value
12895,42,2,2048.8,Selangor,0,"New / Promising (recent, low frequency & value)"
12897,205,3,926.1,Sabah,1,Lost / Dormant Low-Value
12898,660,1,793.3,Kuala Lumpur,1,Lost / Dormant Low-Value
12899,414,1,1548.2,Selangor,1,Lost / Dormant Low-Value
12900,422,1,1550.8,Selangor,1,Lost / Dormant Low-Value
12901,10,14,5719.3,Selangor,2,"Champions (recent, frequent, high spend)"
12902,265,1,765.4,Johor,1,Lost / Dormant Low-Value
12903,429,1,4300.4,Selangor,1,Lost / Dormant Low-Value
12904,18,2,2435.3,Sarawak,0,"New / Promising (recent, low frequency & value)"
12905,577,2,5304.1,Kuala Lumpur,3,At-Risk High Value (lapsing loyal spender)
12906,12,4,4960.6,Selangor,0,"New / Promising (recent, low frequency & value)"
12907,396,2,2428.7,Kuala Lumpur,1,Lost / Dormant Low-Value
12909,40,8,12326.7,Selangor,2,"Champions (recent, frequent, high spend)"
12910,23,11,9026.2,Selangor,2,"Champions (recent, frequent, high spend)"
12911,552,1,7839.6,Selangor,3,At-Risk High Value (lapsing loyal spender)
12912,8,2,1593.0,Kuala Lumpur,0,"New / Promising (recent, low frequency & value)"
12913,5,11,7491.9,Sabah,2,"Champions (recent, frequent, high spend)"
12914,401,1,645.0,Johor,1,Lost / Dormant Low-Value
12915,149,4,5362.5,Penang,3,At-Risk High Value (lapsing loyal spender)
12916,139,7,16321.5,Johor,3,At-Risk High Value (lapsing loyal spender)
12917,400,4,2227.4,Johor,3,At-Risk High Value (lapsing loyal spender)
12919,8,6,5212.4,Penang,0,"New / Promising (recent, low frequency & value)"
12920,17,3,2429.3,Johor,0,"New / Promising (recent, low frequency & value)"
12921,9,74,146112.8,Johor,2,"Champions (recent, frequent, high spend)"
12922,161,1,2196.4,Kuala Lumpur,1,Lost / Dormant Low-Value
12923,64,3,2956.0,Selangor,0,"New / Promising (recent, low frequency & value)"
12924,88,12,3627.4,Johor,3,At-Risk High Value (lapsing loyal spender)
12925,5,3,3998.8,Kuala Lumpur,0,"New / Promising (recent, low frequency & value)"
12926,411,4,8362.2,Kuala Lumpur,3,At-Risk High Value (lapsing loyal spender)
12927,395,1,1087.8,Negeri Sembilan,1,Lost / Dormant Low-Value
12928,35,12,18927.3,Selangor,2,"Champions (recent, frequent, high spend)"
12929,312,1,644.2,Selangor,1,Lost / Dormant Low-Value
12930,78,2,2280.3,Selangor,0,"New / Promising (recent, low frequency & value)"
12931,67,7,1303.8,Terengganu,0,"New / Promising (recent, low frequency & value)"
12932,539,8,7957.0,Kuala Lumpur,3,At-Risk High Value (lapsing loyal spender)
12933,24,8,8645.7,Selangor,2,"Champions (recent, frequent, high spend)"
12935,2,15,22929.4,Kuala Lumpur,2,"Champions (recent, frequent, high spend)"
12936,17,3,3390.3,Penang,0,"New / Promising (recent, low frequency & value)"
12937,15,9,14355.9,Selangor,2,"Champions (recent, frequent, high spend)"
12938,26,1,619.0,Perlis,0,"New / Promising (recent, low frequency & value)"
12940,55,2,4651.6,Johor,0,"New / Promising (recent, low frequency & value)"
12941,724,1,1819.6,Penang,1,Lost / Dormant Low-Value
12942,131,3,3711.5,Kedah,3,At-Risk High Value (lapsing loyal spender)
12943,558,2,2050.1,Selangor,1,Lost / Dormant Low-Value
12944,36,2,3321.8,Kuala Lumpur,0,"New / Promising (recent, low frequency & value)"
12945,288,2,4652.9,Selangor,3,At-Risk High Value (lapsing loyal spender)
12946,437,1,1783.6,Melaka,1,Lost / Dormant Low-Value
12947,144,6,7470.2,Selangor,3,At-Risk High Value (lapsing loyal spender)
12948,16,9,11892.6,Selangor,2,"Champions (recent, frequent, high spend)"
12949,31,22,75280.4,Johor,2,"Champions (recent, frequent, high spend)"
12950,8,2,1544.0,Selangor,0,"New / Promising (recent, low frequency & value)"
12951,9,15,17557.7,Selangor,2,"Champions (recent, frequent, high spend)"
12952,6,4,7632.7,Kuala Lumpur,0,"New / Promising (recent, low frequency & value)"
12953,10,2,4558.8,Kuala Lumpur,0,"New / Promising (recent, low frequency & value)"
12954,639,1,889.1,Johor,1,Lost / Dormant Low-Value
12955,1,11,18863.6,Johor,2,"Champions (recent, frequent, high spend)"
12956,306,4,2841.5,Kuala Lumpur,3,At-Risk High Value (lapsing loyal spender)
12957,10,13,45748.8,Selangor,2,"Champions (recent, frequent, high spend)"
12958,400,2,2213.2,Selangor,1,Lost / Dormant Low-Value
12959,484,1,813.7,Selangor,1,Lost / Dormant Low-Value
12960,414,4,6512.1,Sarawak,3,At-Risk High Value (lapsing loyal spender)
12961,379,1,1158.5,Selangor,1,Lost / Dormant Low-Value
12962,7,2,1461.9,Selangor,0,"New / Promising (recent, low frequency & value)"
12963,8,12,16967.1,Johor,2,"Champions (recent, frequent, high spend)"
12964,437,1,730.4,Penang,1,Lost / Dormant Low-Value
12965,89,1,4226.8,Selangor,0,"New / Promising (recent, low frequency & value)"
12966,10,1,881.7,Kuala Lumpur,0,"New / Promising (recent, low frequency & value)"
12967,372,2,3888.6,Selangor,3,At-Risk High Value (lapsing loyal spender)
12968,112,1,412.5,Perak,1,Lost / Dormant Low-Value
12969,603,1,322.0,Kuala Lumpur,1,Lost / Dormant Low-Value
12970,7,10,7667.1,Selangor,2,"Champions (recent, frequent, high spend)"
12971,4,106,35423.1,Selangor,2,"Champions (recent, frequent, high spend)"
12972,414,4,5484.7,Selangor,3,At-Risk High Value (lapsing loyal spender)
12973,414,1,521.0,Kuala Lumpur,1,Lost / Dormant Low-Value
12974,198,2,2244.1,Johor,1,Lost / Dormant Low-Value
12975,437,6,10417.9,Penang,3,At-Risk High Value (lapsing loyal spender)
12976,212,8,13120.4,Selangor,3,At-Risk High Value (lapsing loyal spender)
12977,156,3,1574.3,Selangor,1,Lost / Dormant Low-Value
12978,385,5,11464.5,Selangor,3,At-Risk High Value (lapsing loyal spender)
12979,729,1,2206.1,Sabah,1,Lost / Dormant Low-Value
12981,30,2,2039.4,Selangor,0,"New / Promising (recent, low frequency & value)"
12982,243,8,14750.0,Perak,3,At-Risk High Value (lapsing loyal spender)
12983,598,1,2658.8,Johor,1,Lost / Dormant Low-Value
12984,19,1,532.0,Kuala Lumpur,0,"New / Promising (recent, low frequency & value)"
12985,1,2,6299.1,Selangor,0,"New / Promising (recent, low frequency & value)"
12986,429,10,9712.3,Sabah,3,At-Risk High Value (lapsing loyal spender)
12987,74,5,6922.2,Kuala Lumpur,3,At-Risk High Value (lapsing loyal spender)
12988,292,1,2775.4,Sarawak,1,Lost / Dormant Low-Value
12989,9,5,878.6,Pahang,0,"New / Promising (recent, low frequency & value)"
12990,31,6,3360.0,Kuala Lumpur,0,"New / Promising (recent, low frequency & value)"
12991,23,3,3979.9,Perak,0,"New / Promising (recent, low frequency & value)"
12992,725,1,512.3,Selangor,1,Lost / Dormant Low-Value
12993,23,8,6915.4,Perlis,2,"Champions (recent, frequent, high spend)"
12994,4,3,5361.3,Sarawak,0,"New / Promising (recent, low frequency & value)"
12995,85,1,424.8,Selangor,1,Lost / Dormant Low-Value
12996,376,1,1953.1,Penang,1,Lost / Dormant Low-Value
12997,22,8,9729.4,Kuala Lumpur,2,"Champions (recent, frequent, high spend)"
12998,493,3,4246.3,Perlis,3,At-Risk High Value (lapsing loyal spender)
12999,205,2,2085.6,Kuala Lumpur,1,Lost / Dormant Low-Value
13000,260,3,5225.5,Penang,3,At-Risk High Value (lapsing loyal spender)
13001,4,33,79089.3,Penang,2,"Champions (recent, frequent, high spend)"
13002,318,3,2272.4,Selangor,3,At-Risk High Value (lapsing loyal spender)
13003,151,2,488.1,Perak,1,Lost / Dormant Low-Value
13004,12,36,63255.9,Penang,2,"Champions (recent, frequent, high spend)"
13005,174,4,5103.3,Melaka,3,At-Risk High Value (lapsing loyal spender)
13006,56,1,445.6,Selangor,1,Lost / Dormant Low-Value
13007,580,1,962.3,Penang,1,Lost / Dormant Low-Value
13008,323,3,3070.5,Selangor,3,At-Risk High Value (lapsing loyal spender)
13010,374,2,1042.1,Penang,1,Lost / Dormant Low-Value
13011,372,1,276.7,Penang,1,Lost / Dormant Low-Value
13012,9,11,14627.1,Selangor,2,"Champions (recent, frequent, high spend)"
13013,1,28,48340.8,Selangor,2,"Champions (recent, frequent, high spend)"
13014,11,11,20084.1,Selangor,2,"Champions (recent, frequent, high spend)"
13015,53,11,31911.4,Sarawak,2,"Champions (recent, frequent, high spend)"
13016,73,3,4323.2,Melaka,3,At-Risk High Value (lapsing loyal spender)
13018,16,34,51212.8,Negeri Sembilan,2,"Champions (recent, frequent, high spend)"
13019,379,6,6460.6,Sarawak,3,At-Risk High Value (lapsing loyal spender)
13020,563,2,3384.7,Kuala Lumpur,1,Lost / Dormant Low-Value
13021,4,17,23645.5,Perak,2,"Champions (recent, frequent, high spend)"
13022,430,1,357.3,Kuala Lumpur,1,Lost / Dormant Low-Value
13023,64,3,6384.0,Johor,3,At-Risk High Value (lapsing loyal spender)
13024,471,2,3046.8,Kuala Lumpur,1,Lost / Dormant Low-Value
13025,732,1,1289.4,Penang,1,Lost / Dormant Low-Value
13026,1,8,6766.0,Perak,2,"Champions (recent, frequent, high spend)"
13028,23,2,3595.8,Pahang,0,"New / Promising (recent, low frequency & value)"
13029,31,4,1078.8,Selangor,0,"New / Promising (recent, low frequency & value)"
13030,11,2,3633.6,Selangor,0,"New / Promising (recent, low frequency & value)"
13031,407,5,17778.6,Johor,3,At-Risk High Value (lapsing loyal spender)
13032,52,9,14398.7,Penang,2,"Champions (recent, frequent, high spend)"
13033,357,2,1224.2,Perak,1,Lost / Dormant Low-Value
13034,55,3,4163.4,Selangor,0,"New / Promising (recent, low frequency & value)"
13035,74,3,3679.8,Pahang,3,At-Risk High Value (lapsing loyal spender)
13036,685,1,270.4,Selangor,1,Lost / Dormant Low-Value
13037,138,12,20709.1,Kuala Lumpur,2,"Champions (recent, frequent, high spend)"
13038,80,3,2101.8,Selangor,0,"New / Promising (recent, low frequency & value)"
13039,584,4,5262.0,Selangor,3,At-Risk High Value (lapsing loyal spender)
13040,9,2,3725.5,Penang,0,"New / Promising (recent, low frequency & value)"
13041,451,4,3115.6,Sabah,3,At-Risk High Value (lapsing loyal spender)
13042,598,3,8194.4,Kuala Lumpur,3,At-Risk High Value (lapsing loyal spender)
13043,273,1,1278.8,Kuala Lumpur,1,Lost / Dormant Low-Value
13044,291,11,21404.8,Penang,3,At-Risk High Value (lapsing loyal spender)
13045,99,3,4445.6,Johor,3,At-Risk High Value (lapsing loyal spender)
13046,31,3,4760.2,Selangor,0,"New / Promising (recent, low frequency & value)"
13047,32,24,36111.9,Kuala Lumpur,2,"Champions (recent, frequent, high spend)"
13048,14,9,19944.5,Penang,2,"Champions (recent, frequent, high spend)"
13049,64,3,1649.0,Kuala Lumpur,0,"New / Promising (recent, low frequency & value)"
13050,15,34,63225.9,Penang,2,"Champions (recent, frequent, high spend)"
13051,579,1,443.6,Sarawak,1,Lost / Dormant Low-Value
13052,212,7,15181.9,Penang,3,At-Risk High Value (lapsing loyal spender)
13053,622,1,700.4,Selangor,1,Lost / Dormant Low-Value
13055,78,4,12724.5,Johor,3,At-Risk High Value (lapsing loyal spender)
13056,551,1,1155.8,Johor,1,Lost / Dormant Low-Value
13057,530,3,1947.7,Selangor,1,Lost / Dormant Low-Value
13058,25,3,810.9,Selangor,0,"New / Promising (recent, low frequency & value)"
13059,250,10,12085.5,Johor,3,At-Risk High Value (lapsing loyal spender)
13060,254,1,1352.7,Kuala Lumpur,1,Lost / Dormant Low-Value
13061,72,1,800.6,Johor,1,Lost / Dormant Low-Value
13062,191,1,732.9,Penang,1,Lost / Dormant Low-Value
13063,481,1,1031.6,Selangor,1,Lost / Dormant Low-Value
13064,13,6,7597.4,Selangor,0,"New / Promising (recent, low frequency & value)"
13065,373,5,5787.1,Perak,3,At-Risk High Value (lapsing loyal spender)
13066,24,2,2596.3,Kuala Lumpur,0,"New / Promising (recent, low frequency & value)"
13067,82,3,1804.8999999999999,Kuala Lumpur,0,"New / Promising (recent, low frequency & value)"
13069,1,37,34256.2,Kuala Lumpur,2,"Champions (recent, frequent, high spend)"
13070,192,4,3855.0,Kuala Lumpur,3,At-Risk High Value (lapsing loyal spender)
13071,612,1,709.9,Kuala Lumpur,1,Lost / Dormant Low-Value
13072,267,1,967.8,Kuala Lumpur,1,Lost / Dormant Low-Value
13073,411,2,2300.1,Perak,1,Lost / Dormant Low-Value
13074,511,3,2975.2,Kuala Lumpur,3,At-Risk High Value (lapsing loyal spender)
13075,130,1,2110.2,Selangor,1,Lost / Dormant Low-Value
13076,458,1,740.2,Selangor,1,Lost / Dormant Low-Value
13077,1,11,13598.2,Johor,2,"Champions (recent, frequent, high spend)"
13078,3,56,52934.3,Selangor,2,"Champions (recent, frequent, high spend)"
13079,4,6,1778.0,Selangor,0,"New / Promising (recent, low frequency & value)"
13080,179,4,1542.2,Selangor,3,At-Risk High Value (lapsing loyal spender)
13081,12,26,195606.4,Penang,2,"Champions (recent, frequent, high spend)"
13082,126,18,8906.1,Selangor,2,"Champions (recent, frequent, high spend)"
13083,4,3,2164.8,Selangor,0,"New / Promising (recent, low frequency & value)"
13084,492,1,216.0,Johor,1,Lost / Dormant Low-Value
13085,158,8,8323.6,Kuala Lumpur,3,At-Risk High Value (lapsing loyal spender)
13086,383,1,2409.1,Selangor,1,Lost / Dormant Low-Value
13087,726,1,1438.1,Penang,1,Lost / Dormant Low-Value
13088,417,1,1297.5,Selangor,1,Lost / Dormant Low-Value
13089,4,164,290030.6,Kuala Lumpur,2,"Champions (recent, frequent, high spend)"
13090,9,19,15054.3,Selangor,2,"Champions (recent, frequent, high spend)"
13091,28,2,4222.6,Selangor,0,"New / Promising (recent, low frequency & value)"
13092,71,12,10339.9,Melaka,2,"Champions (recent, frequent, high spend)"
13093,276,46,66897.2,Kuala Lumpur,2,"Champions (recent, frequent, high spend)"
13094,389,1,408.0,Kuala Lumpur,1,Lost / Dormant Low-Value
13095,71,1,394.8,Penang,1,Lost / Dormant Low-Value
13097,33,27,59653.9,Sarawak,2,"Champions (recent, frequent, high spend)"
13098,1,26,39403.5,Negeri Sembilan,2,"Champions (recent, frequent, high spend)"
13101,234,4,3005.5,Kuala Lumpur,3,At-Risk High Value (lapsing loyal spender)
13102,1,37,47226.0,Selangor,2,"Champions (recent, frequent, high spend)"
13103,40,3,3351.0,Kuala Lumpur,0,"New / Promising (recent, low frequency & value)"
13104,3,7,1837.2,Kuala Lumpur,0,"New / Promising (recent, low frequency & value)"
13106,413,1,948.0,Negeri Sembilan,1,Lost / Dormant Low-Value
13107,44,9,14585.1,Johor,2,"Champions (recent, frequent, high spend)"
13108,373,2,2798.1,Selangor,1,Lost / Dormant Low-Value
13109,60,3,5958.1,Kuala Lumpur,3,At-Risk High Value (lapsing loyal spender)
13110,31,12,14935.5,Johor,2,"Champions (recent, frequent, high spend)"
13111,719,1,1035.0,Perak,1,Lost / Dormant Low-Value
13112,541,1,112.5,Kuala Lumpur,1,Lost / Dormant Low-Value
13113,1,37,17624.2,Sarawak,2,"Champions (recent, frequent, high spend)"
13114,731,1,1285.3,Johor,1,Lost / Dormant Low-Value
13115,12,10,27350.7,Kuala Lumpur,2,"Champions (recent, frequent, high spend)"
13116,138,1,2786.7,Sabah,1,Lost / Dormant Low-Value
13117,22,18,11617.5,Selangor,2,"Champions (recent, frequent, high spend)"
13118,20,9,7555.2,Selangor,2,"Champions (recent, frequent, high spend)"
13119,669,1,740.2,Selangor,1,Lost / Dormant Low-Value
13120,239,1,168.0,Johor,1,Lost / Dormant Low-Value
13121,269,1,1553.5,Selangor,1,Lost / Dormant Low-Value
13122,94,2,5051.6,Johor,3,At-Risk High Value (lapsing loyal spender)
13123,473,2,2774.2,Melaka,1,Lost / Dormant Low-Value
13124,90,4,21926.1,Johor,3,At-Risk High Value (lapsing loyal spender)
13125,524,1,816.6,Selangor,1,Lost / Dormant Low-Value
13126,5,13,19832.0,Selangor,2,"Champions (recent, frequent, high spend)"
13127,78,1,1416.0,Johor,1,Lost / Dormant Low-Value
13129,452,2,1268.6,Selangor,1,Lost / Dormant Low-Value
13130,94,1,352.8,Sabah,1,Lost / Dormant Low-Value
13131,23,7,11996.5,Kedah,2,"Champions (recent, frequent, high spend)"
13132,262,1,177.8,Selangor,1,Lost / Dormant Low-Value
13133,274,3,1097.0,Pahang,1,Lost / Dormant Low-Value
13134,86,6,11367.4,Kuala Lumpur,3,At-Risk High Value (lapsing loyal spender)
13135,491,1,1512.6,Kuala Lumpur,1,Lost / Dormant Low-Value
13136,56,13,32845.3,Perak,2,"Champions (recent, frequent, high spend)"
13137,11,16,41351.6,Penang,2,"Champions (recent, frequent, high spend)"
13138,22,7,6984.4,Perak,2,"Champions (recent, frequent, high spend)"
13139,16,8,28339.1,Selangor,2,"Champions (recent, frequent, high spend)"
13140,108,5,5780.6,Johor,3,At-Risk High Value (lapsing loyal spender)
13141,85,17,35832.4,Kuala Lumpur,2,"Champions (recent, frequent, high spend)"
13142,19,1,1723.2,Pahang,0,"New / Promising (recent, low frequency & value)"
13143,585,1,2225.7,Perak,1,Lost / Dormant Low-Value
13144,333,2,389.0,Perak,1,Lost / Dormant Low-Value
13145,92,1,226.8,Kuala Lumpur,1,Lost / Dormant Low-Value
13146,26,1,742.1,Penang,0,"New / Promising (recent, low frequency & value)"
13148,29,26,45827.1,Perak,2,"Champions (recent, frequent, high spend)"
13149,14,4,7976.4,Penang,0,"New / Promising (recent, low frequency & value)"
13150,484,3,380.8,Selangor,1,Lost / Dormant Low-Value
13151,296,3,12554.1,Kuala Lumpur,3,At-Risk High Value (lapsing loyal spender)
13152,417,7,11476.7,Selangor,3,At-Risk High Value (lapsing loyal spender)
13153,6,1,1216.2,Johor,0,"New / Promising (recent, low frequency & value)"
13154,399,3,7774.9,Kuala Lumpur,3,At-Risk High Value (lapsing loyal spender)
13155,33,6,7270.6,Selangor,0,"New / Promising (recent, low frequency & value)"
13156,385,3,8716.4,Kuala Lumpur,3,At-Risk High Value (lapsing loyal spender)
13157,49,9,27349.6,Selangor,2,"Champions (recent, frequent, high spend)"
13158,95,5,8238.2,Sabah,3,At-Risk High Value (lapsing loyal spender)
13159,9,4,7472.2,Penang,0,"New / Promising (recent, low frequency & value)"
13160,22,1,506.6,Kuala Lumpur,0,"New / Promising (recent, low frequency & value)"
13161,313,2,2590.2,Penang,1,Lost / Dormant Low-Value
13162,122,15,16365.7,Selangor,2,"Champions (recent, frequent, high spend)"
13163,610,1,96.5,Penang,1,Lost / Dormant Low-Value
13164,569,2,917.2,Penang,1,Lost / Dormant Low-Value
13165,46,3,3464.8,Sarawak,0,"New / Promising (recent, low frequency & value)"
13166,283,2,4131.0,Selangor,3,At-Risk High Value (lapsing loyal spender)
13167,19,5,6103.5,Kuala Lumpur,0,"New / Promising (recent, low frequency & value)"
13168,36,5,9088.9,Selangor,3,At-Risk High Value (lapsing loyal spender)
13169,64,3,1892.4,Kuala Lumpur,0,"New / Promising (recent, low frequency & value)"
13170,27,1,586.3,Selangor,0,"New / Promising (recent, low frequency & value)"
13171,22,3,1828.2,Kuala Lumpur,0,"New / Promising (recent, low frequency & value)"
13173,4,11,12282.8,Selangor,2,"Champions (recent, frequent, high spend)"
13174,16,12,42457.0,Selangor,2,"Champions (recent, frequent, high spend)"
13175,582,2,3800.5,Sarawak,3,At-Risk High Value (lapsing loyal spender)
13176,46,1,2682.4,Selangor,0,"New / Promising (recent, low frequency & value)"
13177,65,2,2802.6,Penang,0,"New / Promising (recent, low frequency & value)"
13178,26,21,65538.7,Perak,2,"Champions (recent, frequent, high spend)"
13179,619,1,3136.7,Selangor,1,Lost / Dormant Low-Value
13180,607,1,473.4,Melaka,1,Lost / Dormant Low-Value
13181,381,1,1695.1,Sabah,1,Lost / Dormant Low-Value
13182,45,1,692.9,Johor,1,Lost / Dormant Low-Value
13183,8,15,7900.2,Pahang,2,"Champions (recent, frequent, high spend)"
13184,15,10,8204.6,Selangor,2,"Champions (recent, frequent, high spend)"
13186,40,3,7813.2,Kuala Lumpur,0,"New / Promising (recent, low frequency & value)"
13187,337,4,1855.2,Selangor,3,At-Risk High Value (lapsing loyal spender)
13188,11,1,82.5,Penang,0,"New / Promising (recent, low frequency & value)"
13189,19,2,1327.6,Penang,0,"New / Promising (recent, low frequency & value)"
13190,544,3,1334.5,Selangor,1,Lost / Dormant Low-Value
13191,658,1,899.3,Selangor,1,Lost / Dormant Low-Value
13192,95,6,14038.7,Pahang,3,At-Risk High Value (lapsing loyal spender)
13193,61,1,612.8,Sabah,1,Lost / Dormant Low-Value
13194,136,2,764.0,Sabah,1,Lost / Dormant Low-Value
13195,414,1,747.6,Selangor,1,Lost / Dormant Low-Value
13196,11,7,16671.5,Kuala Lumpur,2,"Champions (recent, frequent, high spend)"
13197,610,1,1615.8,Kuala Lumpur,1,Lost / Dormant Low-Value
13198,10,8,26902.9,Selangor,2,"Champions (recent, frequent, high spend)"
13199,8,38,11150.4,Kuala Lumpur,2,"Champions (recent, frequent, high spend)"
13200,19,4,3749.6,Selangor,0,"New / Promising (recent, low frequency & value)"
13201,502,4,5918.7,Selangor,3,At-Risk High Value (lapsing loyal spender)
13202,394,7,6058.0,Perak,3,At-Risk High Value (lapsing loyal spender)
13203,10,10,14045.1,Melaka,2,"Champions (recent, frequent, high spend)"
13204,731,1,5034.5,Kedah,1,Lost / Dormant Low-Value
13206,400,13,36572.3,Johor,3,At-Risk High Value (lapsing loyal spender)
13207,15,3,1370.8,Johor,0,"New / Promising (recent, low frequency & value)"
13208,59,9,9980.4,Johor,2,"Champions (recent, frequent, high spend)"
13209,30,11,30060.6,Johor,2,"Champions (recent, frequent, high spend)"
13210,94,1,1938.2,Penang,1,Lost / Dormant Low-Value
13211,10,9,6737.9,Kuala Lumpur,2,"Champions (recent, frequent, high spend)"
13212,20,3,4044.8,Kuala Lumpur,0,"New / Promising (recent, low frequency & value)"
13213,57,11,17027.2,Selangor,2,"Champions (recent, frequent, high spend)"
13214,418,7,17949.3,Penang,3,At-Risk High Value (lapsing loyal spender)
13216,268,1,57.5,Penang,1,Lost / Dormant Low-Value
13218,127,1,337.6,Johor,1,Lost / Dormant Low-Value
13219,618,1,418.6,Penang,1,Lost / Dormant Low-Value
13220,78,3,3785.8,Johor,3,At-Risk High Value (lapsing loyal spender)
13221,240,2,4330.6,Selangor,3,At-Risk High Value (lapsing loyal spender)
13223,200,3,666.4,Selangor,1,Lost / Dormant Low-Value
13224,60,2,7814.4,Terengganu,3,At-Risk High Value (lapsing loyal spender)
13225,606,4,2663.4,Kuala Lumpur,3,At-Risk High Value (lapsing loyal spender)
13226,273,2,1710.1,Sabah,1,Lost / Dormant Low-Value
13227,202,1,717.5,Sabah,1,Lost / Dormant Low-Value
13229,226,1,882.8,Kuala Lumpur,1,Lost / Dormant Low-Value
13230,4,30,31419.7,Kuala Lumpur,2,"Champions (recent, frequent, high spend)"
13232,13,7,7317.9,Selangor,2,"Champions (recent, frequent, high spend)"
13233,74,4,6159.1,Selangor,3,At-Risk High Value (lapsing loyal spender)
13234,673,2,1898.5,Johor,1,Lost / Dormant Low-Value
13235,212,1,4309.2,Penang,1,Lost / Dormant Low-Value
13236,25,2,4085.6,Melaka,0,"New / Promising (recent, low frequency & value)"
13237,388,1,2425.4,Johor,1,Lost / Dormant Low-Value
13238,23,5,5007.5,Penang,0,"New / Promising (recent, low frequency & value)"
13239,262,5,7608.7,Selangor,3,At-Risk High Value (lapsing loyal spender)
13240,96,8,7628.6,Kuala Lumpur,3,At-Risk High Value (lapsing loyal spender)
13241,412,1,617.3,Kuala Lumpur,1,Lost / Dormant Low-Value
13242,112,7,3893.0,Selangor,3,At-Risk High Value (lapsing loyal spender)
13243,203,5,6710.1,Selangor,3,At-Risk High Value (lapsing loyal spender)
13244,93,1,666.3,Selangor,1,Lost / Dormant Low-Value
13245,51,2,5431.9,Kedah,0,"New / Promising (recent, low frequency & value)"
13246,18,11,12524.4,Melaka,2,"Champions (recent, frequent, high spend)"
13247,22,3,1970.4,Kuala Lumpur,0,"New / Promising (recent, low frequency & value)"
13248,125,2,2561.7,Selangor,3,At-Risk High Value (lapsing loyal spender)
13249,93,3,1080.1,Selangor,1,Lost / Dormant Low-Value
13250,502,1,727.7,Johor,1,Lost / Dormant Low-Value
13251,402,1,1391.6,Sarawak,1,Lost / Dormant Low-Value
13252,394,2,1625.4,Kuala Lumpur,1,Lost / Dormant Low-Value
13253,157,4,6252.3,Kuala Lumpur,3,At-Risk High Value (lapsing loyal spender)
13254,376,1,280.5,Negeri Sembilan,1,Lost / Dormant Low-Value
13255,9,3,2202.5,Negeri Sembilan,0,"New / Promising (recent, low frequency & value)"
13257,436,1,821.0,Johor,1,Lost / Dormant Low-Value
13258,12,5,3629.3,Selangor,0,"New / Promising (recent, low frequency & value)"
13259,62,9,7694.6,Sabah,3,At-Risk High Value (lapsing loyal spender)
13260,61,1,450.79999999999995,Sabah,1,Lost / Dormant Low-Value
13262,263,3,2861.8,Selangor,3,At-Risk High Value (lapsing loyal spender)
13263,1,39,45925.0,Kuala Lumpur,2,"Champions (recent, frequent, high spend)"
13264,443,1,3985.5,Penang,1,Lost / Dormant Low-Value
13265,53,5,7637.9,Penang,3,At-Risk High Value (lapsing loyal spender)
13266,11,18,27169.6,Kelantan,2,"Champions (recent, frequent, high spend)"
13267,3,36,40771.5,Johor,2,"Champions (recent, frequent, high spend)"
13268,18,11,16877.3,Selangor,2,"Champions (recent, frequent, high spend)"
13269,1,28,39005.7,Johor,2,"Champions (recent, frequent, high spend)"
13271,37,1,1142.7,Kedah,0,"New / Promising (recent, low frequency & value)"
13272,31,2,1517.4,Negeri Sembilan,0,"New / Promising (recent, low frequency & value)"
13273,113,1,753.9,Selangor,1,Lost / Dormant Low-Value
13274,409,1,1985.2,Selangor,1,Lost / Dormant Low-Value
13275,384,2,1074.4,Selangor,1,Lost / Dormant Low-Value
13276,64,5,10159.5,Johor,3,At-Risk High Value (lapsing loyal spender)
13277,16,6,2047.8,Penang,0,"New / Promising (recent, low frequency & value)"
13278,41,4,7316.0,Kuala Lumpur,0,"New / Promising (recent, low frequency & value)"
13279,78,1,750.0,Selangor,1,Lost / Dormant Low-Value
13280,122,7,12364.6,Sarawak,3,At-Risk High Value (lapsing loyal spender)
13281,439,1,1921.5,Johor,1,Lost / Dormant Low-Value
13282,18,4,3685.3,Selangor,0,"New / Promising (recent, low frequency & value)"
13283,60,4,1647.8,Sarawak,0,"New / Promising (recent, low frequency & value)"
13284,331,1,1106.8,Melaka,1,Lost / Dormant Low-Value
13285,23,6,18595.2,Johor,2,"Champions (recent, frequent, high spend)"
13286,600,1,3251.9,Selangor,1,Lost / Dormant Low-Value
13287,603,3,4272.9,Selangor,3,At-Risk High Value (lapsing loyal spender)
13288,509,2,624.0,Selangor,1,Lost / Dormant Low-Value
13289,724,1,1697.5,Sarawak,1,Lost / Dormant Low-Value
13291,156,11,17667.4,Selangor,3,At-Risk High Value (lapsing loyal spender)
13292,39,5,5463.5,Sarawak,0,"New / Promising (recent, low frequency & value)"
13293,392,6,6129.7,Selangor,3,At-Risk High Value (lapsing loyal spender)
13294,190,3,9048.7,Kuala Lumpur,3,At-Risk High Value (lapsing loyal spender)
13295,360,4,6056.5,Selangor,3,At-Risk High Value (lapsing loyal spender)
13296,137,6,3817.7,Selangor,3,At-Risk High Value (lapsing loyal spender)
13297,8,6,11654.1,Penang,2,"Champions (recent, frequent, high spend)"
13299,268,3,5848.9,Selangor,3,At-Risk High Value (lapsing loyal spender)
13300,169,3,4969.5,Penang,3,At-Risk High Value (lapsing loyal spender)
13301,104,4,3384.3,Selangor,3,At-Risk High Value (lapsing loyal spender)
13302,527,1,104.0,Selangor,1,Lost / Dormant Low-Value
13303,400,1,341.2,Johor,1,Lost / Dormant Low-Value
13304,351,4,6440.4,Selangor,3,At-Risk High Value (lapsing loyal spender)
13305,4,16,17990.0,Selangor,2,"Champions (recent, frequent, high spend)"
13306,430,1,301.1,Penang,1,Lost / Dormant Low-Value
13307,120,3,1502.4,Pahang,1,Lost / Dormant Low-Value
13308,23,4,6334.3,Johor,0,"New / Promising (recent, low frequency & value)"
13309,7,6,9521.8,Selangor,2,"Champions (recent, frequent, high spend)"
13310,28,5,7942.8,Selangor,0,"New / Promising (recent, low frequency & value)"
13311,4,2,1874.3,Johor,0,"New / Promising (recent, low frequency & value)"
13312,451,1,242.1,Selangor,1,Lost / Dormant Low-Value
13313,22,12,18345.3,Johor,2,"Champions (recent, frequent, high spend)"
13314,2,3,4305.4,Selangor,0,"New / Promising (recent, low frequency & value)"
13315,689,1,1698.0,Selangor,1,Lost / Dormant Low-Value
13316,37,6,2372.5,Kuala Lumpur,0,"New / Promising (recent, low frequency & value)"
13317,66,19,31112.7,Selangor,2,"Champions (recent, frequent, high spend)"
13318,1,3,1594.4,Penang,0,"New / Promising (recent, low frequency & value)"
13319,5,57,91350.9,Kuala Lumpur,2,"Champions (recent, frequent, high spend)"
13320,78,6,12104.4,Sabah,3,At-Risk High Value (lapsing loyal spender)
13321,86,1,958.0,Johor,1,Lost / Dormant Low-Value
13322,17,1,847.1,Johor,0,"New / Promising (recent, low frequency & value)"
13323,3,5,2155.0,Selangor,0,"New / Promising (recent, low frequency & value)"
13324,36,5,1076.0,Kuala Lumpur,0,"New / Promising (recent, low frequency & value)"
13325,82,1,499.0,Kuala Lumpur,1,Lost / Dormant Low-Value
13326,432,1,1545.2,Selangor,1,Lost / Dormant Low-Value
13327,39,19,31804.1,Selangor,2,"Champions (recent, frequent, high spend)"
13328,316,1,967.2,Perak,1,Lost / Dormant Low-Value
13329,32,8,10090.0,Kuala Lumpur,2,"Champions (recent, frequent, high spend)"
13330,93,6,11678.0,Selangor,3,At-Risk High Value (lapsing loyal spender)
13331,402,1,1000.2,Johor,1,Lost / Dormant Low-Value
13332,14,1,1933.7,Pahang,0,"New / Promising (recent, low frequency & value)"
13333,411,3,5570.4,Sarawak,3,At-Risk High Value (lapsing loyal spender)
13334,82,5,31336.2,Selangor,3,At-Risk High Value (lapsing loyal spender)
13336,77,1,4362.1,Penang,0,"New / Promising (recent, low frequency & value)"
13337,546,1,7836.8,Selangor,3,At-Risk High Value (lapsing loyal spender)
13338,158,4,11254.0,Kuala Lumpur,3,At-Risk High Value (lapsing loyal spender)
13339,201,1,4708.7,Kuala Lumpur,1,Lost / Dormant Low-Value
13340,45,9,8485.8,Selangor,2,"Champions (recent, frequent, high spend)"
13341,261,1,3774.1,Selangor,1,Lost / Dormant Low-Value
13343,178,1,1672.6,Kuala Lumpur,1,Lost / Dormant Low-Value
13344,68,3,11154.3,Johor,3,At-Risk High Value (lapsing loyal spender)
13345,288,1,1869.2,Selangor,1,Lost / Dormant Low-Value
13347,70,1,1026.0,Johor,1,Lost / Dormant Low-Value
13348,64,1,1267.6,Kuala Lumpur,1,Lost / Dormant Low-Value
13349,11,1,1084.8,Kuala Lumpur,0,"New / Promising (recent, low frequency & value)"
13350,16,2,3263.9,Perak,0,"New / Promising (recent, low frequency & value)"
13351,66,1,1779.9,Selangor,0,"New / Promising (recent, low frequency & value)"
13352,60,1,1905.0,Selangor,0,"New / Promising (recent, low frequency & value)"
13354,71,1,4074.9,Selangor,0,"New / Promising (recent, low frequency & value)"
13355,122,1,3137.2,Johor,1,Lost / Dormant Low-Value
13356,80,1,3459.0,Kuala Lumpur,0,"New / Promising (recent, low frequency & value)"
13357,257,5,20584.2,Pahang,3,At-Risk High Value (lapsing loyal spender)
13358,269,1,2119.1,Selangor,1,Lost / Dormant Low-Value
13359,64,2,5165.5,Penang,0,"New / Promising (recent, low frequency & value)"
13360,432,4,6812.8,Melaka,3,At-Risk High Value (lapsing loyal spender)
13361,472,2,1238.8,Kuala Lumpur,1,Lost / Dormant Low-Value
13362,9,7,28356.4,Penang,2,"Champions (recent, frequent, high spend)"
13363,18,3,8600.6,Selangor,0,"New / Promising (recent, low frequency & value)"
13364,71,1,741.8,Kuala Lumpur,1,Lost / Dormant Low-Value
13365,34,2,11545.3,Selangor,0,"New / Promising (recent, low frequency & value)"
13367,432,1,1623.6,Kuala Lumpur,1,Lost / Dormant Low-Value
13368,257,4,4792.1,Negeri Sembilan,3,At-Risk High Value (lapsing loyal spender)
13369,366,1,1418.0,Johor,1,Lost / Dormant Low-Value
13370,372,1,4131.1,Selangor,1,Lost / Dormant Low-Value
13371,505,2,7815.4,Kuala Lumpur,3,At-Risk High Value (lapsing loyal spender)
13372,90,1,1793.4,Kuala Lumpur,1,Lost / Dormant Low-Value
13373,61,6,33511.0,Terengganu,2,"Champions (recent, frequent, high spend)"
13374,415,2,1375.4,Selangor,1,Lost / Dormant Low-Value
13375,89,2,7359.3,Selangor,3,At-Risk High Value (lapsing loyal spender)
13376,99,3,4760.7,Kuala Lumpur,3,At-Risk High Value (lapsing loyal spender)
13377,397,2,6846.2,Negeri Sembilan,3,At-Risk High Value (lapsing loyal spender)
13379,26,3,3146.5,Johor,0,"New / Promising (recent, low frequency & value)"
13380,433,1,344.4,Selangor,1,Lost / Dormant Low-Value
13381,32,12,35569.5,Penang,2,"Champions (recent, frequent, high spend)"
13382,281,5,7636.1,Kuala Lumpur,3,At-Risk High Value (lapsing loyal spender)
13384,31,11,26660.2,Selangor,2,"Champions (recent, frequent, high spend)"
13385,330,1,2683.3,Perak,1,Lost / Dormant Low-Value
13386,414,2,2937.6,Melaka,1,Lost / Dormant Low-Value
13387,417,1,1030.0,Selangor,1,Lost / Dormant Low-Value
13388,131,3,5931.6,Selangor,3,At-Risk High Value (lapsing loyal spender)
13389,11,3,4385.6,Johor,0,"New / Promising (recent, low frequency & value)"
13390,75,1,1017.6,Sarawak,1,Lost / Dormant Low-Value
13392,677,1,494.8,Johor,1,Lost / Dormant Low-Value
13393,584,4,4894.9,Penang,3,At-Risk High Value (lapsing loyal spender)
13394,2,19,30987.0,Selangor,2,"Champions (recent, frequent, high spend)"
13395,185,3,5568.4,Kuala Lumpur,3,At-Risk High Value (lapsing loyal spender)
13396,29,2,4459.3,Perak,0,"New / Promising (recent, low frequency & value)"
13397,73,8,7992.5,Johor,3,At-Risk High Value (lapsing loyal spender)
13398,192,2,3675.4,Kuala Lumpur,3,At-Risk High Value (lapsing loyal spender)
13399,464,3,1529.4,Negeri Sembilan,1,Lost / Dormant Low-Value
13400,583,1,1718.6,Kuala Lumpur,1,Lost / Dormant Low-Value
13402,127,4,6134.8,Penang,3,At-Risk High Value (lapsing loyal spender)
13403,18,3,1010.4,Kuala Lumpur,0,"New / Promising (recent, low frequency & value)"
13404,1,2,1039.0,Selangor,0,"New / Promising (recent, low frequency & value)"
13405,74,6,4251.2,Perak,3,At-Risk High Value (lapsing loyal spender)
13406,427,1,82.0,Selangor,1,Lost / Dormant Low-Value
13407,599,2,9535.4,Selangor,3,At-Risk High Value (lapsing loyal spender)
13408,2,82,47706.6,Sabah,2,"Champions (recent, frequent, high spend)"
13410,24,7,3172.4,Penang,0,"New / Promising (recent, low frequency & value)"
13411,107,1,1169.5,Selangor,1,Lost / Dormant Low-Value
13412,620,1,2678.4,Penang,1,Lost / Dormant Low-Value
13413,640,5,946.0,Sabah,1,Lost / Dormant Low-Value
13414,134,5,5977.6,Selangor,3,At-Risk High Value (lapsing loyal spender)
13415,630,3,3746.7,Perak,3,At-Risk High Value (lapsing loyal spender)
13416,44,3,2559.8,Negeri Sembilan,0,"New / Promising (recent, low frequency & value)"
13417,5,6,8636.7,Selangor,2,"Champions (recent, frequent, high spend)"
13418,12,31,43280.6,Pahang,2,"Champions (recent, frequent, high spend)"
13419,64,1,1221.5,Perak,1,Lost / Dormant Low-Value
13420,150,2,889.4,Penang,1,Lost / Dormant Low-Value
13421,40,8,18591.7,Johor,2,"Champions (recent, frequent, high spend)"
13422,64,1,12598.6,Johor,3,At-Risk High Value (lapsing loyal spender)
13423,429,1,1202.5,Penang,1,Lost / Dormant Low-Value
13424,450,1,3151.6,Kuala Lumpur,1,Lost / Dormant Low-Value
13425,108,5,14477.0,Johor,3,At-Risk High Value (lapsing loyal spender)
13426,1,22,21268.8,Kuala Lumpur,2,"Champions (recent, frequent, high spend)"
13427,19,6,4314.6,Perak,0,"New / Promising (recent, low frequency & value)"
13428,10,3,2623.2,Penang,0,"New / Promising (recent, low frequency & value)"
13429,11,4,5129.4,Selangor,0,"New / Promising (recent, low frequency & value)"
13430,19,2,3452.4,Kuala Lumpur,0,"New / Promising (recent, low frequency & value)"
13431,67,8,12160.3,Penang,3,At-Risk High Value (lapsing loyal spender)
13432,571,2,2409.4,Selangor,1,Lost / Dormant Low-Value
13433,501,4,2053.2,Selangor,3,At-Risk High Value (lapsing loyal spender)
13434,74,5,2317.8,Selangor,3,At-Risk High Value (lapsing loyal spender)
13435,5,9,7702.7,Selangor,2,"Champions (recent, frequent, high spend)"
13436,2,1,1087.5,Selangor,0,"New / Promising (recent, low frequency & value)"
13437,14,7,16264.7,Penang,2,"Champions (recent, frequent, high spend)"
13439,255,3,5401.8,Selangor,3,At-Risk High Value (lapsing loyal spender)
13440,423,7,5026.5,Penang,3,At-Risk High Value (lapsing loyal spender)
13441,92,2,3275.0,Selangor,3,At-Risk High Value (lapsing loyal spender)
13442,667,3,1792.8,Kuala Lumpur,1,Lost / Dormant Low-Value
13443,449,6,6088.6,Selangor,3,At-Risk High Value (lapsing loyal spender)
13444,374,2,3382.3,Selangor,3,At-Risk High Value (lapsing loyal spender)
13445,626,1,363.0,Kedah,1,Lost / Dormant Low-Value
13446,430,11,17023.1,Selangor,3,At-Risk High Value (lapsing loyal spender)
13447,23,3,5399.2,Kuala Lumpur,0,"New / Promising (recent, low frequency & value)"
13448,17,12,38936.0,Selangor,2,"Champions (recent, frequent, high spend)"
13449,24,1,1609.3,Selangor,0,"New / Promising (recent, low frequency & value)"
13450,27,13,14272.8,Selangor,2,"Champions (recent, frequent, high spend)"
13451,26,11,38927.9,Perak,2,"Champions (recent, frequent, high spend)"
13453,166,3,4306.9,Sabah,3,At-Risk High Value (lapsing loyal spender)
13454,641,1,1221.8,Kuala Lumpur,1,Lost / Dormant Low-Value
13455,25,6,10633.4,Penang,2,"Champions (recent, frequent, high spend)"
13456,18,6,5590.7,Penang,0,"New / Promising (recent, low frequency & value)"
13457,689,2,556.2,Selangor,1,Lost / Dormant Low-Value
13458,7,16,48392.2,Johor,2,"Champions (recent, frequent, high spend)"
13459,625,2,6329.9,Johor,3,At-Risk High Value (lapsing loyal spender)
13460,29,2,1042.6,Kedah,0,"New / Promising (recent, low frequency & value)"
13461,39,6,4226.0,Selangor,0,"New / Promising (recent, low frequency & value)"
13462,253,5,6335.5,Kuala Lumpur,3,At-Risk High Value (lapsing loyal spender)
13464,58,6,14723.9,Negeri Sembilan,3,At-Risk High Value (lapsing loyal spender)
13465,446,2,3093.2,Selangor,1,Lost / Dormant Low-Value
13466,184,5,5022.7,Sabah,3,At-Risk High Value (lapsing loyal spender)
13467,11,2,5884.0,Penang,0,"New / Promising (recent, low frequency & value)"
13468,2,72,64534.2,Johor,2,"Champions (recent, frequent, high spend)"
13469,653,1,451.8,Kuala Lumpur,1,Lost / Dormant Low-Value
13470,99,2,900.0,Selangor,1,Lost / Dormant Low-Value
13471,1,4,13499.9,Sarawak,2,"Champions (recent, frequent, high spend)"
13472,464,2,2999.8,Kuala Lumpur,1,Lost / Dormant Low-Value
13473,61,6,5729.1,Sarawak,3,At-Risk High Value (lapsing loyal spender)
13474,236,3,3543.5,Kuala Lumpur,3,At-Risk High Value (lapsing loyal spender)
13475,191,4,7421.0,Johor,3,At-Risk High Value (lapsing loyal spender)
13476,179,5,9921.1,Terengganu,3,At-Risk High Value (lapsing loyal spender)
13477,38,11,13236.4,Kuala Lumpur,2,"Champions (recent, frequent, high spend)"
13478,469,5,11817.8,Selangor,3,At-Risk High Value (lapsing loyal spender)
13479,201,4,4704.7,Kuala Lumpur,3,At-Risk High Value (lapsing loyal spender)
13480,417,2,3452.6,Kuala Lumpur,3,At-Risk High Value (lapsing loyal spender)
13481,46,11,21083.8,Kelantan,2,"Champions (recent, frequent, high spend)"
13482,232,2,1843.2,Selangor,1,Lost / Dormant Low-Value
13483,66,1,781.6,Selangor,1,Lost / Dormant Low-Value
13484,241,3,3245.0,Kuala Lumpur,3,At-Risk High Value (lapsing loyal spender)
13485,233,11,14549.1,Kuala Lumpur,3,At-Risk High Value (lapsing loyal spender)
13486,78,3,6145.8,Selangor,3,At-Risk High Value (lapsing loyal spender)
13487,58,5,4659.0,Johor,3,At-Risk High Value (lapsing loyal spender)
13488,17,23,63358.1,Selangor,2,"Champions (recent, frequent, high spend)"
13489,105,3,911.6,Kelantan,1,Lost / Dormant Low-Value
13490,654,1,847.4,Kuala Lumpur,1,Lost / Dormant Low-Value
13491,52,27,22338.8,Kuala Lumpur,2,"Champions (recent, frequent, high spend)"
13492,136,3,5088.0,Selangor,3,At-Risk High Value (lapsing loyal spender)
13493,287,1,441.0,Kuala Lumpur,1,Lost / Dormant Low-Value
13494,312,1,1737.0,Penang,1,Lost / Dormant Low-Value
13495,8,10,11743.2,Johor,2,"Champions (recent, frequent, high spend)"
13496,11,2,2915.8,Selangor,0,"New / Promising (recent, low frequency & value)"
13497,283,6,6386.3,Sabah,3,At-Risk High Value (lapsing loyal spender)
13498,730,1,1498.0,Melaka,1,Lost / Dormant Low-Value
13499,18,5,4469.7,Negeri Sembilan,0,"New / Promising (recent, low frequency & value)"
13500,23,4,8043.4,Selangor,0,"New / Promising (recent, low frequency & value)"
13501,288,3,11040.8,Kuala Lumpur,3,At-Risk High Value (lapsing loyal spender)
13502,17,5,2786.0,Penang,0,"New / Promising (recent, low frequency & value)"
13503,71,5,9832.3,Sabah,3,At-Risk High Value (lapsing loyal spender)
13504,64,1,1630.4,Negeri Sembilan,0,"New / Promising (recent, low frequency & value)"
13505,73,4,18883.1,Sarawak,3,At-Risk High Value (lapsing loyal spender)
13506,316,5,7091.0,Kedah,3,At-Risk High Value (lapsing loyal spender)
13507,3,4,13607.2,Selangor,2,"Champions (recent, frequent, high spend)"
13508,244,2,1588.3,Selangor,1,Lost / Dormant Low-Value
13509,9,7,4427.6,Selangor,0,"New / Promising (recent, low frequency & value)"
13510,1,11,25158.4,Selangor,2,"Champions (recent, frequent, high spend)"
13511,677,1,260.9,Selangor,1,Lost / Dormant Low-Value
13512,261,4,3687.7,Kuala Lumpur,3,At-Risk High Value (lapsing loyal spender)
13513,127,3,3386.8,Negeri Sembilan,3,At-Risk High Value (lapsing loyal spender)
13514,74,4,2214.4,Johor,0,"New / Promising (recent, low frequency & value)"
13515,73,6,6460.9,Kelantan,3,At-Risk High Value (lapsing loyal spender)
13516,21,4,5103.4,Kuala Lumpur,0,"New / Promising (recent, low frequency & value)"
13517,60,3,11652.2,Penang,3,At-Risk High Value (lapsing loyal spender)
13518,86,1,3450.2,Kuala Lumpur,0,"New / Promising (recent, low frequency & value)"
13519,78,2,1888.6,Selangor,0,"New / Promising (recent, low frequency & value)"
13520,59,11,18372.3,Kuala Lumpur,2,"Champions (recent, frequent, high spend)"
13521,1,3,5873.5,Kuala Lumpur,0,"New / Promising (recent, low frequency & value)"
13522,30,1,695.0,Selangor,0,"New / Promising (recent, low frequency & value)"
13523,33,6,17496.0,Selangor,2,"Champions (recent, frequent, high spend)"
13524,41,5,3706.6,Sabah,0,"New / Promising (recent, low frequency & value)"
13525,15,1,131.8,Johor,0,"New / Promising (recent, low frequency & value)"
13526,738,2,3214.3,Selangor,1,Lost / Dormant Low-Value
13527,34,12,24886.7,Selangor,2,"Champions (recent, frequent, high spend)"
13529,79,2,1132.9,Penang,1,Lost / Dormant Low-Value
13530,634,1,2208.4,Selangor,1,Lost / Dormant Low-Value
13531,205,6,7906.4,Selangor,3,At-Risk High Value (lapsing loyal spender)
13532,34,1,1158.7,Kuala Lumpur,0,"New / Promising (recent, low frequency & value)"
13533,183,3,1483.0,Penang,1,Lost / Dormant Low-Value
13534,2,35,42320.8,Selangor,2,"Champions (recent, frequent, high spend)"
13536,1,7,14535.2,Selangor,2,"Champions (recent, frequent, high spend)"
13537,426,2,3931.9,Selangor,3,At-Risk High Value (lapsing loyal spender)
13538,121,8,10276.0,Sabah,3,At-Risk High Value (lapsing loyal spender)
13539,86,7,7427.8,Kedah,3,At-Risk High Value (lapsing loyal spender)
13540,467,3,3470.8,Kuala Lumpur,3,At-Risk High Value (lapsing loyal spender)
13541,427,1,694.2,Pahang,1,Lost / Dormant Low-Value
13542,377,17,19567.9,Selangor,3,At-Risk High Value (lapsing loyal spender)
13543,634,2,2929.6,Kelantan,1,Lost / Dormant Low-Value
13544,40,6,4339.2,Kuala Lumpur,0,"New / Promising (recent, low frequency & value)"
13545,391,2,1975.2,Selangor,1,Lost / Dormant Low-Value
13546,12,5,5408.8,Selangor,0,"New / Promising (recent, low frequency & value)"
13547,408,1,921.8,Selangor,1,Lost / Dormant Low-Value
13548,96,3,4627.5,Selangor,3,At-Risk High Value (lapsing loyal spender)
13549,26,8,5232.1,Sabah,2,"Champions (recent, frequent, high spend)"
13550,383,1,1863.4,Selangor,1,Lost / Dormant Low-Value
13551,319,1,506.1,Selangor,1,Lost / Dormant Low-Value
13552,66,22,20899.0,Selangor,2,"Champions (recent, frequent, high spend)"
13553,675,1,2739.5,Selangor,1,Lost / Dormant Low-Value
13554,380,7,8600.3,Johor,3,At-Risk High Value (lapsing loyal spender)
13555,74,12,28234.3,Selangor,2,"Champions (recent, frequent, high spend)"
13556,429,2,846.8,Negeri Sembilan,1,Lost / Dormant Low-Value
13557,28,13,16061.6,Selangor,2,"Champions (recent, frequent, high spend)"
13558,6,4,3267.4,Kuala Lumpur,0,"New / Promising (recent, low frequency & value)"
13560,7,1,942.0,Sarawak,0,"New / Promising (recent, low frequency & value)"
13561,216,11,9421.5,Selangor,3,At-Risk High Value (lapsing loyal spender)
13562,82,8,21721.2,Selangor,2,"Champions (recent, frequent, high spend)"
13563,84,2,1822.1,Johor,0,"New / Promising (recent, low frequency & value)"
13564,354,36,82516.0,Perak,2,"Champions (recent, frequent, high spend)"
13565,19,3,2282.8,Selangor,0,"New / Promising (recent, low frequency & value)"
13566,41,5,8963.4,Penang,3,At-Risk High Value (lapsing loyal spender)
13567,428,4,5911.7,Terengganu,3,At-Risk High Value (lapsing loyal spender)
13568,173,1,1024.5,Sabah,1,Lost / Dormant Low-Value
13569,17,4,3984.5,Kedah,0,"New / Promising (recent, low frequency & value)"
13570,243,1,1326.8,Selangor,1,Lost / Dormant Low-Value
13571,13,26,24031.3,Selangor,2,"Champions (recent, frequent, high spend)"
13572,206,1,2947.9,Perak,1,Lost / Dormant Low-Value
13573,50,6,3667.7,Kuala Lumpur,3,At-Risk High Value (lapsing loyal spender)
13574,411,1,2226.2,Selangor,1,Lost / Dormant Low-Value
13575,23,5,4000.6,Selangor,0,"New / Promising (recent, low frequency & value)"
13576,10,26,17039.1,Selangor,2,"Champions (recent, frequent, high spend)"
13577,25,11,15901.6,Penang,2,"Champions (recent, frequent, high spend)"
13578,409,1,465.8,Kuala Lumpur,1,Lost / Dormant Low-Value
13579,15,5,7249.5,Kuala Lumpur,0,"New / Promising (recent, low frequency & value)"
13580,406,1,591.9,Penang,1,Lost / Dormant Low-Value
13581,309,2,1538.0,Kuala Lumpur,1,Lost / Dormant Low-Value
13582,390,2,1072.2,Johor,1,Lost / Dormant Low-Value
13583,156,2,7916.2,Kuala Lumpur,3,At-Risk High Value (lapsing loyal spender)
13584,307,3,2161.8,Penang,3,At-Risk High Value (lapsing loyal spender)
13585,531,3,3726.2,Selangor,3,At-Risk High Value (lapsing loyal spender)
13586,541,1,698.7,Selangor,1,Lost / Dormant Low-Value
13587,64,4,2464.6,Sarawak,0,"New / Promising (recent, low frequency & value)"
13588,16,9,13746.3,Kuala Lumpur,2,"Champions (recent, frequent, high spend)"
13589,15,5,4890.1,Selangor,0,"New / Promising (recent, low frequency & value)"
13590,11,18,28991.0,Negeri Sembilan,2,"Champions (recent, frequent, high spend)"
13591,65,7,10196.9,Selangor,3,At-Risk High Value (lapsing loyal spender)
13592,36,4,1361.4,Labuan,0,"New / Promising (recent, low frequency & value)"
13593,108,14,28136.7,Selangor,2,"Champions (recent, frequent, high spend)"
13594,53,2,2934.5,Kuala Lumpur,0,"New / Promising (recent, low frequency & value)"
13595,517,3,3943.2,Selangor,3,At-Risk High Value (lapsing loyal spender)
13596,6,2,3654.9,Negeri Sembilan,0,"New / Promising (recent, low frequency & value)"
13597,400,2,1564.9,Kuala Lumpur,1,Lost / Dormant Low-Value
13598,47,5,3479.3,Kuala Lumpur,0,"New / Promising (recent, low frequency & value)"
13599,1,31,33903.3,Kuala Lumpur,2,"Champions (recent, frequent, high spend)"
13600,312,2,1794.7,Selangor,1,Lost / Dormant Low-Value
13601,45,4,6349.9,Penang,0,"New / Promising (recent, low frequency & value)"
13602,65,4,5628.3,Johor,3,At-Risk High Value (lapsing loyal spender)
13603,26,1,890.6,Kuala Lumpur,0,"New / Promising (recent, low frequency & value)"
13604,659,1,1706.8,Selangor,1,Lost / Dormant Low-Value
13605,387,2,2879.9,Johor,1,Lost / Dormant Low-Value
13606,29,3,1491.1,Selangor,0,"New / Promising (recent, low frequency & value)"
13607,40,2,5905.5,Kuala Lumpur,0,"New / Promising (recent, low frequency & value)"
13608,541,1,1272.2,Selangor,1,Lost / Dormant Low-Value
13609,593,1,921.1,Kuala Lumpur,1,Lost / Dormant Low-Value
13610,12,14,11269.0,Kuala Lumpur,2,"Champions (recent, frequent, high spend)"
13611,89,10,17182.8,Kuala Lumpur,2,"Champions (recent, frequent, high spend)"
13612,633,1,4497.4,Kuala Lumpur,1,Lost / Dormant Low-Value
13613,453,5,5685.2,Selangor,3,At-Risk High Value (lapsing loyal spender)
13614,24,6,12530.2,Kuala Lumpur,2,"Champions (recent, frequent, high spend)"
13615,319,8,32385.9,Selangor,3,At-Risk High Value (lapsing loyal spender)
13616,568,2,1558.5,Selangor,1,Lost / Dormant Low-Value
13617,40,8,5851.4,Terengganu,3,At-Risk High Value (lapsing loyal spender)
13618,174,1,963.6,Selangor,1,Lost / Dormant Low-Value
13619,545,2,1232.5,Selangor,1,Lost / Dormant Low-Value
13620,528,1,287.0,Kuala Lumpur,1,Lost / Dormant Low-Value
13621,117,1,1151.4,Selangor,1,Lost / Dormant Low-Value
13622,696,1,2954.3,Negeri Sembilan,1,Lost / Dormant Low-Value
13623,31,10,10663.5,Selangor,2,"Champions (recent, frequent, high spend)"
13624,388,1,1846.8,Negeri Sembilan,1,Lost / Dormant Low-Value
13625,597,1,1652.6,Selangor,1,Lost / Dormant Low-Value
13626,253,2,3593.7,Selangor,3,At-Risk High Value (lapsing loyal spender)
13627,59,7,10733.3,Selangor,3,At-Risk High Value (lapsing loyal spender)
13628,676,1,1201.6,Selangor,1,Lost / Dormant Low-Value
13629,143,1,1848.8,Sabah,1,Lost / Dormant Low-Value
13630,5,7,5110.9,Selangor,0,"New / Promising (recent, low frequency & value)"
13631,178,1,220.0,Kuala Lumpur,1,Lost / Dormant Low-Value
13632,25,8,18002.1,Kuala Lumpur,2,"Champions (recent, frequent, high spend)"
13634,33,16,25136.0,Kuala Lumpur,2,"Champions (recent, frequent, high spend)"
13635,68,4,14975.2,Perak,3,At-Risk High Value (lapsing loyal spender)
13636,37,5,5175.2,Selangor,0,"New / Promising (recent, low frequency & value)"
13637,52,3,4396.0,Selangor,0,"New / Promising (recent, low frequency & value)"
13638,16,1,675.9,Penang,0,"New / Promising (recent, low frequency & value)"
13639,74,2,5117.2,Kuala Lumpur,3,At-Risk High Value (lapsing loyal spender)
13641,641,4,3910.8,Pahang,3,At-Risk High Value (lapsing loyal spender)
13642,216,4,2597.3,Sarawak,3,At-Risk High Value (lapsing loyal spender)
13643,31,10,9994.3,Sabah,2,"Champions (recent, frequent, high spend)"
13644,16,4,14379.2,Penang,0,"New / Promising (recent, low frequency & value)"
13645,120,1,277.8,Melaka,1,Lost / Dormant Low-Value
13646,400,2,1792.9,Penang,1,Lost / Dormant Low-Value
13647,10,8,12834.5,Selangor,2,"Champions (recent, frequent, high spend)"
13648,400,8,9349.3,Kuala Lumpur,3,At-Risk High Value (lapsing loyal spender)
13649,257,6,7548.9,Penang,3,At-Risk High Value (lapsing loyal spender)
13650,17,10,16310.8,Penang,2,"Champions (recent, frequent, high spend)"
13651,35,3,1244.1,Kuala Lumpur,0,"New / Promising (recent, low frequency & value)"
13652,46,5,12390.2,Sarawak,3,At-Risk High Value (lapsing loyal spender)
13653,488,1,829.8,Selangor,1,Lost / Dormant Low-Value
13654,43,11,28552.6,Kuala Lumpur,2,"Champions (recent, frequent, high spend)"
13655,114,6,11930.6,Perak,3,At-Risk High Value (lapsing loyal spender)
13656,165,4,5463.4,Johor,3,At-Risk High Value (lapsing loyal spender)
13657,11,2,1187.1,Johor,0,"New / Promising (recent, low frequency & value)"
13658,10,9,26452.0,Kuala Lumpur,2,"Champions (recent, frequent, high spend)"
13659,206,12,24700.6,Melaka,3,At-Risk High Value (lapsing loyal spender)
13660,400,1,1696.6,Selangor,1,Lost / Dormant Low-Value
13661,603,1,1785.8,Selangor,1,Lost / Dormant Low-Value
13662,86,11,12283.5,Selangor,2,"Champions (recent, frequent, high spend)"
13663,179,5,9360.4,Selangor,3,At-Risk High Value (lapsing loyal spender)
13665,386,3,9325.9,Selangor,3,At-Risk High Value (lapsing loyal spender)
13666,60,5,697.0,Perak,0,"New / Promising (recent, low frequency & value)"
13667,149,1,1639.6,Kuala Lumpur,1,Lost / Dormant Low-Value
13668,3,34,44390.3,Johor,2,"Champions (recent, frequent, high spend)"
13669,51,3,1455.2,Selangor,0,"New / Promising (recent, low frequency & value)"
13670,75,1,1937.4,Selangor,1,Lost / Dormant Low-Value
13671,395,1,942.2,Selangor,1,Lost / Dormant Low-Value
13672,301,3,2011.6,Sarawak,1,Lost / Dormant Low-Value
13673,19,2,1859.5,Kuala Lumpur,0,"New / Promising (recent, low frequency & value)"
13674,433,1,1311.8,Sabah,1,Lost / Dormant Low-Value
13675,151,2,2676.0,Melaka,3,At-Risk High Value (lapsing loyal spender)
13676,539,2,1045.8,Sarawak,1,Lost / Dormant Low-Value
13677,405,2,3019.6,Selangor,1,Lost / Dormant Low-Value
13678,152,1,1272.0,Selangor,1,Lost / Dormant Low-Value
13679,494,3,1540.2,Pahang,1,Lost / Dormant Low-Value
13680,1,12,26866.4,Kuala Lumpur,2,"Champions (recent, frequent, high spend)"
13681,18,4,4521.2,Johor,0,"New / Promising (recent, low frequency & value)"
13682,187,1,328.0,Selangor,1,Lost / Dormant Low-Value
13683,458,1,1395.6,Johor,1,Lost / Dormant Low-Value
13684,286,4,2425.6,Kuala Lumpur,3,At-Risk High Value (lapsing loyal spender)
13685,3,4,115.0,Negeri Sembilan,0,"New / Promising (recent, low frequency & value)"
13686,183,3,2233.0,Sarawak,3,At-Risk High Value (lapsing loyal spender)
13687,438,1,420.0,Selangor,1,Lost / Dormant Low-Value
13689,63,2,191.8,Kuala Lumpur,1,Lost / Dormant Low-Value
13690,59,1,695.5,Pahang,1,Lost / Dormant Low-Value
13691,396,1,1167.9,Melaka,1,Lost / Dormant Low-Value
13692,25,5,5644.7,Kedah,0,"New / Promising (recent, low frequency & value)"
13693,374,9,10761.2,Negeri Sembilan,3,At-Risk High Value (lapsing loyal spender)
13694,4,48,33909.5,Sarawak,2,"Champions (recent, frequent, high spend)"
13695,31,14,9571.4,Johor,2,"Champions (recent, frequent, high spend)"
13696,666,1,1656.8,Johor,1,Lost / Dormant Low-Value
13697,39,1,830.1,Penang,0,"New / Promising (recent, low frequency & value)"
13698,597,2,2041.3,Selangor,1,Lost / Dormant Low-Value
13699,155,2,3955.0,Kuala Lumpur,3,At-Risk High Value (lapsing loyal spender)
13700,26,13,11352.7,Melaka,2,"Champions (recent, frequent, high spend)"
13701,447,1,881.6,Selangor,1,Lost / Dormant Low-Value
13702,446,1,739.2,Selangor,1,Lost / Dormant Low-Value
13703,415,1,1792.1,Johor,1,Lost / Dormant Low-Value
13704,5,9,12104.2,Pahang,2,"Champions (recent, frequent, high spend)"
13705,8,7,6926.2,Johor,2,"Champions (recent, frequent, high spend)"
13706,303,2,3456.6,Johor,3,At-Risk High Value (lapsing loyal spender)
13707,267,5,13890.2,Negeri Sembilan,3,At-Risk High Value (lapsing loyal spender)
13708,271,1,1582.0,Selangor,1,Lost / Dormant Low-Value
13709,4,17,36289.7,Kelantan,2,"Champions (recent, frequent, high spend)"
13710,32,2,883.2,Sarawak,0,"New / Promising (recent, low frequency & value)"
13711,219,9,9540.3,Sarawak,3,At-Risk High Value (lapsing loyal spender)
13712,247,2,3037.1,Sarawak,3,At-Risk High Value (lapsing loyal spender)
13713,408,3,4065.3,Negeri Sembilan,3,At-Risk High Value (lapsing loyal spender)
13714,465,1,883.5,Kuala Lumpur,1,Lost / Dormant Low-Value
13715,281,17,34949.0,Selangor,2,"Champions (recent, frequent, high spend)"
13716,269,1,754.8000000000001,Selangor,1,Lost / Dormant Low-Value
13717,32,8,9559.6,Kuala Lumpur,2,"Champions (recent, frequent, high spend)"
13718,246,2,1066.8,Kelantan,1,Lost / Dormant Low-Value
13719,15,11,15027.9,Kuala Lumpur,2,"Champions (recent, frequent, high spend)"
13720,117,4,3952.4,Johor,3,At-Risk High Value (lapsing loyal spender)
13721,36,2,4068.7,Selangor,0,"New / Promising (recent, low frequency & value)"
13722,132,10,20595.0,Pahang,3,At-Risk High Value (lapsing loyal spender)
13723,217,6,4058.3,Selangor,3,At-Risk High Value (lapsing loyal spender)
13724,637,1,1164.5,Johor,1,Lost / Dormant Low-Value
13725,50,7,8438.2,Kuala Lumpur,3,At-Risk High Value (lapsing loyal spender)
13726,39,2,2521.2,Selangor,0,"New / Promising (recent, low frequency & value)"
13727,29,8,4875.0,Selangor,0,"New / Promising (recent, low frequency & value)"
13728,37,16,15413.8,Perak,2,"Champions (recent, frequent, high spend)"
13729,436,3,3354.6,Putrajaya,3,At-Risk High Value (lapsing loyal spender)
13730,136,2,4174.4,Johor,3,At-Risk High Value (lapsing loyal spender)
13731,219,2,3370.7,Kuala Lumpur,3,At-Risk High Value (lapsing loyal spender)
13732,28,1,2710.0,Selangor,0,"New / Promising (recent, low frequency & value)"
13733,411,2,2287.5,Selangor,1,Lost / Dormant Low-Value
13734,509,2,687.5,Kuala Lumpur,1,Lost / Dormant Low-Value
13735,25,13,43801.8,Selangor,2,"Champions (recent, frequent, high spend)"
13736,5,7,15063.9,Kuala Lumpur,2,"Champions (recent, frequent, high spend)"
13737,200,1,1455.9,Selangor,1,Lost / Dormant Low-Value
13738,396,1,2384.8,Penang,1,Lost / Dormant Low-Value
13739,18,2,394.0,Selangor,0,"New / Promising (recent, low frequency & value)"
13740,241,5,8324.4,Negeri Sembilan,3,At-Risk High Value (lapsing loyal spender)
13741,72,3,3412.5,Kuala Lumpur,0,"New / Promising (recent, low frequency & value)"
13742,17,12,16055.8,Perak,2,"Champions (recent, frequent, high spend)"
13743,3,7,5576.4,Melaka,2,"Champions (recent, frequent, high spend)"
13744,95,2,5969.6,Johor,3,At-Risk High Value (lapsing loyal spender)
13745,162,2,3897.8,Kuala Lumpur,3,At-Risk High Value (lapsing loyal spender)
13746,414,1,969.4,Melaka,1,Lost / Dormant Low-Value
13747,425,1,494.4,Perak,1,Lost / Dormant Low-Value
13748,96,8,5578.9,Selangor,3,At-Risk High Value (lapsing loyal spender)
13750,54,7,5338.6,Kuala Lumpur,3,At-Risk High Value (lapsing loyal spender)
13751,288,1,461.20000000000005,Perak,1,Lost / Dormant Low-Value
13752,124,7,7164.1,Kuala Lumpur,3,At-Risk High Value (lapsing loyal spender)
13753,288,4,8522.4,Perak,3,At-Risk High Value (lapsing loyal spender)
13754,152,3,1916.6,Selangor,3,At-Risk High Value (lapsing loyal spender)
13755,4,8,10956.7,Selangor,2,"Champions (recent, frequent, high spend)"
13756,2,22,24810.6,Kuala Lumpur,2,"Champions (recent, frequent, high spend)"
13757,675,1,236.4,Selangor,1,Lost / Dormant Low-Value
13758,12,14,27619.6,Kuala Lumpur,2,"Champions (recent, frequent, high spend)"
13759,71,1,2207.0,Selangor,0,"New / Promising (recent, low frequency & value)"
13760,54,5,5314.7,Johor,3,At-Risk High Value (lapsing loyal spender)
13761,50,6,10091.1,Negeri Sembilan,3,At-Risk High Value (lapsing loyal spender)
13762,219,2,1065.6,Penang,1,Lost / Dormant Low-Value
13763,435,1,391.2,Putrajaya,1,Lost / Dormant Low-Value
13764,71,6,16097.3,Perak,3,At-Risk High Value (lapsing loyal spender)
13765,653,1,1907.6,Selangor,1,Lost / Dormant Low-Value
13766,495,1,1052.2,Selangor,1,Lost / Dormant Low-Value
13767,2,70,63430.4,Kuala Lumpur,2,"Champions (recent, frequent, high spend)"
13768,727,2,3669.6,Kedah,1,Lost / Dormant Low-Value
13769,2,20,23363.7,Selangor,2,"Champions (recent, frequent, high spend)"
13770,437,2,2186.8,Perak,1,Lost / Dormant Low-Value
13771,64,9,20291.4,Selangor,2,"Champions (recent, frequent, high spend)"
13772,34,8,15335.5,Sabah,2,"Champions (recent, frequent, high spend)"
13773,397,2,1650.3999999999999,Johor,1,Lost / Dormant Low-Value
13774,82,1,1885.4,Kedah,1,Lost / Dormant Low-Value
13775,591,1,4657.4,Penang,1,Lost / Dormant Low-Value
13777,9,34,13936.5,Sarawak,2,"Champions (recent, frequent, high spend)"
13778,103,4,3968.5,Selangor,3,At-Risk High Value (lapsing loyal spender)
13779,516,1,884.8,Selangor,1,Lost / Dormant Low-Value
13780,7,3,3304.7,Penang,0,"New / Promising (recent, low frequency & value)"
13781,251,3,4282.4,Kedah,3,At-Risk High Value (lapsing loyal spender)
13782,13,13,9790.9,Selangor,2,"Champions (recent, frequent, high spend)"
13783,640,1,126.0,Johor,1,Lost / Dormant Low-Value
13784,10,8,2933.3,Selangor,0,"New / Promising (recent, low frequency & value)"
13785,429,4,2974.8,Kuala Lumpur,3,At-Risk High Value (lapsing loyal spender)
13786,367,6,8374.1,Selangor,3,At-Risk High Value (lapsing loyal spender)
13787,76,6,6130.0,Selangor,3,At-Risk High Value (lapsing loyal spender)
13788,505,1,20.5,Kuala Lumpur,1,Lost / Dormant Low-Value
13789,388,1,1306.8,Melaka,1,Lost / Dormant Low-Value
13790,4,1,1838.0,Selangor,0,"New / Promising (recent, low frequency & value)"
13792,66,3,2095.4,Sabah,0,"New / Promising (recent, low frequency & value)"
13793,647,1,530.8,Selangor,1,Lost / Dormant Low-Value
13794,547,1,683.3,Johor,1,Lost / Dormant Low-Value
13795,388,4,2679.8,Kuala Lumpur,3,At-Risk High Value (lapsing loyal spender)
13796,499,1,1576.2,Kuala Lumpur,1,Lost / Dormant Low-Value
13797,437,3,6230.7,Kuala Lumpur,3,At-Risk High Value (lapsing loyal spender)
13798,1,27,7643.6,Johor,2,"Champions (recent, frequent, high spend)"
13799,117,8,8529.7,Selangor,3,At-Risk High Value (lapsing loyal spender)
13800,310,3,5559.5,Johor,3,At-Risk High Value (lapsing loyal spender)
13801,67,1,1771.5,Johor,0,"New / Promising (recent, low frequency & value)"
13802,139,18,22423.1,Selangor,2,"Champions (recent, frequent, high spend)"
13803,255,3,6993.3,Selangor,3,At-Risk High Value (lapsing loyal spender)
13804,31,9,16059.4,Kuala Lumpur,2,"Champions (recent, frequent, high spend)"
13805,52,2,1260.0,Perak,0,"New / Promising (recent, low frequency & value)"
13806,64,1,1045.0,Sarawak,1,Lost / Dormant Low-Value
13807,367,3,2025.6,Terengganu,1,Lost / Dormant Low-Value
13808,6,5,6872.8,Selangor,0,"New / Promising (recent, low frequency & value)"
13809,305,3,1674.4,Kuala Lumpur,1,Lost / Dormant Low-Value
13810,29,2,2659.6,Sarawak,0,"New / Promising (recent, low frequency & value)"
13811,184,2,1761.0,Selangor,1,Lost / Dormant Low-Value
13812,42,3,2944.1,Selangor,0,"New / Promising (recent, low frequency & value)"
13813,40,8,13213.9,Kelantan,2,"Champions (recent, frequent, high spend)"
13814,92,3,8564.8,Johor,3,At-Risk High Value (lapsing loyal spender)
13815,22,8,31249.3,Kuala Lumpur,2,"Champions (recent, frequent, high spend)"
13816,24,2,2547.9,Selangor,0,"New / Promising (recent, low frequency & value)"
13817,29,2,2094.4,Selangor,0,"New / Promising (recent, low frequency & value)"
13818,430,1,339.0,Johor,1,Lost / Dormant Low-Value
13819,302,6,10112.2,Johor,3,At-Risk High Value (lapsing loyal spender)
13820,418,3,3576.8,Kuala Lumpur,3,At-Risk High Value (lapsing loyal spender)
13821,145,6,7583.6,Selangor,3,At-Risk High Value (lapsing loyal spender)
13822,6,2,2754.4,Selangor,0,"New / Promising (recent, low frequency & value)"
13823,19,7,14226.3,Selangor,2,"Champions (recent, frequent, high spend)"
13824,33,10,9661.5,Selangor,2,"Champions (recent, frequent, high spend)"
13825,622,2,1416.1,Selangor,1,Lost / Dormant Low-Value
13826,176,1,1042.0,Johor,1,Lost / Dormant Low-Value
13827,58,3,2243.7,Selangor,0,"New / Promising (recent, low frequency & value)"
13828,22,1,1131.2,Johor,0,"New / Promising (recent, low frequency & value)"
13830,582,1,861.1,Perak,1,Lost / Dormant Low-Value
13831,16,12,8718.2,Kuala Lumpur,2,"Champions (recent, frequent, high spend)"
13832,19,2,2335.1,Sabah,0,"New / Promising (recent, low frequency & value)"
13833,159,2,3563.8,Selangor,3,At-Risk High Value (lapsing loyal spender)
13834,577,2,1435.2,Penang,1,Lost / Dormant Low-Value
13835,25,7,6000.9,Selangor,0,"New / Promising (recent, low frequency & value)"
13836,399,2,3409.1,Selangor,3,At-Risk High Value (lapsing loyal spender)
13837,212,2,1218.4,Kuala Lumpur,1,Lost / Dormant Low-Value
13838,6,10,9283.3,Penang,2,"Champions (recent, frequent, high spend)"
13839,486,1,772.9,Melaka,1,Lost / Dormant Low-Value
13840,416,1,3573.0,Sabah,1,Lost / Dormant Low-Value
13842,59,18,28634.0,Putrajaya,2,"Champions (recent, frequent, high spend)"
13843,381,1,1748.9,Johor,1,Lost / Dormant Low-Value
13844,11,1,1977.0,Penang,0,"New / Promising (recent, low frequency & value)"
13845,65,1,903.6,Selangor,1,Lost / Dormant Low-Value
13846,25,4,7170.8,Selangor,0,"New / Promising (recent, low frequency & value)"
13847,720,1,1706.6,Selangor,1,Lost / Dormant Low-Value
13849,52,5,18998.1,Kuala Lumpur,3,At-Risk High Value (lapsing loyal spender)
13850,129,1,8752.4,Perak,3,At-Risk High Value (lapsing loyal spender)
13851,96,8,13876.9,Selangor,3,At-Risk High Value (lapsing loyal spender)
13852,611,1,1029.1,Penang,1,Lost / Dormant Low-Value
13853,57,1,2529.4,Selangor,0,"New / Promising (recent, low frequency & value)"
13854,9,32,9372.7,Selangor,2,"Champions (recent, frequent, high spend)"
13855,501,4,6428.6,Selangor,3,At-Risk High Value (lapsing loyal spender)
13856,169,11,4438.7,Selangor,3,At-Risk High Value (lapsing loyal spender)
13857,393,6,5466.0,Selangor,3,At-Risk High Value (lapsing loyal spender)
13858,57,1,1188.3,Selangor,1,Lost / Dormant Low-Value
13859,326,2,2143.7,Johor,1,Lost / Dormant Low-Value
13860,1,5,6814.0,Selangor,0,"New / Promising (recent, low frequency & value)"
13861,429,2,1519.9,Johor,1,Lost / Dormant Low-Value
13862,18,9,13506.9,Selangor,2,"Champions (recent, frequent, high spend)"
13863,248,4,6523.4,Kuala Lumpur,3,At-Risk High Value (lapsing loyal spender)
13865,58,4,2753.4,Johor,0,"New / Promising (recent, low frequency & value)"
13866,74,1,803.0,Johor,1,Lost / Dormant Low-Value
13867,31,3,5183.8,Kuala Lumpur,0,"New / Promising (recent, low frequency & value)"
13868,39,1,2511.3,Penang,0,"New / Promising (recent, low frequency & value)"
13869,123,10,43392.5,Selangor,2,"Champions (recent, frequent, high spend)"
13870,2,15,20731.0,Selangor,2,"Champions (recent, frequent, high spend)"
13871,23,17,38244.3,Penang,2,"Champions (recent, frequent, high spend)"
13872,527,3,5033.2,Perak,3,At-Risk High Value (lapsing loyal spender)
13873,120,8,5114.9,Johor,3,At-Risk High Value (lapsing loyal spender)
13874,358,7,6115.3,Penang,3,At-Risk High Value (lapsing loyal spender)
13875,54,14,22745.5,Kuala Lumpur,2,"Champions (recent, frequent, high spend)"
13876,64,1,674.2,Selangor,1,Lost / Dormant Low-Value
13877,86,3,1821.4,Kuala Lumpur,0,"New / Promising (recent, low frequency & value)"
13878,55,4,9351.7,Selangor,3,At-Risk High Value (lapsing loyal spender)
13879,646,1,2171.8,Perak,1,Lost / Dormant Low-Value
13880,21,17,21916.3,Kuala Lumpur,2,"Champions (recent, frequent, high spend)"
13881,67,14,10863.5,Sarawak,2,"Champions (recent, frequent, high spend)"
13882,3,5,5918.1,Kuala Lumpur,0,"New / Promising (recent, low frequency & value)"
13883,11,15,31916.3,Selangor,2,"Champions (recent, frequent, high spend)"
13884,7,10,9629.4,Selangor,2,"Champions (recent, frequent, high spend)"
13885,189,2,2504.1,Kuala Lumpur,1,Lost / Dormant Low-Value
13886,71,1,1332.4,Selangor,1,Lost / Dormant Low-Value
13887,204,1,1913.7,Kuala Lumpur,1,Lost / Dormant Low-Value
13888,120,7,10643.4,Johor,3,At-Risk High Value (lapsing loyal spender)
13889,93,6,9035.8,Kuala Lumpur,3,At-Risk High Value (lapsing loyal spender)
13890,1,14,15781.9,Negeri Sembilan,2,"Champions (recent, frequent, high spend)"
13891,378,3,4438.1,Penang,3,At-Risk High Value (lapsing loyal spender)
13892,64,3,2683.0,Kuala Lumpur,0,"New / Promising (recent, low frequency & value)"
13893,298,1,2016.6,Sarawak,1,Lost / Dormant Low-Value
13894,24,2,2428.2,Putrajaya,0,"New / Promising (recent, low frequency & value)"
13895,28,6,18363.6,Johor,2,"Champions (recent, frequent, high spend)"
13896,626,1,1432.2,Kuala Lumpur,1,Lost / Dormant Low-Value
13897,50,3,5825.4,Sabah,0,"New / Promising (recent, low frequency & value)"
13898,326,2,3736.8,Melaka,3,At-Risk High Value (lapsing loyal spender)
13899,16,2,1851.2,Kuala Lumpur,0,"New / Promising (recent, low frequency & value)"
13900,183,6,7856.5,Johor,3,At-Risk High Value (lapsing loyal spender)
13901,72,15,29878.6,Selangor,2,"Champions (recent, frequent, high spend)"
13902,663,2,420.0,Johor,1,Lost / Dormant Low-Value
13903,400,1,902.4,Kelantan,1,Lost / Dormant Low-Value
13904,37,2,1831.4,Kuala Lumpur,0,"New / Promising (recent, low frequency & value)"
13905,733,1,1011.8,Melaka,1,Lost / Dormant Low-Value
13906,409,1,250.0,Kuala Lumpur,1,Lost / Dormant Low-Value
13907,692,1,751.6,Sabah,1,Lost / Dormant Low-Value
13908,80,4,10769.1,Kuala Lumpur,3,At-Risk High Value (lapsing loyal spender)
13909,423,2,1529.9,Sarawak,1,Lost / Dormant Low-Value
13911,57,20,19248.6,Sabah,2,"Champions (recent, frequent, high spend)"
13912,424,1,685.4,Sabah,1,Lost / Dormant Low-Value
13913,507,1,233.9,Selangor,1,Lost / Dormant Low-Value
13914,12,2,2862.0,Kuala Lumpur,0,"New / Promising (recent, low frequency & value)"
13915,394,1,96.0,Selangor,1,Lost / Dormant Low-Value
13916,464,4,6322.0,Kuala Lumpur,3,At-Risk High Value (lapsing loyal spender)
13917,50,2,1478.2,Pahang,0,"New / Promising (recent, low frequency & value)"
13918,50,2,3202.6,Johor,0,"New / Promising (recent, low frequency & value)"
13919,59,4,6961.9,Selangor,3,At-Risk High Value (lapsing loyal spender)
13920,432,4,7260.0,Selangor,3,At-Risk High Value (lapsing loyal spender)
13921,402,4,4011.4,Kuala Lumpur,3,At-Risk High Value (lapsing loyal spender)
13922,352,3,2819.0,Johor,3,At-Risk High Value (lapsing loyal spender)
13923,54,1,1934.7,Kuala Lumpur,0,"New / Promising (recent, low frequency & value)"
13924,2,6,10006.7,Penang,2,"Champions (recent, frequent, high spend)"
13925,93,4,3716.4,Sabah,3,At-Risk High Value (lapsing loyal spender)
13926,23,1,1225.0,Selangor,0,"New / Promising (recent, low frequency & value)"
13927,75,2,3918.3,Penang,0,"New / Promising (recent, low frequency & value)"
13928,11,4,2548.0,Kuala Lumpur,0,"New / Promising (recent, low frequency & value)"
13929,169,8,4235.4,Kuala Lumpur,3,At-Risk High Value (lapsing loyal spender)
13930,58,2,1851.0,Selangor,0,"New / Promising (recent, low frequency & value)"
13931,96,11,25271.6,Perak,2,"Champions (recent, frequent, high spend)"
13932,295,1,1686.8,Kelantan,1,Lost / Dormant Low-Value
13933,109,2,2200.6,Kuala Lumpur,1,Lost / Dormant Low-Value
13934,264,1,3138.3,Kedah,1,Lost / Dormant Low-Value
13935,597,2,2572.0,Selangor,1,Lost / Dormant Low-Value
13936,180,3,5146.0,Kuala Lumpur,3,At-Risk High Value (lapsing loyal spender)
13937,169,2,4809.3,Johor,3,At-Risk High Value (lapsing loyal spender)
13938,35,1,388.2,Penang,1,Lost / Dormant Low-Value
13939,23,7,7993.0,Selangor,2,"Champions (recent, frequent, high spend)"
13940,17,4,4595.5,Johor,0,"New / Promising (recent, low frequency & value)"
13941,22,12,3269.9,Johor,2,"Champions (recent, frequent, high spend)"
13943,578,1,1354.8,Penang,1,Lost / Dormant Low-Value
13944,653,1,1094.0,Selangor,1,Lost / Dormant Low-Value
13945,395,2,4326.5,Kuala Lumpur,3,At-Risk High Value (lapsing loyal spender)
13946,79,6,1564.0,Johor,3,At-Risk High Value (lapsing loyal spender)
13947,65,1,494.0,Kuala Lumpur,1,Lost / Dormant Low-Value
13948,361,4,2496.2,Sabah,3,At-Risk High Value (lapsing loyal spender)
13949,3,6,11340.3,Selangor,2,"Champions (recent, frequent, high spend)"
13950,11,4,2851.1,Selangor,0,"New / Promising (recent, low frequency & value)"
13951,176,3,3696.3,Selangor,3,At-Risk High Value (lapsing loyal spender)
13952,218,13,37886.3,Selangor,2,"Champions (recent, frequent, high spend)"
13953,7,2,1212.0,Selangor,0,"New / Promising (recent, low frequency & value)"
13954,2,2,2423.2,Johor,0,"New / Promising (recent, low frequency & value)"
13955,154,3,2711.6,Perak,3,At-Risk High Value (lapsing loyal spender)
13956,5,5,5332.6,Melaka,0,"New / Promising (recent, low frequency & value)"
13957,418,3,2506.9,Selangor,3,At-Risk High Value (lapsing loyal spender)
13958,380,8,19772.6,Selangor,3,At-Risk High Value (lapsing loyal spender)
13959,79,6,5580.5,Melaka,3,At-Risk High Value (lapsing loyal spender)
13960,21,2,864.6,Sabah,0,"New / Promising (recent, low frequency & value)"
13961,392,1,1438.4,Kuala Lumpur,1,Lost / Dormant Low-Value
13962,22,3,1994.7,Selangor,0,"New / Promising (recent, low frequency & value)"
13963,308,17,14549.2,Sabah,3,At-Risk High Value (lapsing loyal spender)
13964,387,2,1877.5,Kuala Lumpur,1,Lost / Dormant Low-Value
13965,477,3,1698.5,Johor,1,Lost / Dormant Low-Value
13966,435,1,1438.2,Pahang,1,Lost / Dormant Low-Value
13967,146,2,669.4,Johor,1,Lost / Dormant Low-Value
13968,423,1,693.6,Kuala Lumpur,1,Lost / Dormant Low-Value
13969,7,35,56703.9,Selangor,2,"Champions (recent, frequent, high spend)"
13970,438,1,1597.7,Selangor,1,Lost / Dormant Low-Value
13971,19,14,25304.7,Selangor,2,"Champions (recent, frequent, high spend)"
13972,71,2,1027.4,Melaka,1,Lost / Dormant Low-Value
13973,287,1,1089.4,Kuala Lumpur,1,Lost / Dormant Low-Value
13974,49,2,3728.0,Sabah,0,"New / Promising (recent, low frequency & value)"
13975,31,12,27035.7,Sabah,2,"Champions (recent, frequent, high spend)"
13976,207,4,5159.8,Kuala Lumpur,3,At-Risk High Value (lapsing loyal spender)
13977,411,1,777.0,Selangor,1,Lost / Dormant Low-Value
13978,15,2,1052.3,Penang,0,"New / Promising (recent, low frequency & value)"
13979,73,7,18588.4,Johor,3,At-Risk High Value (lapsing loyal spender)
13980,60,5,3710.6,Selangor,3,At-Risk High Value (lapsing loyal spender)
13981,416,1,1803.1,Sabah,1,Lost / Dormant Low-Value
13982,39,9,16170.4,Johor,2,"Champions (recent, frequent, high spend)"
13983,40,18,21564.1,Selangor,2,"Champions (recent, frequent, high spend)"
13984,27,11,5531.4,Selangor,2,"Champions (recent, frequent, high spend)"
13985,4,22,51095.6,Sarawak,2,"Champions (recent, frequent, high spend)"
13986,17,1,1335.2,Kuala Lumpur,0,"New / Promising (recent, low frequency & value)"
13987,380,2,3733.6,Johor,3,At-Risk High Value (lapsing loyal spender)
13988,20,8,23863.9,Selangor,2,"Champions (recent, frequent, high spend)"
13989,66,5,7070.5,Johor,3,At-Risk High Value (lapsing loyal spender)
13990,213,1,1714.8,Kuala Lumpur,1,Lost / Dormant Low-Value
13991,12,6,4603.0,Selangor,0,"New / Promising (recent, low frequency & value)"
13992,30,3,950.6,Johor,0,"New / Promising (recent, low frequency & value)"
13993,43,19,27662.4,Kuala Lumpur,2,"Champions (recent, frequent, high spend)"
13994,4,6,12205.1,Selangor,2,"Champions (recent, frequent, high spend)"
13995,15,14,21069.0,Perak,2,"Champions (recent, frequent, high spend)"
13996,386,2,2998.2,Kuala Lumpur,1,Lost / Dormant Low-Value
13997,519,3,2055.3,Selangor,1,Lost / Dormant Low-Value
13998,447,3,3099.7,Terengganu,3,At-Risk High Value (lapsing loyal spender)
13999,10,29,38654.0,Terengganu,2,"Champions (recent, frequent, high spend)"
14000,211,4,3399.4,Penang,3,At-Risk High Value (lapsing loyal spender)
14001,46,8,8268.4,Sarawak,2,"Champions (recent, frequent, high spend)"
14002,134,2,2885.6,Kuala Lumpur,3,At-Risk High Value (lapsing loyal spender)
14003,733,1,1150.0,Johor,1,Lost / Dormant Low-Value
14004,43,11,27014.4,Kuala Lumpur,2,"Champions (recent, frequent, high spend)"
14005,10,5,6078.8,Negeri Sembilan,0,"New / Promising (recent, low frequency & value)"
14006,116,7,5758.3,Selangor,3,At-Risk High Value (lapsing loyal spender)
14007,513,1,436.6,Selangor,1,Lost / Dormant Low-Value
14008,432,1,2805.2,Selangor,1,Lost / Dormant Low-Value
14009,198,3,6010.3,Sabah,3,At-Risk High Value (lapsing loyal spender)
14010,565,2,1544.1,Selangor,1,Lost / Dormant Low-Value
14011,480,2,2542.8,Johor,1,Lost / Dormant Low-Value
14012,278,1,1804.4,Kedah,1,Lost / Dormant Low-Value
14013,110,5,5679.6,Kuala Lumpur,3,At-Risk High Value (lapsing loyal spender)
14014,77,3,5785.3,Selangor,3,At-Risk High Value (lapsing loyal spender)
14015,53,1,837.0,Selangor,1,Lost / Dormant Low-Value
14016,162,11,38599.8,Selangor,2,"Champions (recent, frequent, high spend)"
14017,571,1,1259.2,Selangor,1,Lost / Dormant Low-Value
14018,645,1,1174.1,Putrajaya,1,Lost / Dormant Low-Value
14019,47,3,5717.6,Penang,0,"New / Promising (recent, low frequency & value)"
14020,17,4,6842.3,Selangor,0,"New / Promising (recent, low frequency & value)"
14021,155,6,7959.7,Selangor,3,At-Risk High Value (lapsing loyal spender)
14022,225,2,4367.9,Selangor,3,At-Risk High Value (lapsing loyal spender)
14023,7,2,2969.4,Johor,0,"New / Promising (recent, low frequency & value)"
14024,122,3,3540.9,Selangor,3,At-Risk High Value (lapsing loyal spender)
14025,465,8,9927.3,Kuala Lumpur,3,At-Risk High Value (lapsing loyal spender)
14026,471,2,3895.8,Selangor,3,At-Risk High Value (lapsing loyal spender)
14027,61,1,576.0,Selangor,1,Lost / Dormant Low-Value
14029,63,2,1044.6,Negeri Sembilan,0,"New / Promising (recent, low frequency & value)"
14030,18,20,33168.7,Kuala Lumpur,2,"Champions (recent, frequent, high spend)"
14031,7,39,42627.7,Sabah,2,"Champions (recent, frequent, high spend)"
14032,16,15,18622.0,Sarawak,2,"Champions (recent, frequent, high spend)"
14034,22,3,2489.1,Perak,0,"New / Promising (recent, low frequency & value)"
14035,29,9,9687.8,Selangor,2,"Champions (recent, frequent, high spend)"
14036,285,1,3451.2,Kedah,1,Lost / Dormant Low-Value
14037,176,6,3937.0,Terengganu,3,At-Risk High Value (lapsing loyal spender)
14038,78,5,15598.6,Selangor,3,At-Risk High Value (lapsing loyal spender)
14039,33,2,663.2,Kuala Lumpur,0,"New / Promising (recent, low frequency & value)"
14040,41,35,52966.5,Pahang,2,"Champions (recent, frequent, high spend)"
14041,266,1,778.8,Selangor,1,Lost / Dormant Low-Value
14042,725,1,1877.2,Selangor,1,Lost / Dormant Low-Value
14043,491,2,1655.2,Selangor,1,Lost / Dormant Low-Value
14044,27,10,15902.5,Sarawak,2,"Champions (recent, frequent, high spend)"
14045,541,1,187.6,Kuala Lumpur,1,Lost / Dormant Low-Value
14046,284,1,848.8,Johor,1,Lost / Dormant Low-Value
14047,9,14,13854.1,Kuala Lumpur,2,"Champions (recent, frequent, high spend)"
14048,305,3,4098.8,Negeri Sembilan,3,At-Risk High Value (lapsing loyal spender)
14049,17,13,58134.5,Sabah,2,"Champions (recent, frequent, high spend)"
14050,32,2,4072.3,Penang,0,"New / Promising (recent, low frequency & value)"
14051,1,31,17805.6,Sabah,2,"Champions (recent, frequent, high spend)"
14052,20,2,2556.0,Penang,0,"New / Promising (recent, low frequency & value)"
14053,160,3,606.0,Perak,1,Lost / Dormant Low-Value
14054,65,1,504.0,Sarawak,1,Lost / Dormant Low-Value
14055,106,3,3051.1,Selangor,3,At-Risk High Value (lapsing loyal spender)
14056,1,23,43166.8,Selangor,2,"Champions (recent, frequent, high spend)"
14057,24,21,32899.6,Penang,2,"Champions (recent, frequent, high spend)"
14058,463,2,2324.7,Selangor,1,Lost / Dormant Low-Value
14059,267,1,724.8,Kuala Lumpur,1,Lost / Dormant Low-Value
14060,5,27,19941.4,Selangor,2,"Champions (recent, frequent, high spend)"
14061,724,2,1625.1,Penang,1,Lost / Dormant Low-Value
14062,10,17,14940.9,Selangor,2,"Champions (recent, frequent, high spend)"
14063,687,2,540.2,Selangor,1,Lost / Dormant Low-Value
14064,29,15,13371.7,Selangor,2,"Champions (recent, frequent, high spend)"
14065,389,3,4596.1,Kuala Lumpur,3,At-Risk High Value (lapsing loyal spender)
14066,267,1,838.2,Kuala Lumpur,1,Lost / Dormant Low-Value
14067,64,2,2062.7,Selangor,0,"New / Promising (recent, low frequency & value)"
14068,320,4,8311.9,Kuala Lumpur,3,At-Risk High Value (lapsing loyal spender)
14069,515,2,1237.8,Perak,1,Lost / Dormant Low-Value
14070,685,1,1766.5,Kuala Lumpur,1,Lost / Dormant Low-Value
14071,4,8,7894.1,Selangor,2,"Champions (recent, frequent, high spend)"
14072,667,1,1598.3,Kuala Lumpur,1,Lost / Dormant Low-Value
14073,32,1,823.8,Johor,0,"New / Promising (recent, low frequency & value)"
14074,623,1,848.4,Kuala Lumpur,1,Lost / Dormant Low-Value
14075,5,6,7838.1,Selangor,2,"Champions (recent, frequent, high spend)"
14076,129,1,646.5,Kuala Lumpur,1,Lost / Dormant Low-Value
14077,78,5,2651.5,Selangor,3,At-Risk High Value (lapsing loyal spender)
14078,102,9,5065.0,Kuala Lumpur,3,At-Risk High Value (lapsing loyal spender)
14079,125,1,839.7,Penang,1,Lost / Dormant Low-Value
14080,33,5,5429.7,Kuala Lumpur,0,"New / Promising (recent, low frequency & value)"
14081,302,10,26877.5,Selangor,3,At-Risk High Value (lapsing loyal spender)
14082,365,2,2271.9,Kuala Lumpur,1,Lost / Dormant Low-Value
14083,4,11,5954.3,Kuala Lumpur,2,"Champions (recent, frequent, high spend)"
14084,512,1,807.6,Kuala Lumpur,1,Lost / Dormant Low-Value
14085,2,33,52253.7,Kuala Lumpur,2,"Champions (recent, frequent, high spend)"
14086,463,1,219.9,Penang,1,Lost / Dormant Low-Value
14087,3,3,4565.1,Selangor,0,"New / Promising (recent, low frequency & value)"
14088,10,12,24845.2,Kuala Lumpur,2,"Champions (recent, frequent, high spend)"
14089,57,1,861.6,Kuala Lumpur,1,Lost / Dormant Low-Value
14092,8,24,34097.6,Kuala Lumpur,2,"Champions (recent, frequent, high spend)"
14093,12,1,2394.8,Kuala Lumpur,0,"New / Promising (recent, low frequency & value)"
14094,440,1,1415.9,Selangor,1,Lost / Dormant Low-Value
14095,723,1,16.0,Selangor,1,Lost / Dormant Low-Value
14096,4,17,233380.9,Selangor,2,"Champions (recent, frequent, high spend)"
14097,481,2,2321.6,Selangor,1,Lost / Dormant Low-Value
14098,37,1,467.3,Kuala Lumpur,1,Lost / Dormant Low-Value
14099,16,20,29395.9,Selangor,2,"Champions (recent, frequent, high spend)"
14100,138,1,1051.4,Johor,1,Lost / Dormant Low-Value
14101,295,5,2945.4,Selangor,3,At-Risk High Value (lapsing loyal spender)
14102,5,5,3039.3,Pahang,0,"New / Promising (recent, low frequency & value)"
14104,155,5,3608.4,Penang,3,At-Risk High Value (lapsing loyal spender)
14105,239,5,26346.2,Kuala Lumpur,3,At-Risk High Value (lapsing loyal spender)
14107,52,11,23872.1,Kuala Lumpur,2,"Champions (recent, frequent, high spend)"
14108,31,4,5070.4,Selangor,0,"New / Promising (recent, low frequency & value)"
14109,73,1,789.6,Selangor,1,Lost / Dormant Low-Value
14110,37,30,31295.2,Melaka,2,"Champions (recent, frequent, high spend)"
14111,14,3,427.9,Perak,0,"New / Promising (recent, low frequency & value)"
14112,23,13,29753.2,Selangor,2,"Champions (recent, frequent, high spend)"
14113,4,14,8844.1,Penang,2,"Champions (recent, frequent, high spend)"
14114,274,7,6733.9,Kuala Lumpur,3,At-Risk High Value (lapsing loyal spender)
14115,502,2,2203.8,Perak,1,Lost / Dormant Low-Value
14116,20,5,6846.3,Perak,0,"New / Promising (recent, low frequency & value)"
14117,144,1,496.79999999999995,Penang,1,Lost / Dormant Low-Value
14118,429,1,1045.0,Sabah,1,Lost / Dormant Low-Value
14119,376,2,1002.1,Selangor,1,Lost / Dormant Low-Value
14121,4,4,13974.8,Selangor,2,"Champions (recent, frequent, high spend)"
14122,406,2,1201.0,Penang,1,Lost / Dormant Low-Value
14123,733,1,2392.7,Kuala Lumpur,1,Lost / Dormant Low-Value
14124,84,1,144.0,Penang,1,Lost / Dormant Low-Value
14125,11,3,14723.6,Sarawak,0,"New / Promising (recent, low frequency & value)"
14126,11,2,3716.3,Selangor,0,"New / Promising (recent, low frequency & value)"
14127,123,6,10464.2,Sabah,3,At-Risk High Value (lapsing loyal spender)
14128,61,3,5099.3,Selangor,3,At-Risk High Value (lapsing loyal spender)
14129,2,9,11532.6,Penang,2,"Champions (recent, frequent, high spend)"
14130,319,4,8457.5,Terengganu,3,At-Risk High Value (lapsing loyal spender)
14131,649,1,924.9,Melaka,1,Lost / Dormant Low-Value
14132,2,11,16365.2,Kuala Lumpur,2,"Champions (recent, frequent, high spend)"
14133,130,4,4164.8,Perlis,3,At-Risk High Value (lapsing loyal spender)
14134,383,12,11374.6,Kuala Lumpur,3,At-Risk High Value (lapsing loyal spender)
14135,2,22,13932.3,Kuala Lumpur,2,"Champions (recent, frequent, high spend)"
14136,401,5,8598.8,Kuala Lumpur,3,At-Risk High Value (lapsing loyal spender)
14137,696,1,1288.2,Kuala Lumpur,1,Lost / Dormant Low-Value
14138,2,2,4458.4,Kuala Lumpur,0,"New / Promising (recent, low frequency & value)"
14139,46,4,5619.1,Terengganu,0,"New / Promising (recent, low frequency & value)"
14140,4,2,5120.6,Melaka,0,"New / Promising (recent, low frequency & value)"
14141,3,4,3842.6,Sarawak,0,"New / Promising (recent, low frequency & value)"
14142,373,2,3679.1,Penang,3,At-Risk High Value (lapsing loyal spender)
14143,134,1,635.4,Selangor,1,Lost / Dormant Low-Value
14144,486,1,168.0,Kuala Lumpur,1,Lost / Dormant Low-Value
14145,537,1,70.0,Perak,1,Lost / Dormant Low-Value
14146,9,12,40023.8,Melaka,2,"Champions (recent, frequent, high spend)"
14147,78,6,1931.1000000000001,Kuala Lumpur,3,At-Risk High Value (lapsing loyal spender)
14148,234,2,1160.6,Pahang,1,Lost / Dormant Low-Value
14149,221,1,2448.4,Selangor,1,Lost / Dormant Low-Value
14150,36,2,2040.0,Selangor,0,"New / Promising (recent, low frequency & value)"
14151,673,2,3741.0,Kuala Lumpur,1,Lost / Dormant Low-Value
14152,75,7,10515.6,Selangor,3,At-Risk High Value (lapsing loyal spender)
14153,483,1,1298.8,Kuala Lumpur,1,Lost / Dormant Low-Value
14154,239,7,23250.8,Selangor,3,At-Risk High Value (lapsing loyal spender)
14155,266,1,653.5,Perak,1,Lost / Dormant Low-Value
14156,10,112,267361.3,Selangor,2,"Champions (recent, frequent, high spend)"
14157,20,5,5365.0,Kuala Lumpur,0,"New / Promising (recent, low frequency & value)"
14158,40,1,2811.7,Kuala Lumpur,0,"New / Promising (recent, low frequency & value)"
14159,20,20,40491.4,Perak,2,"Champions (recent, frequent, high spend)"
14160,610,5,4012.4,Kuala Lumpur,3,At-Risk High Value (lapsing loyal spender)
14161,216,7,15599.5,Penang,3,At-Risk High Value (lapsing loyal spender)
14162,174,2,1577.8,Johor,1,Lost / Dormant Low-Value
14163,87,5,2757.4,Selangor,3,At-Risk High Value (lapsing loyal spender)
14164,81,1,2044.8,Sabah,1,Lost / Dormant Low-Value
14165,276,1,660.6,Selangor,1,Lost / Dormant Low-Value
14166,505,2,1377.9,Kuala Lumpur,1,Lost / Dormant Low-Value
14167,39,8,7032.9,Selangor,2,"Champions (recent, frequent, high spend)"
14168,421,2,1467.3,Melaka,1,Lost / Dormant Low-Value
14169,431,2,3403.2,Perak,3,At-Risk High Value (lapsing loyal spender)
14170,375,3,3120.5,Selangor,3,At-Risk High Value (lapsing loyal spender)
14171,98,2,2174.2,Kuala Lumpur,0,"New / Promising (recent, low frequency & value)"
14172,605,3,2027.3,Kuala Lumpur,1,Lost / Dormant Low-Value
14173,11,6,2026.8,Johor,0,"New / Promising (recent, low frequency & value)"
14174,33,1,734.4,Kuala Lumpur,0,"New / Promising (recent, low frequency & value)"
14175,60,8,33807.9,Selangor,2,"Champions (recent, frequent, high spend)"
14176,297,5,3690.6,Kuala Lumpur,3,At-Risk High Value (lapsing loyal spender)
14177,86,12,8478.8,Sabah,2,"Champions (recent, frequent, high spend)"
14178,9,7,8465.5,Selangor,2,"Champions (recent, frequent, high spend)"
14179,41,2,3851.3,Johor,0,"New / Promising (recent, low frequency & value)"
14180,11,33,27747.1,Johor,2,"Champions (recent, frequent, high spend)"
14181,411,2,1692.0,Kuala Lumpur,1,Lost / Dormant Low-Value
14182,444,4,3173.4,Selangor,3,At-Risk High Value (lapsing loyal spender)
14183,411,2,1531.7,Selangor,1,Lost / Dormant Low-Value
14184,67,1,2492.6,Penang,0,"New / Promising (recent, low frequency & value)"
14185,331,1,180.3,Pahang,1,Lost / Dormant Low-Value
14186,427,5,8409.6,Kuala Lumpur,3,At-Risk High Value (lapsing loyal spender)
14187,474,1,677.3,Johor,1,Lost / Dormant Low-Value
14188,31,6,9754.2,Kedah,2,"Champions (recent, frequent, high spend)"
14189,2,16,25817.5,Perak,2,"Champions (recent, frequent, high spend)"
14191,2,15,23859.8,Selangor,2,"Champions (recent, frequent, high spend)"
14192,388,1,1345.2,Johor,1,Lost / Dormant Low-Value
14193,68,3,6212.1,Kuala Lumpur,3,At-Risk High Value (lapsing loyal spender)
14194,5,35,87968.7,Melaka,2,"Champions (recent, frequent, high spend)"
14195,252,1,219.6,Perak,1,Lost / Dormant Low-Value
14196,107,1,499.4,Selangor,1,Lost / Dormant Low-Value
14197,411,1,2139.0,Selangor,1,Lost / Dormant Low-Value
14198,18,9,8596.1,Selangor,2,"Champions (recent, frequent, high spend)"
14199,218,3,759.0,Selangor,1,Lost / Dormant Low-Value
14200,617,1,2087.1,Johor,1,Lost / Dormant Low-Value
14201,60,9,4987.7,Selangor,3,At-Risk High Value (lapsing loyal spender)
14202,381,3,2655.3,Selangor,3,At-Risk High Value (lapsing loyal spender)
14203,397,1,1136.9,Selangor,1,Lost / Dormant Low-Value
14204,2,4,5062.8,Selangor,0,"New / Promising (recent, low frequency & value)"
14205,17,9,11776.1,Perlis,2,"Champions (recent, frequent, high spend)"
14206,239,3,6208.9,Johor,3,At-Risk High Value (lapsing loyal spender)
14208,95,2,3134.3,Penang,3,At-Risk High Value (lapsing loyal spender)
14209,11,15,23562.2,Kuala Lumpur,2,"Champions (recent, frequent, high spend)"
14210,106,16,29200.8,Perak,2,"Champions (recent, frequent, high spend)"
14211,53,18,21928.1,Kuala Lumpur,2,"Champions (recent, frequent, high spend)"
14214,31,5,5509.2,Perak,0,"New / Promising (recent, low frequency & value)"
14215,12,9,16721.6,Kedah,2,"Champions (recent, frequent, high spend)"
14216,3,5,6784.8,Johor,0,"New / Promising (recent, low frequency & value)"
14217,2,23,15255.3,Selangor,2,"Champions (recent, frequent, high spend)"
14218,43,1,920.6,Kedah,0,"New / Promising (recent, low frequency & value)"
14219,4,3,3460.3,Perak,0,"New / Promising (recent, low frequency & value)"
14220,247,4,3262.1,Kuala Lumpur,3,At-Risk High Value (lapsing loyal spender)
14221,42,17,31855.7,Terengganu,2,"Champions (recent, frequent, high spend)"
14222,177,1,3766.1,Kuala Lumpur,1,Lost / Dormant Low-Value
14223,92,3,5434.2,Kuala Lumpur,3,At-Risk High Value (lapsing loyal spender)
14224,110,9,8115.3,Perak,3,At-Risk High Value (lapsing loyal spender)
14225,435,4,7849.1,Melaka,3,At-Risk High Value (lapsing loyal spender)
14226,29,6,7885.9,Selangor,0,"New / Promising (recent, low frequency & value)"
14227,26,15,34086.0,Sabah,2,"Champions (recent, frequent, high spend)"
14228,438,3,3648.5,Johor,3,At-Risk High Value (lapsing loyal spender)
14229,52,7,5914.1,Johor,3,At-Risk High Value (lapsing loyal spender)
14230,436,3,3208.2,Terengganu,3,At-Risk High Value (lapsing loyal spender)
14231,184,4,6332.5,Johor,3,At-Risk High Value (lapsing loyal spender)
14232,43,5,10436.8,Perak,3,At-Risk High Value (lapsing loyal spender)
14233,49,6,6483.1,Perak,3,At-Risk High Value (lapsing loyal spender)
14234,22,4,3884.1,Selangor,0,"New / Promising (recent, low frequency & value)"
14235,75,9,11146.8,Kuala Lumpur,3,At-Risk High Value (lapsing loyal spender)
14236,81,4,3281.0,Selangor,3,At-Risk High Value (lapsing loyal spender)
14237,373,2,2294.0,Sarawak,1,Lost / Dormant Low-Value
14238,326,3,1047.3,Selangor,1,Lost / Dormant Low-Value
14239,43,21,21304.7,Perak,2,"Champions (recent, frequent, high spend)"
14240,30,3,6106.9,Kuala Lumpur,0,"New / Promising (recent, low frequency & value)"
14241,184,1,806.4,Johor,1,Lost / Dormant Low-Value
14242,235,2,1540.4,Penang,1,Lost / Dormant Low-Value
14243,9,17,32914.0,Selangor,2,"Champions (recent, frequent, high spend)"
14244,661,1,1351.0,Selangor,1,Lost / Dormant Low-Value
14245,220,2,9264.6,Selangor,3,At-Risk High Value (lapsing loyal spender)
14246,111,3,8097.8,Sabah,3,At-Risk High Value (lapsing loyal spender)
14247,278,5,4144.7,Sarawak,3,At-Risk High Value (lapsing loyal spender)
14248,318,3,3513.7,Kuala Lumpur,3,At-Risk High Value (lapsing loyal spender)
14249,411,12,23785.5,Perak,3,At-Risk High Value (lapsing loyal spender)
14250,7,3,10472.1,Johor,0,"New / Promising (recent, low frequency & value)"
14251,2,5,6166.8,Johor,0,"New / Promising (recent, low frequency & value)"
14252,381,1,714.8,Johor,1,Lost / Dormant Low-Value
14253,493,2,814.4,Selangor,1,Lost / Dormant Low-Value
14254,433,1,1676.4,Selangor,1,Lost / Dormant Low-Value
14256,260,5,12589.3,Johor,3,At-Risk High Value (lapsing loyal spender)
14257,64,9,21881.4,Selangor,2,"Champions (recent, frequent, high spend)"
14258,90,15,4578.4,Kuala Lumpur,3,At-Risk High Value (lapsing loyal spender)
14259,142,1,656.6,Melaka,1,Lost / Dormant Low-Value
14260,471,3,4504.1,Selangor,3,At-Risk High Value (lapsing loyal spender)
14261,51,2,5159.7,Kuala Lumpur,0,"New / Promising (recent, low frequency & value)"
14262,8,8,12680.0,Selangor,2,"Champions (recent, frequent, high spend)"
14263,423,1,1774.9,Penang,1,Lost / Dormant Low-Value
14264,155,6,8059.7,Melaka,3,At-Risk High Value (lapsing loyal spender)
14265,109,4,7582.6,Selangor,3,At-Risk High Value (lapsing loyal spender)
14266,428,1,228.0,Perak,1,Lost / Dormant Low-Value
14267,163,3,5993.4,Selangor,3,At-Risk High Value (lapsing loyal spender)
14268,471,1,1945.4,Selangor,1,Lost / Dormant Low-Value
14269,439,1,1625.8,Sarawak,1,Lost / Dormant Low-Value
14270,332,1,2698.7,Kedah,1,Lost / Dormant Low-Value
14271,226,2,1185.3,Johor,1,Lost / Dormant Low-Value
14272,74,4,5027.4,Selangor,3,At-Risk High Value (lapsing loyal spender)
14273,51,4,3085.2,Kuala Lumpur,0,"New / Promising (recent, low frequency & value)"
14274,686,1,1409.8,Selangor,1,Lost / Dormant Low-Value
14275,396,5,850.0,Perak,1,Lost / Dormant Low-Value
14276,99,7,11302.6,Selangor,3,At-Risk High Value (lapsing loyal spender)
14277,15,8,23360.5,Penang,2,"Champions (recent, frequent, high spend)"
14278,410,1,847.6,Negeri Sembilan,1,Lost / Dormant Low-Value
14280,197,1,737.5,Sabah,1,Lost / Dormant Low-Value
14281,408,1,866.9,Selangor,1,Lost / Dormant Low-Value
14282,3,24,21473.3,Johor,2,"Champions (recent, frequent, high spend)"
14283,463,4,3466.0,Selangor,3,At-Risk High Value (lapsing loyal spender)
14284,31,3,6559.4,Kuala Lumpur,0,"New / Promising (recent, low frequency & value)"
14285,21,7,3512.1,Selangor,0,"New / Promising (recent, low frequency & value)"
14286,24,7,41299.0,Selangor,2,"Champions (recent, frequent, high spend)"
14287,8,3,944.8,Selangor,0,"New / Promising (recent, low frequency & value)"
14288,213,1,1427.6,Kedah,1,Lost / Dormant Low-Value
14289,9,6,4005.7999999999997,Johor,0,"New / Promising (recent, low frequency & value)"
14290,11,8,14149.0,Penang,2,"Champions (recent, frequent, high spend)"
14291,2,23,41999.5,Johor,2,"Champions (recent, frequent, high spend)"
14292,8,15,14742.0,Selangor,2,"Champions (recent, frequent, high spend)"
14293,3,9,9598.3,Johor,2,"Champions (recent, frequent, high spend)"
14294,407,1,2047.0,Kuala Lumpur,1,Lost / Dormant Low-Value
14295,40,5,6894.0,Johor,3,At-Risk High Value (lapsing loyal spender)
14296,421,2,2513.9,Selangor,1,Lost / Dormant Low-Value
14297,18,4,6848.8,Selangor,0,"New / Promising (recent, low frequency & value)"
14298,8,72,275469.7,Selangor,2,"Champions (recent, frequent, high spend)"
14299,8,25,24486.7,Selangor,2,"Champions (recent, frequent, high spend)"
14300,19,1,234.0,Selangor,0,"New / Promising (recent, low frequency & value)"
14301,117,4,3571.3,Selangor,3,At-Risk High Value (lapsing loyal spender)
14302,431,3,2448.8,Kuala Lumpur,3,At-Risk High Value (lapsing loyal spender)
14303,407,2,1521.4,Penang,1,Lost / Dormant Low-Value
14304,223,3,8687.4,Selangor,3,At-Risk High Value (lapsing loyal spender)
14305,71,3,8912.4,Selangor,3,At-Risk High Value (lapsing loyal spender)
14306,51,3,3195.5,Kuala Lumpur,0,"New / Promising (recent, low frequency & value)"
14307,89,10,22020.0,Johor,2,"Champions (recent, frequent, high spend)"
14309,8,11,16252.1,Selangor,2,"Champions (recent, frequent, high spend)"
14310,433,1,2689.2,Penang,1,Lost / Dormant Low-Value
14311,243,2,2496.7,Kuala Lumpur,1,Lost / Dormant Low-Value
14312,47,11,16543.1,Melaka,2,"Champions (recent, frequent, high spend)"
14314,107,2,481.6,Pahang,1,Lost / Dormant Low-Value
14315,45,8,13381.5,Pahang,2,"Champions (recent, frequent, high spend)"
14316,422,5,2572.2,Selangor,3,At-Risk High Value (lapsing loyal spender)
14317,65,1,2426.7,Sabah,0,"New / Promising (recent, low frequency & value)"
14318,460,1,861.8,Terengganu,1,Lost / Dormant Low-Value
14319,424,1,2700.2,Kedah,1,Lost / Dormant Low-Value
14320,207,5,7404.4,Johor,3,At-Risk High Value (lapsing loyal spender)
14321,11,7,11649.1,Johor,2,"Champions (recent, frequent, high spend)"
14322,429,4,1305.6,Selangor,1,Lost / Dormant Low-Value
14323,115,2,3316.2,Selangor,3,At-Risk High Value (lapsing loyal spender)
14324,410,2,3614.6,Kuala Lumpur,3,At-Risk High Value (lapsing loyal spender)
14325,570,1,1336.4,Selangor,1,Lost / Dormant Low-Value
14326,242,3,4843.0,Perlis,3,At-Risk High Value (lapsing loyal spender)
14327,163,6,9388.1,Penang,3,At-Risk High Value (lapsing loyal spender)
14329,17,15,51722.5,Selangor,2,"Champions (recent, frequent, high spend)"
14330,624,1,1102.7,Kuala Lumpur,1,Lost / Dormant Low-Value
14331,124,2,2547.3,Johor,3,At-Risk High Value (lapsing loyal spender)
14332,23,5,5455.6,Labuan,0,"New / Promising (recent, low frequency & value)"
14333,68,1,1171.6,Penang,1,Lost / Dormant Low-Value
14334,17,12,22069.9,Perak,2,"Champions (recent, frequent, high spend)"
14335,16,2,2534.4,Sabah,0,"New / Promising (recent, low frequency & value)"
14336,17,4,8241.7,Selangor,0,"New / Promising (recent, low frequency & value)"
14338,161,3,4484.1,Penang,3,At-Risk High Value (lapsing loyal spender)
14339,243,2,2220.7,Selangor,1,Lost / Dormant Low-Value
14340,219,1,733.0,Selangor,1,Lost / Dormant Low-Value
14341,45,18,23218.4,Kuala Lumpur,2,"Champions (recent, frequent, high spend)"
14342,21,6,2462.3,Selangor,0,"New / Promising (recent, low frequency & value)"
14343,421,4,5908.4,Penang,3,At-Risk High Value (lapsing loyal spender)
14344,127,20,14956.8,Selangor,2,"Champions (recent, frequent, high spend)"
14345,39,1,595.7,Johor,1,Lost / Dormant Low-Value
14346,121,5,12242.3,Sarawak,3,At-Risk High Value (lapsing loyal spender)
14347,737,1,449.6,Selangor,1,Lost / Dormant Low-Value
14348,260,1,1489.3,Selangor,1,Lost / Dormant Low-Value
14349,10,1,729.5,Selangor,0,"New / Promising (recent, low frequency & value)"
14350,274,3,5329.9,Negeri Sembilan,3,At-Risk High Value (lapsing loyal spender)
14352,157,4,5279.2,Johor,3,At-Risk High Value (lapsing loyal spender)
14353,215,3,2100.8,Selangor,3,At-Risk High Value (lapsing loyal spender)
14354,6,2,895.8000000000001,Selangor,0,"New / Promising (recent, low frequency & value)"
14355,366,3,4607.9,Johor,3,At-Risk High Value (lapsing loyal spender)
14356,80,2,2866.2,Kuala Lumpur,0,"New / Promising (recent, low frequency & value)"
14357,43,1,1231.4,Selangor,0,"New / Promising (recent, low frequency & value)"
14358,389,2,1918.8,Selangor,1,Lost / Dormant Low-Value
14359,19,3,5008.5,Pahang,0,"New / Promising (recent, low frequency & value)"
14360,32,4,10652.9,Sabah,0,"New / Promising (recent, low frequency & value)"
14361,579,1,1162.2,Terengganu,1,Lost / Dormant Low-Value
14362,22,1,825.5,Johor,0,"New / Promising (recent, low frequency & value)"
14363,402,2,358.4,Johor,1,Lost / Dormant Low-Value
14364,109,8,5169.9,Perak,3,At-Risk High Value (lapsing loyal spender)
14365,395,2,3541.1,Kuala Lumpur,3,At-Risk High Value (lapsing loyal spender)
14367,8,16,42716.4,Melaka,2,"Champions (recent, frequent, high spend)"
14368,320,1,852.6,Johor,1,Lost / Dormant Low-Value
14369,642,2,2276.3,Sarawak,1,Lost / Dormant Low-Value
14370,488,5,4465.1,Kuala Lumpur,3,At-Risk High Value (lapsing loyal spender)
14371,295,1,550.0,Kedah,1,Lost / Dormant Low-Value
14372,443,2,3914.7,Selangor,3,At-Risk High Value (lapsing loyal spender)
14373,358,1,418.8,Selangor,1,Lost / Dormant Low-Value
14374,541,1,594.7,Kuala Lumpur,1,Lost / Dormant Low-Value
14375,185,3,6063.1,Kuala Lumpur,3,At-Risk High Value (lapsing loyal spender)
14376,683,1,1187.8,Kuala Lumpur,1,Lost / Dormant Low-Value
14377,191,2,883.9,Selangor,1,Lost / Dormant Low-Value
14378,622,1,720.1,Putrajaya,1,Lost / Dormant Low-Value
14379,44,4,5870.1,Perak,0,"New / Promising (recent, low frequency & value)"
14381,52,2,3419.2,Perak,0,"New / Promising (recent, low frequency & value)"
14382,26,2,6512.3,Johor,0,"New / Promising (recent, low frequency & value)"
14383,38,3,5513.3,Penang,0,"New / Promising (recent, low frequency & value)"
14384,501,1,327.0,Kuala Lumpur,1,Lost / Dormant Low-Value
14385,9,3,1102.4,Kuala Lumpur,0,"New / Promising (recent, low frequency & value)"
14386,297,1,779.4,Selangor,1,Lost / Dormant Low-Value
14387,33,3,8808.9,Sarawak,0,"New / Promising (recent, low frequency & value)"
14388,10,16,34778.0,Penang,2,"Champions (recent, frequent, high spend)"
14389,65,5,8499.8,Perak,3,At-Risk High Value (lapsing loyal spender)
14390,10,13,24321.1,Selangor,2,"Champions (recent, frequent, high spend)"
14391,577,1,720.0,Selangor,1,Lost / Dormant Low-Value
14392,432,1,1133.4,Selangor,1,Lost / Dormant Low-Value
14393,218,1,373.9,Selangor,1,Lost / Dormant Low-Value
14394,565,1,517.0,Johor,1,Lost / Dormant Low-Value
14395,2,20,42079.0,Selangor,2,"Champions (recent, frequent, high spend)"
14396,65,7,10797.3,Selangor,3,At-Risk High Value (lapsing loyal spender)
14397,3,17,6912.2,Johor,2,"Champions (recent, frequent, high spend)"
14398,401,2,3629.3,Selangor,3,At-Risk High Value (lapsing loyal spender)
14399,394,8,8428.6,Selangor,3,At-Risk High Value (lapsing loyal spender)
14400,149,3,5838.3,Johor,3,At-Risk High Value (lapsing loyal spender)
14401,4,22,20274.9,Kuala Lumpur,2,"Champions (recent, frequent, high spend)"
14402,652,1,576.0,Sabah,1,Lost / Dormant Low-Value
14403,217,2,354.0,Kuala Lumpur,1,Lost / Dormant Low-Value
14404,34,12,10614.8,Penang,2,"Champions (recent, frequent, high spend)"
14406,119,1,857.1,Kuala Lumpur,1,Lost / Dormant Low-Value
14407,107,6,5363.6,Penang,3,At-Risk High Value (lapsing loyal spender)
14408,11,8,6560.5,Selangor,2,"Champions (recent, frequent, high spend)"
14409,71,7,10068.4,Negeri Sembilan,3,At-Risk High Value (lapsing loyal spender)
14410,92,11,13200.9,Johor,2,"Champions (recent, frequent, high spend)"
14412,43,3,7103.7,Kuala Lumpur,0,"New / Promising (recent, low frequency & value)"
14413,362,3,2294.6,Selangor,3,At-Risk High Value (lapsing loyal spender)
14414,92,8,9433.3,Melaka,3,At-Risk High Value (lapsing loyal spender)
14415,1,23,64844.9,Kuala Lumpur,2,"Champions (recent, frequent, high spend)"
14416,22,2,1045.0,Selangor,0,"New / Promising (recent, low frequency & value)"
14417,388,1,2877.3,Kuala Lumpur,1,Lost / Dormant Low-Value
14418,4,3,8860.2,Kuala Lumpur,0,"New / Promising (recent, low frequency & value)"
14419,11,7,6878.5,Selangor,2,"Champions (recent, frequent, high spend)"
14420,99,4,8611.1,Johor,3,At-Risk High Value (lapsing loyal spender)
14421,57,5,7674.9,Pahang,3,At-Risk High Value (lapsing loyal spender)
14422,1,19,52987.4,Sabah,2,"Champions (recent, frequent, high spend)"
14423,218,2,1000.6,Kuala Lumpur,1,Lost / Dormant Low-Value
14425,435,3,3618.6,Selangor,3,At-Risk High Value (lapsing loyal spender)
14426,24,17,50252.5,Johor,2,"Champions (recent, frequent, high spend)"
14427,50,4,4746.1,Melaka,0,"New / Promising (recent, low frequency & value)"
14428,7,5,6039.7,Selangor,0,"New / Promising (recent, low frequency & value)"
14429,404,1,2591.2,Sabah,1,Lost / Dormant Low-Value
14430,512,3,4704.2,Selangor,3,At-Risk High Value (lapsing loyal spender)
14431,303,4,7113.5,Johor,3,At-Risk High Value (lapsing loyal spender)
14432,10,6,11400.7,Kuala Lumpur,2,"Champions (recent, frequent, high spend)"
14433,466,1,1536.5,Sarawak,1,Lost / Dormant Low-Value
14435,502,1,459.0,Negeri Sembilan,1,Lost / Dormant Low-Value
14436,99,2,651.3,Selangor,1,Lost / Dormant Low-Value
14437,366,5,3800.2,Johor,3,At-Risk High Value (lapsing loyal spender)
14438,306,1,730.4,Kedah,1,Lost / Dormant Low-Value
14439,320,5,4060.0,Sarawak,3,At-Risk High Value (lapsing loyal spender)
14440,8,10,9714.8,Kuala Lumpur,2,"Champions (recent, frequent, high spend)"
14441,1,10,14413.5,Kuala Lumpur,2,"Champions (recent, frequent, high spend)"
14442,205,7,19080.0,Penang,3,At-Risk High Value (lapsing loyal spender)
14443,54,5,10931.1,Melaka,3,At-Risk High Value (lapsing loyal spender)
14444,456,1,656.6,Johor,1,Lost / Dormant Low-Value
14445,456,1,1215.5,Selangor,1,Lost / Dormant Low-Value
14446,1,5,6579.7,Penang,0,"New / Promising (recent, low frequency & value)"
14447,19,6,9426.2,Kuala Lumpur,2,"Champions (recent, frequent, high spend)"
14448,9,2,756.2,Sarawak,0,"New / Promising (recent, low frequency & value)"
14449,19,8,11675.5,Melaka,2,"Champions (recent, frequent, high spend)"
14450,181,7,5955.3,Selangor,3,At-Risk High Value (lapsing loyal spender)
14451,60,12,17838.6,Selangor,2,"Champions (recent, frequent, high spend)"
14452,11,4,3609.2,Kuala Lumpur,0,"New / Promising (recent, low frequency & value)"
14453,190,1,657.1,Johor,1,Lost / Dormant Low-Value
14454,376,5,4853.6,Labuan,3,At-Risk High Value (lapsing loyal spender)
14455,432,4,3345.9,Kuala Lumpur,3,At-Risk High Value (lapsing loyal spender)
14456,5,9,16590.8,Pahang,2,"Champions (recent, frequent, high spend)"
14457,311,1,379.6,Selangor,1,Lost / Dormant Low-Value
14458,381,1,1241.5,Selangor,1,Lost / Dormant Low-Value
14459,155,2,9069.4,Kedah,3,At-Risk High Value (lapsing loyal spender)
14460,110,8,4990.9,Selangor,3,At-Risk High Value (lapsing loyal spender)
14461,148,13,35112.4,Kuala Lumpur,2,"Champions (recent, frequent, high spend)"
14462,66,12,12309.2,Johor,2,"Champions (recent, frequent, high spend)"
14463,171,2,298.5,Johor,1,Lost / Dormant Low-Value
14464,568,1,280.7,Sabah,1,Lost / Dormant Low-Value
14465,247,11,8194.6,Selangor,3,At-Risk High Value (lapsing loyal spender)
14466,29,13,15972.5,Kuala Lumpur,2,"Champions (recent, frequent, high spend)"
14467,18,12,12015.7,Sabah,2,"Champions (recent, frequent, high spend)"
14468,734,1,1126.8,Sabah,1,Lost / Dormant Low-Value
14469,416,4,9884.8,Selangor,3,At-Risk High Value (lapsing loyal spender)
14470,12,3,3290.9,Selangor,0,"New / Promising (recent, low frequency & value)"
14471,591,2,2194.6,Perlis,1,Lost / Dormant Low-Value
14472,104,9,11402.7,Selangor,3,At-Risk High Value (lapsing loyal spender)
14473,74,1,816.2,Terengganu,1,Lost / Dormant Low-Value
14474,46,2,6911.7,Selangor,0,"New / Promising (recent, low frequency & value)"
14475,72,4,5204.5,Kuala Lumpur,3,At-Risk High Value (lapsing loyal spender)
14476,257,1,1053.3,Perak,1,Lost / Dormant Low-Value
14477,51,1,460.0,Johor,1,Lost / Dormant Low-Value
14478,382,4,4707.3,Perak,3,At-Risk High Value (lapsing loyal spender)
14479,254,4,6179.9,Selangor,3,At-Risk High Value (lapsing loyal spender)
14480,11,4,6580.1,Sabah,0,"New / Promising (recent, low frequency & value)"
14481,165,5,11435.5,Kuala Lumpur,3,At-Risk High Value (lapsing loyal spender)
14482,18,10,9753.3,Sabah,2,"Champions (recent, frequent, high spend)"
14483,282,2,1422.1,Sabah,1,Lost / Dormant Low-Value
14484,50,4,5670.5,Sabah,3,At-Risk High Value (lapsing loyal spender)
14485,39,1,894.5,Penang,0,"New / Promising (recent, low frequency & value)"
14486,512,2,981.0,Selangor,1,Lost / Dormant Low-Value
14487,27,7,6670.6,Selangor,2,"Champions (recent, frequent, high spend)"
14488,68,1,4293.7,Johor,0,"New / Promising (recent, low frequency & value)"
14489,207,4,8601.1,Kuala Lumpur,3,At-Risk High Value (lapsing loyal spender)
14490,406,2,6626.7,Selangor,3,At-Risk High Value (lapsing loyal spender)
14491,175,2,1354.4,Kuala Lumpur,1,Lost / Dormant Low-Value
14492,430,7,9062.4,Selangor,3,At-Risk High Value (lapsing loyal spender)
14493,7,10,24796.5,Selangor,2,"Champions (recent, frequent, high spend)"
14494,26,2,1576.2,Selangor,0,"New / Promising (recent, low frequency & value)"
14495,51,2,683.0,Selangor,0,"New / Promising (recent, low frequency & value)"
14496,312,7,9797.2,Selangor,3,At-Risk High Value (lapsing loyal spender)
14497,309,2,3828.0,Selangor,3,At-Risk High Value (lapsing loyal spender)
14498,43,10,17170.8,Johor,2,"Champions (recent, frequent, high spend)"
14499,26,7,11484.0,Selangor,2,"Champions (recent, frequent, high spend)"
14500,88,2,347.0,Perak,1,Lost / Dormant Low-Value
14501,184,2,1389.7,Kuala Lumpur,1,Lost / Dormant Low-Value
14502,20,9,12296.3,Penang,2,"Champions (recent, frequent, high spend)"
14503,3,6,14154.9,Selangor,2,"Champions (recent, frequent, high spend)"
14504,47,4,3721.3,Perak,0,"New / Promising (recent, low frequency & value)"
14505,17,19,60802.4,Melaka,2,"Champions (recent, frequent, high spend)"
14506,17,7,15679.3,Selangor,2,"Champions (recent, frequent, high spend)"
14507,40,10,15231.6,Kuala Lumpur,2,"Champions (recent, frequent, high spend)"
14508,22,5,4523.1,Sabah,0,"New / Promising (recent, low frequency & value)"
14509,534,1,608.0,Sabah,1,Lost / Dormant Low-Value
14510,376,3,4259.8,Sabah,3,At-Risk High Value (lapsing loyal spender)
14511,11,5,6941.6,Kedah,0,"New / Promising (recent, low frequency & value)"
14512,188,7,5735.2,Selangor,3,At-Risk High Value (lapsing loyal spender)
14513,207,5,891.8,Kuala Lumpur,1,Lost / Dormant Low-Value
14514,61,9,19832.6,Johor,2,"Champions (recent, frequent, high spend)"
14515,18,12,13404.2,Selangor,2,"Champions (recent, frequent, high spend)"
14516,516,1,828.1,Penang,1,Lost / Dormant Low-Value
14517,33,2,1817.0,Selangor,0,"New / Promising (recent, low frequency & value)"
14518,64,1,950.7,Kuala Lumpur,1,Lost / Dormant Low-Value
14519,684,2,1119.8,Kedah,1,Lost / Dormant Low-Value
14520,2,1,236.0,Kuala Lumpur,0,"New / Promising (recent, low frequency & value)"
14521,491,1,1081.8,Selangor,1,Lost / Dormant Low-Value
14522,92,6,2658.7,Penang,3,At-Risk High Value (lapsing loyal spender)
14523,108,1,1059.0,Johor,1,Lost / Dormant Low-Value
14524,32,13,13732.1,Melaka,2,"Champions (recent, frequent, high spend)"
14525,20,17,28345.9,Kuala Lumpur,2,"Champions (recent, frequent, high spend)"
14526,389,1,1414.6,Kuala Lumpur,1,Lost / Dormant Low-Value
14527,3,122,122932.2,Kuala Lumpur,2,"Champions (recent, frequent, high spend)"
14528,37,1,1751.6,Johor,0,"New / Promising (recent, low frequency & value)"
14529,60,3,3166.2,Putrajaya,0,"New / Promising (recent, low frequency & value)"
14530,26,16,28901.0,Selangor,2,"Champions (recent, frequent, high spend)"
14531,480,1,2050.0,Penang,1,Lost / Dormant Low-Value
14532,236,11,16286.5,Selangor,3,At-Risk High Value (lapsing loyal spender)
14533,25,10,7692.1,Kuala Lumpur,2,"Champions (recent, frequent, high spend)"
14534,3,26,30282.9,Kuala Lumpur,2,"Champions (recent, frequent, high spend)"
14535,60,9,31650.4,Selangor,2,"Champions (recent, frequent, high spend)"
14536,260,1,658.5,Kuala Lumpur,1,Lost / Dormant Low-Value
14537,58,2,2429.3,Selangor,0,"New / Promising (recent, low frequency & value)"
14538,65,5,4692.0,Penang,3,At-Risk High Value (lapsing loyal spender)
14539,16,2,2981.0,Penang,0,"New / Promising (recent, low frequency & value)"
14540,10,11,17832.2,Johor,2,"Champions (recent, frequent, high spend)"
14541,59,14,11127.9,Selangor,2,"Champions (recent, frequent, high spend)"
14542,186,1,569.8,Sarawak,1,Lost / Dormant Low-Value
14543,29,33,10324.0,Sarawak,2,"Champions (recent, frequent, high spend)"
14544,24,3,11813.4,Pahang,0,"New / Promising (recent, low frequency & value)"
14545,674,1,1952.2,Perak,1,Lost / Dormant Low-Value
14546,5,11,28430.6,Kuala Lumpur,2,"Champions (recent, frequent, high spend)"
14547,4,8,20433.1,Negeri Sembilan,2,"Champions (recent, frequent, high spend)"
14548,571,6,4908.6,Sarawak,3,At-Risk High Value (lapsing loyal spender)
14549,311,4,5021.0,Selangor,3,At-Risk High Value (lapsing loyal spender)
14550,11,4,5183.9,Selangor,0,"New / Promising (recent, low frequency & value)"
14551,18,7,4154.8,Selangor,0,"New / Promising (recent, low frequency & value)"
14552,152,3,2782.0,Selangor,3,At-Risk High Value (lapsing loyal spender)
14553,19,9,8312.4,Kuala Lumpur,2,"Champions (recent, frequent, high spend)"
14554,10,4,10953.5,Kuala Lumpur,0,"New / Promising (recent, low frequency & value)"
14555,57,6,10203.9,Kuala Lumpur,3,At-Risk High Value (lapsing loyal spender)
14556,596,3,4473.8,Kuala Lumpur,3,At-Risk High Value (lapsing loyal spender)
14557,85,1,730.0,Kedah,1,Lost / Dormant Low-Value
14558,654,2,1021.4,Putrajaya,1,Lost / Dormant Low-Value
14559,390,1,162.0,Johor,1,Lost / Dormant Low-Value
14560,7,39,18526.2,Selangor,2,"Champions (recent, frequent, high spend)"
14561,76,3,5852.7,Kuala Lumpur,3,At-Risk High Value (lapsing loyal spender)
14562,4,25,30553.5,Kuala Lumpur,2,"Champions (recent, frequent, high spend)"
14563,510,2,3529.2,Sarawak,3,At-Risk High Value (lapsing loyal spender)
14564,435,2,11052.8,Kuala Lumpur,3,At-Risk High Value (lapsing loyal spender)
14565,96,5,16233.5,Selangor,3,At-Risk High Value (lapsing loyal spender)
14567,57,2,2310.0,Selangor,0,"New / Promising (recent, low frequency & value)"
14568,435,1,3922.7,Selangor,1,Lost / Dormant Low-Value
14569,1,4,1446.4,Johor,0,"New / Promising (recent, low frequency & value)"
14570,281,3,2156.6,Selangor,3,At-Risk High Value (lapsing loyal spender)
14571,425,1,876.8,Kuala Lumpur,1,Lost / Dormant Low-Value
14572,3,11,26432.5,Selangor,2,"Champions (recent, frequent, high spend)"
14573,180,13,11614.0,Selangor,3,At-Risk High Value (lapsing loyal spender)
14574,733,1,539.6,Selangor,1,Lost / Dormant Low-Value
14575,488,1,2303.3,Selangor,1,Lost / Dormant Low-Value
14576,372,1,192.0,Selangor,1,Lost / Dormant Low-Value
14577,13,7,7183.8,Kuala Lumpur,2,"Champions (recent, frequent, high spend)"
14578,3,1,917.6,Sabah,0,"New / Promising (recent, low frequency & value)"
14579,432,1,581.0,Selangor,1,Lost / Dormant Low-Value
14580,518,1,81.0,Negeri Sembilan,1,Lost / Dormant Low-Value
14581,17,2,2241.3,Selangor,0,"New / Promising (recent, low frequency & value)"
14582,41,1,624.3,Selangor,1,Lost / Dormant Low-Value
14583,6,8,9073.9,Sabah,2,"Champions (recent, frequent, high spend)"
14584,169,8,9183.6,Kuala Lumpur,3,At-Risk High Value (lapsing loyal spender)
14585,50,5,4023.2,Pahang,0,"New / Promising (recent, low frequency & value)"
14586,277,1,1312.8,Perak,1,Lost / Dormant Low-Value
14587,19,9,8644.9,Selangor,2,"Champions (recent, frequent, high spend)"
14588,578,1,744.9,Sabah,1,Lost / Dormant Low-Value
14589,372,1,219.5,Kuala Lumpur,1,Lost / Dormant Low-Value
14590,425,19,9037.4,Sabah,3,At-Risk High Value (lapsing loyal spender)
14591,15,4,6630.4,Kuala Lumpur,0,"New / Promising (recent, low frequency & value)"
14592,35,3,3071.2,Selangor,0,"New / Promising (recent, low frequency & value)"
14593,22,12,19358.7,Selangor,2,"Champions (recent, frequent, high spend)"
14594,7,2,1984.3,Penang,0,"New / Promising (recent, low frequency & value)"
14595,20,8,11265.8,Selangor,2,"Champions (recent, frequent, high spend)"
14596,627,1,1214.2,Melaka,1,Lost / Dormant Low-Value
14597,11,5,3264.5,Kedah,0,"New / Promising (recent, low frequency & value)"
14598,44,2,2098.7,Selangor,0,"New / Promising (recent, low frequency & value)"
14599,390,2,2519.6,Perak,1,Lost / Dormant Low-Value
14600,306,2,4734.0,Selangor,3,At-Risk High Value (lapsing loyal spender)
14601,11,1,674.4,Selangor,0,"New / Promising (recent, low frequency & value)"
14602,656,1,1124.5,Johor,1,Lost / Dormant Low-Value
14604,633,1,792.9,Selangor,1,Lost / Dormant Low-Value
14605,374,4,4218.9,Kuala Lumpur,3,At-Risk High Value (lapsing loyal spender)
14606,1,191,153366.7,Penang,2,"Champions (recent, frequent, high spend)"
14607,19,7,10281.9,Johor,2,"Champions (recent, frequent, high spend)"
14608,4,9,1546.5,Selangor,0,"New / Promising (recent, low frequency & value)"
14609,522,2,387.0,Selangor,1,Lost / Dormant Low-Value
14610,396,2,131.9,Selangor,1,Lost / Dormant Low-Value
14611,444,2,3340.4,Selangor,1,Lost / Dormant Low-Value
14612,415,1,512.4,Kedah,1,Lost / Dormant Low-Value
14614,386,1,1627.2,Penang,1,Lost / Dormant Low-Value
14615,394,5,4940.7,Selangor,3,At-Risk High Value (lapsing loyal spender)
14616,285,1,60.0,Kuala Lumpur,1,Lost / Dormant Low-Value
14617,403,2,748.4,Selangor,1,Lost / Dormant Low-Value
14618,9,7,4454.6,Selangor,0,"New / Promising (recent, low frequency & value)"
14619,246,2,5829.4,Selangor,3,At-Risk High Value (lapsing loyal spender)
14620,206,2,2269.6,Selangor,1,Lost / Dormant Low-Value
14621,1,9,15249.7,Selangor,2,"Champions (recent, frequent, high spend)"
14622,185,1,1765.8,Selangor,1,Lost / Dormant Low-Value
14623,32,10,10428.1,Penang,2,"Champions (recent, frequent, high spend)"
14624,57,6,4219.0,Kuala Lumpur,3,At-Risk High Value (lapsing loyal spender)
14625,196,11,23669.7,Kuala Lumpur,3,At-Risk High Value (lapsing loyal spender)
14626,24,11,21772.8,Melaka,2,"Champions (recent, frequent, high spend)"
14627,379,1,2555.4,Sabah,1,Lost / Dormant Low-Value
14628,91,5,8284.4,Selangor,3,At-Risk High Value (lapsing loyal spender)
14629,4,2,5260.2,Selangor,0,"New / Promising (recent, low frequency & value)"
14630,484,1,1860.1,Selangor,1,Lost / Dormant Low-Value
14631,51,6,8033.3,Selangor,3,At-Risk High Value (lapsing loyal spender)
14632,263,1,624.8,Johor,1,Lost / Dormant Low-Value
14633,266,1,1886.5,Johor,1,Lost / Dormant Low-Value
14634,438,4,9883.3,Kuala Lumpur,3,At-Risk High Value (lapsing loyal spender)
14635,454,1,1178.6,Johor,1,Lost / Dormant Low-Value
14636,36,2,3096.8,Penang,0,"New / Promising (recent, low frequency & value)"
14637,677,1,584.8,Penang,1,Lost / Dormant Low-Value
14638,51,1,1604.0,Sarawak,0,"New / Promising (recent, low frequency & value)"
14639,52,9,26492.7,Johor,2,"Champions (recent, frequent, high spend)"
14640,24,10,18376.8,Perak,2,"Champions (recent, frequent, high spend)"
14641,22,1,598.8,Selangor,0,"New / Promising (recent, low frequency & value)"
14642,59,1,108.0,Selangor,1,Lost / Dormant Low-Value
14643,170,5,4879.4,Selangor,3,At-Risk High Value (lapsing loyal spender)
14644,68,7,5655.8,Kuala Lumpur,3,At-Risk High Value (lapsing loyal spender)
14645,157,3,3996.9,Kelantan,3,At-Risk High Value (lapsing loyal spender)
14646,2,87,62301.3,Selangor,2,"Champions (recent, frequent, high spend)"
14647,201,2,1902.8,Johor,1,Lost / Dormant Low-Value
14648,416,15,20298.8,Selangor,3,At-Risk High Value (lapsing loyal spender)
14649,5,9,17574.9,Perak,2,"Champions (recent, frequent, high spend)"
14650,589,1,347.0,Johor,1,Lost / Dormant Low-Value
14651,67,9,9768.1,Johor,3,At-Risk High Value (lapsing loyal spender)
14652,77,1,623.5,Kelantan,1,Lost / Dormant Low-Value
14653,1,11,17022.7,Selangor,2,"Champions (recent, frequent, high spend)"
14654,738,1,1368.3,Johor,1,Lost / Dormant Low-Value
14655,8,7,8826.5,Kuala Lumpur,2,"Champions (recent, frequent, high spend)"
14656,169,5,4329.4,Penang,3,At-Risk High Value (lapsing loyal spender)
14657,18,6,7964.4,Penang,0,"New / Promising (recent, low frequency & value)"
14658,5,2,1355.9,Pahang,0,"New / Promising (recent, low frequency & value)"
14659,9,9,13856.8,Penang,2,"Champions (recent, frequent, high spend)"
14660,87,2,863.0,Sarawak,1,Lost / Dormant Low-Value
14661,27,1,226.1,Selangor,1,Lost / Dormant Low-Value
14662,29,7,7352.7,Selangor,2,"Champions (recent, frequent, high spend)"
14663,430,2,2435.0,Penang,1,Lost / Dormant Low-Value
14664,20,2,3488.2999999999997,Negeri Sembilan,0,"New / Promising (recent, low frequency & value)"
14665,61,6,12890.0,Melaka,3,At-Risk High Value (lapsing loyal spender)
14666,24,1,1065.6,Selangor,0,"New / Promising (recent, low frequency & value)"
14667,11,54,87673.4,Melaka,2,"Champions (recent, frequent, high spend)"
14668,445,1,613.6,Melaka,1,Lost / Dormant Low-Value
14669,242,7,17593.9,Selangor,3,At-Risk High Value (lapsing loyal spender)
14670,280,3,3187.6,Kedah,3,At-Risk High Value (lapsing loyal spender)
14671,549,2,4955.9,Melaka,3,At-Risk High Value (lapsing loyal spender)
14672,235,4,5607.8,Selangor,3,At-Risk High Value (lapsing loyal spender)
14673,3,7,14063.2,Selangor,2,"Champions (recent, frequent, high spend)"
14674,509,1,955.9,Penang,1,Lost / Dormant Low-Value
14675,16,2,5250.1,Selangor,0,"New / Promising (recent, low frequency & value)"
14676,31,8,6902.4,Sabah,2,"Champions (recent, frequent, high spend)"
14677,593,1,1001.3,Selangor,1,Lost / Dormant Low-Value
14678,579,1,1966.4,Johor,1,Lost / Dormant Low-Value
14679,382,3,6164.2,Sabah,3,At-Risk High Value (lapsing loyal spender)
14680,25,52,82220.3,Perak,2,"Champions (recent, frequent, high spend)"
14681,212,4,1411.8,Penang,1,Lost / Dormant Low-Value
14682,188,6,8311.4,Selangor,3,At-Risk High Value (lapsing loyal spender)
14683,588,1,798.1,Selangor,1,Lost / Dormant Low-Value
14684,26,6,7468.7,Sarawak,0,"New / Promising (recent, low frequency & value)"
14685,576,6,10864.5,Selangor,3,At-Risk High Value (lapsing loyal spender)
14686,414,5,4676.0,Johor,3,At-Risk High Value (lapsing loyal spender)
14687,107,3,3917.8,Johor,3,At-Risk High Value (lapsing loyal spender)
14688,8,27,25728.1,Penang,2,"Champions (recent, frequent, high spend)"
14689,209,1,616.7,Kuala Lumpur,1,Lost / Dormant Low-Value
14690,44,4,3973.1,Kedah,0,"New / Promising (recent, low frequency & value)"
14691,31,4,5658.2,Selangor,0,"New / Promising (recent, low frequency & value)"
14692,137,12,7882.5,Sarawak,3,At-Risk High Value (lapsing loyal spender)
14693,265,7,3665.1,Selangor,3,At-Risk High Value (lapsing loyal spender)
14694,617,1,1325.2,Kuala Lumpur,1,Lost / Dormant Low-Value
14695,519,3,5777.3,Selangor,3,At-Risk High Value (lapsing loyal spender)
14696,4,8,13032.6,Kuala Lumpur,2,"Champions (recent, frequent, high spend)"
14697,218,2,1030.6,Sabah,1,Lost / Dormant Low-Value
14698,2,5,6673.1,Selangor,0,"New / Promising (recent, low frequency & value)"
14699,214,4,3823.7,Selangor,3,At-Risk High Value (lapsing loyal spender)
14700,32,5,11921.8,Kuala Lumpur,3,At-Risk High Value (lapsing loyal spender)
14701,11,15,20005.4,Kuala Lumpur,2,"Champions (recent, frequent, high spend)"
14702,1,29,33225.5,Sarawak,2,"Champions (recent, frequent, high spend)"
14703,15,1,1742.3,Sabah,0,"New / Promising (recent, low frequency & value)"
14704,11,11,9575.1,Selangor,2,"Champions (recent, frequent, high spend)"
14706,619,1,1764.1,Selangor,1,Lost / Dormant Low-Value
14708,3,4,3185.5,Kuala Lumpur,0,"New / Promising (recent, low frequency & value)"
14709,15,25,44474.9,Selangor,2,"Champions (recent, frequent, high spend)"
14710,14,13,10411.0,Johor,2,"Champions (recent, frequent, high spend)"
14711,10,11,10855.1,Selangor,2,"Champions (recent, frequent, high spend)"
14712,75,2,1011.9,Penang,1,Lost / Dormant Low-Value
14713,9,21,25963.9,Sabah,2,"Champions (recent, frequent, high spend)"
14714,24,4,4523.1,Selangor,0,"New / Promising (recent, low frequency & value)"
14715,25,7,7115.7,Selangor,2,"Champions (recent, frequent, high spend)"
14716,43,3,2689.7,Penang,0,"New / Promising (recent, low frequency & value)"
14717,733,1,450.3,Kuala Lumpur,1,Lost / Dormant Low-Value
14718,410,1,1235.6,Selangor,1,Lost / Dormant Low-Value
14719,2,5,8685.8,Kuala Lumpur,0,"New / Promising (recent, low frequency & value)"
14720,6,3,3319.7,Kuala Lumpur,0,"New / Promising (recent, low frequency & value)"
14721,379,1,595.6,Selangor,1,Lost / Dormant Low-Value
14722,147,3,2677.9,Penang,3,At-Risk High Value (lapsing loyal spender)
14723,10,11,9873.3,Johor,2,"Champions (recent, frequent, high spend)"
14724,590,1,1865.7,Selangor,1,Lost / Dormant Low-Value
14725,25,4,6171.1,Kuala Lumpur,0,"New / Promising (recent, low frequency & value)"
14726,655,1,634.5,Selangor,1,Lost / Dormant Low-Value
14727,274,3,1675.4,Perak,1,Lost / Dormant Low-Value
14728,413,1,1042.0,Selangor,1,Lost / Dormant Low-Value
14729,374,3,3213.5,Selangor,3,At-Risk High Value (lapsing loyal spender)
14730,1,8,10431.1,Pahang,2,"Champions (recent, frequent, high spend)"
14731,47,3,2099.9,Melaka,0,"New / Promising (recent, low frequency & value)"
14732,8,19,25818.0,Perak,2,"Champions (recent, frequent, high spend)"
14733,16,14,23131.5,Kuala Lumpur,2,"Champions (recent, frequent, high spend)"
14734,426,4,5791.4,Selangor,3,At-Risk High Value (lapsing loyal spender)
14735,4,51,33090.0,Selangor,2,"Champions (recent, frequent, high spend)"
14736,485,2,2054.7,Johor,1,Lost / Dormant Low-Value
14737,4,3,2567.4,Selangor,0,"New / Promising (recent, low frequency & value)"
14738,43,9,8397.7,Penang,2,"Champions (recent, frequent, high spend)"
14739,4,24,14243.1,Kuala Lumpur,2,"Champions (recent, frequent, high spend)"
14740,197,11,20741.7,Kuala Lumpur,3,At-Risk High Value (lapsing loyal spender)
14741,12,7,6745.6,Kuala Lumpur,2,"Champions (recent, frequent, high spend)"
14742,435,1,3170.1,Kuala Lumpur,1,Lost / Dormant Low-Value
14743,593,1,278.0,Johor,1,Lost / Dormant Low-Value
14744,16,12,7092.6,Selangor,2,"Champions (recent, frequent, high spend)"
14745,113,12,12509.4,Selangor,2,"Champions (recent, frequent, high spend)"
14746,416,2,606.4,Johor,1,Lost / Dormant Low-Value
14747,249,1,1798.3,Selangor,1,Lost / Dormant Low-Value
14748,29,10,14615.8,Selangor,2,"Champions (recent, frequent, high spend)"
14749,480,1,1744.0,Kuala Lumpur,1,Lost / Dormant Low-Value
14750,736,1,617.7,Perak,1,Lost / Dormant Low-Value
14751,684,2,684.9,Negeri Sembilan,1,Lost / Dormant Low-Value
14752,44,1,380.0,Johor,1,Lost / Dormant Low-Value
14753,87,2,4777.1,Selangor,3,At-Risk High Value (lapsing loyal spender)
14754,45,6,8529.4,Kuala Lumpur,3,At-Risk High Value (lapsing loyal spender)
14755,10,25,47597.5,Penang,2,"Champions (recent, frequent, high spend)"
14756,15,3,11497.7,Kuala Lumpur,0,"New / Promising (recent, low frequency & value)"
14757,75,1,2313.2,Kuala Lumpur,0,"New / Promising (recent, low frequency & value)"
14758,145,7,15100.8,Kuala Lumpur,3,At-Risk High Value (lapsing loyal spender)
14759,5,3,8921.7,Kuala Lumpur,0,"New / Promising (recent, low frequency & value)"
14760,297,1,485.6,Johor,1,Lost / Dormant Low-Value
14761,59,3,1925.0,Selangor,0,"New / Promising (recent, low frequency & value)"
14762,264,2,2300.4,Sarawak,1,Lost / Dormant Low-Value
14764,47,1,439.2,Kuala Lumpur,1,Lost / Dormant Low-Value
14765,29,3,1408.5,Perak,0,"New / Promising (recent, low frequency & value)"
14766,8,11,30174.0,Selangor,2,"Champions (recent, frequent, high spend)"
14767,474,1,1765.0,Selangor,1,Lost / Dormant Low-Value
14768,127,1,436.0,Kuala Lumpur,1,Lost / Dormant Low-Value
14769,3,17,81416.5,Selangor,2,"Champions (recent, frequent, high spend)"
14770,232,8,18681.9,Johor,3,At-Risk High Value (lapsing loyal spender)
14771,621,2,3288.3,Johor,1,Lost / Dormant Low-Value
14772,112,1,765.6,Sarawak,1,Lost / Dormant Low-Value
14773,593,1,769.0,Kuala Lumpur,1,Lost / Dormant Low-Value
14774,529,1,1321.8,Kuala Lumpur,1,Lost / Dormant Low-Value
14775,58,3,4737.6,Negeri Sembilan,0,"New / Promising (recent, low frequency & value)"
14776,51,15,17351.0,Kuala Lumpur,2,"Champions (recent, frequent, high spend)"
14777,404,1,1675.6,Sarawak,1,Lost / Dormant Low-Value
14778,127,2,2882.8,Kuala Lumpur,3,At-Risk High Value (lapsing loyal spender)
14779,281,3,2119.6,Penang,3,At-Risk High Value (lapsing loyal spender)
14780,55,2,2451.3,Selangor,0,"New / Promising (recent, low frequency & value)"
14782,320,1,600.0,Selangor,1,Lost / Dormant Low-Value
14783,659,1,1677.6,Negeri Sembilan,1,Lost / Dormant Low-Value
14784,26,3,2461.7,Selangor,0,"New / Promising (recent, low frequency & value)"
14785,10,2,435.6,Johor,0,"New / Promising (recent, low frequency & value)"
14786,550,1,494.4,Negeri Sembilan,1,Lost / Dormant Low-Value
14787,471,1,606.9,Selangor,1,Lost / Dormant Low-Value
14788,7,3,5266.3,Selangor,0,"New / Promising (recent, low frequency & value)"
14789,29,1,772.4,Selangor,0,"New / Promising (recent, low frequency & value)"
14790,17,10,12677.1,Selangor,2,"Champions (recent, frequent, high spend)"
14791,607,1,1666.3,Selangor,1,Lost / Dormant Low-Value
14792,64,1,34.4,Johor,1,Lost / Dormant Low-Value
14793,21,2,3450.5,Kuala Lumpur,0,"New / Promising (recent, low frequency & value)"
14794,3,10,8537.3,Negeri Sembilan,2,"Champions (recent, frequent, high spend)"
14795,166,1,725.9,Penang,1,Lost / Dormant Low-Value
14796,1,27,51594.0,Negeri Sembilan,2,"Champions (recent, frequent, high spend)"
14797,507,1,1646.6,Selangor,1,Lost / Dormant Low-Value
14798,53,8,3969.2,Kelantan,3,At-Risk High Value (lapsing loyal spender)
14799,51,2,1826.2,Perlis,0,"New / Promising (recent, low frequency & value)"
14800,48,17,34681.5,Kuala Lumpur,2,"Champions (recent, frequent, high spend)"
14801,61,1,1030.7,Kuala Lumpur,1,Lost / Dormant Low-Value
14803,162,3,1379.5,Sabah,1,Lost / Dormant Low-Value
14804,9,1,785.0,Melaka,0,"New / Promising (recent, low frequency & value)"
14805,15,7,5539.1,Selangor,0,"New / Promising (recent, low frequency & value)"
14806,75,2,1734.9,Johor,0,"New / Promising (recent, low frequency & value)"
14807,391,2,2200.1,Selangor,1,Lost / Dormant Low-Value
14808,40,7,10739.7,Penang,2,"Champions (recent, frequent, high spend)"
14809,621,2,2139.2,Pahang,1,Lost / Dormant Low-Value
14810,41,13,12936.6,Pahang,2,"Champions (recent, frequent, high spend)"
14811,387,1,936.1,Penang,1,Lost / Dormant Low-Value
14812,599,1,980.1,Kuala Lumpur,1,Lost / Dormant Low-Value
14813,370,4,4637.1,Johor,3,At-Risk High Value (lapsing loyal spender)
14814,581,1,843.0,Selangor,1,Lost / Dormant Low-Value
14815,37,2,4243.4,Sarawak,0,"New / Promising (recent, low frequency & value)"
14816,197,1,120.69999999999999,Selangor,1,Lost / Dormant Low-Value
14817,200,7,19012.1,Perak,3,At-Risk High Value (lapsing loyal spender)
14818,74,6,5508.1,Selangor,3,At-Risk High Value (lapsing loyal spender)
14819,64,4,1972.9,Perak,0,"New / Promising (recent, low frequency & value)"
14820,21,9,5866.9,Sarawak,2,"Champions (recent, frequent, high spend)"
14821,367,5,4751.7,Sarawak,3,At-Risk High Value (lapsing loyal spender)
14822,485,1,858.4,Penang,1,Lost / Dormant Low-Value
14823,180,3,1761.5,Sarawak,1,Lost / Dormant Low-Value
14824,10,10,14930.2,Melaka,2,"Champions (recent, frequent, high spend)"
14825,4,24,23830.4,Johor,2,"Champions (recent, frequent, high spend)"
14826,582,2,787.8,Kuala Lumpur,1,Lost / Dormant Low-Value
14828,197,9,1694.0,Sarawak,3,At-Risk High Value (lapsing loyal spender)
14829,29,7,8042.1,Kuala Lumpur,2,"Champions (recent, frequent, high spend)"
14830,53,1,1038.2,Selangor,1,Lost / Dormant Low-Value
14831,680,3,8341.7,Selangor,3,At-Risk High Value (lapsing loyal spender)
14833,499,1,520.6,Selangor,1,Lost / Dormant Low-Value
14834,18,7,8921.7,Pahang,2,"Champions (recent, frequent, high spend)"
14836,10,3,566.3,Kuala Lumpur,0,"New / Promising (recent, low frequency & value)"
14837,90,9,18306.5,Johor,2,"Champions (recent, frequent, high spend)"
14838,423,2,3415.6,Selangor,3,At-Risk High Value (lapsing loyal spender)
14839,418,3,5135.5,Johor,3,At-Risk High Value (lapsing loyal spender)
14840,268,2,1984.1,Selangor,1,Lost / Dormant Low-Value
14841,53,14,34361.7,Kuala Lumpur,2,"Champions (recent, frequent, high spend)"
14842,44,4,13247.2,Johor,3,At-Risk High Value (lapsing loyal spender)
14843,437,1,876.0,Kuala Lumpur,1,Lost / Dormant Low-Value
14844,64,10,25889.1,Kuala Lumpur,2,"Champions (recent, frequent, high spend)"
14846,427,1,1013.5,Selangor,1,Lost / Dormant Low-Value
14847,149,3,5887.0,Johor,3,At-Risk High Value (lapsing loyal spender)
14848,405,1,873.6,Selangor,1,Lost / Dormant Low-Value
14849,22,42,70863.8,Selangor,2,"Champions (recent, frequent, high spend)"
14850,312,5,8155.0,Selangor,3,At-Risk High Value (lapsing loyal spender)
14851,23,3,3483.9,Sarawak,0,"New / Promising (recent, low frequency & value)"
14852,58,18,30610.7,Selangor,2,"Champions (recent, frequent, high spend)"
14853,24,5,2557.6,Selangor,0,"New / Promising (recent, low frequency & value)"
14854,78,11,18417.1,Selangor,2,"Champions (recent, frequent, high spend)"
14855,119,7,16844.1,Selangor,3,At-Risk High Value (lapsing loyal spender)
14856,36,3,5633.2,Perak,0,"New / Promising (recent, low frequency & value)"
14857,60,7,19970.2,Selangor,2,"Champions (recent, frequent, high spend)"
14858,506,1,995.8,Selangor,1,Lost / Dormant Low-Value
14859,13,5,7886.6,Kedah,0,"New / Promising (recent, low frequency & value)"
14860,19,1,928.8,Pahang,0,"New / Promising (recent, low frequency & value)"
14861,52,10,7300.0,Johor,2,"Champions (recent, frequent, high spend)"
14862,26,2,4569.4,Penang,0,"New / Promising (recent, low frequency & value)"
14863,29,1,1111.2,Kuala Lumpur,0,"New / Promising (recent, low frequency & value)"
14865,7,4,502.8,Selangor,0,"New / Promising (recent, low frequency & value)"
14866,11,8,1909.6,Selangor,0,"New / Promising (recent, low frequency & value)"
14867,186,16,14790.0,Penang,2,"Champions (recent, frequent, high spend)"
14868,3,12,20019.6,Sabah,2,"Champions (recent, frequent, high spend)"
14869,9,6,15032.3,Kuala Lumpur,2,"Champions (recent, frequent, high spend)"
14870,262,5,5245.2,Johor,3,At-Risk High Value (lapsing loyal spender)
14871,3,9,6750.5,Penang,2,"Champions (recent, frequent, high spend)"
14872,484,3,3784.3,Sabah,3,At-Risk High Value (lapsing loyal spender)
14873,210,2,4684.7,Selangor,3,At-Risk High Value (lapsing loyal spender)
14874,535,1,629.0,Penang,1,Lost / Dormant Low-Value
14875,108,3,7732.0,Kuala Lumpur,3,At-Risk High Value (lapsing loyal spender)
14876,561,1,1113.8,Penang,1,Lost / Dormant Low-Value
14877,418,2,2333.9,Penang,1,Lost / Dormant Low-Value
14878,13,24,18382.9,Selangor,2,"Champions (recent, frequent, high spend)"
14879,685,1,1022.3,Selangor,1,Lost / Dormant Low-Value
14880,77,3,3819.0,Negeri Sembilan,3,At-Risk High Value (lapsing loyal spender)
14881,20,1,1390.8,Selangor,0,"New / Promising (recent, low frequency & value)"
14882,27,11,4072.3,Kuala Lumpur,2,"Champions (recent, frequent, high spend)"
14883,19,6,4157.1,Johor,0,"New / Promising (recent, low frequency & value)"
14884,669,1,662.2,Perak,1,Lost / Dormant Low-Value
14885,132,2,2034.0,Johor,1,Lost / Dormant Low-Value
14886,253,1,1997.8,Selangor,1,Lost / Dormant Low-Value
14888,207,1,2029.2,Sarawak,1,Lost / Dormant Low-Value
14889,336,1,738.0,Kuala Lumpur,1,Lost / Dormant Low-Value
14890,254,3,4492.8,Selangor,3,At-Risk High Value (lapsing loyal spender)
14891,148,4,6065.3,Johor,3,At-Risk High Value (lapsing loyal spender)
14892,691,1,1110.6,Pahang,1,Lost / Dormant Low-Value
14893,10,3,9941.7,Kuala Lumpur,0,"New / Promising (recent, low frequency & value)"
14894,85,3,4170.6,Labuan,3,At-Risk High Value (lapsing loyal spender)
14895,8,35,86029.8,Kuala Lumpur,2,"Champions (recent, frequent, high spend)"
14896,205,8,9992.7,Selangor,3,At-Risk High Value (lapsing loyal spender)
14897,8,8,13282.6,Kuala Lumpur,2,"Champions (recent, frequent, high spend)"
14898,23,14,15872.7,Selangor,2,"Champions (recent, frequent, high spend)"
14899,395,1,6860.3,Selangor,3,At-Risk High Value (lapsing loyal spender)
14900,522,1,72.0,Selangor,1,Lost / Dormant Low-Value
14901,11,12,8693.8,Selangor,2,"Champions (recent, frequent, high spend)"
14902,26,3,5666.8,Selangor,0,"New / Promising (recent, low frequency & value)"
14903,21,5,15057.9,Selangor,2,"Champions (recent, frequent, high spend)"
14904,2,4,7018.3,Kuala Lumpur,0,"New / Promising (recent, low frequency & value)"
14905,158,8,6452.1,Kuala Lumpur,3,At-Risk High Value (lapsing loyal spender)
14907,3,16,26217.2,Johor,2,"Champions (recent, frequent, high spend)"
14908,74,2,1399.6,Selangor,0,"New / Promising (recent, low frequency & value)"
14909,437,3,7696.2,Kuala Lumpur,3,At-Risk High Value (lapsing loyal spender)
14910,3,4,2383.9,Selangor,0,"New / Promising (recent, low frequency & value)"
14911,1,365,965981.8,Perak,2,"Champions (recent, frequent, high spend)"
14912,17,6,6542.0,Selangor,0,"New / Promising (recent, low frequency & value)"
14913,36,8,19736.9,Pahang,2,"Champions (recent, frequent, high spend)"
14915,91,11,9020.4,Selangor,3,At-Risk High Value (lapsing loyal spender)
14916,71,8,10341.3,Perak,3,At-Risk High Value (lapsing loyal spender)
14917,597,2,2534.6,Penang,1,Lost / Dormant Low-Value
14918,116,8,10172.6,Selangor,3,At-Risk High Value (lapsing loyal spender)
14919,539,1,888.0,Kedah,1,Lost / Dormant Low-Value
14920,213,3,8805.0,Selangor,3,At-Risk High Value (lapsing loyal spender)
14921,30,2,6946.7,Penang,0,"New / Promising (recent, low frequency & value)"
14922,394,2,4637.9,Johor,3,At-Risk High Value (lapsing loyal spender)
14923,51,1,3846.3,Kuala Lumpur,0,"New / Promising (recent, low frequency & value)"
14924,246,3,2600.6,Perlis,3,At-Risk High Value (lapsing loyal spender)
14927,397,1,1683.0,Selangor,1,Lost / Dormant Low-Value
14928,628,1,1257.1,Selangor,1,Lost / Dormant Low-Value
14929,32,2,3019.6,Selangor,0,"New / Promising (recent, low frequency & value)"
14930,109,6,26187.5,Selangor,3,At-Risk High Value (lapsing loyal spender)
14931,5,4,3947.0,Negeri Sembilan,0,"New / Promising (recent, low frequency & value)"
14932,366,2,3095.4,Kuala Lumpur,1,Lost / Dormant Low-Value
14934,82,5,16398.8,Selangor,3,At-Risk High Value (lapsing loyal spender)
14935,620,1,960.0,Selangor,1,Lost / Dormant Low-Value
14936,34,12,51512.8,Penang,2,"Champions (recent, frequent, high spend)"
14937,57,2,3510.0,Selangor,0,"New / Promising (recent, low frequency & value)"
14938,562,2,6307.6,Johor,3,At-Risk High Value (lapsing loyal spender)
14940,418,2,2914.3,Selangor,1,Lost / Dormant Low-Value
14941,579,1,547.8,Johor,1,Lost / Dormant Low-Value
14942,402,4,1557.4,Selangor,1,Lost / Dormant Low-Value
14943,663,1,591.6,Johor,1,Lost / Dormant Low-Value
14944,30,19,28810.0,Kelantan,2,"Champions (recent, frequent, high spend)"
14945,414,1,975.6,Negeri Sembilan,1,Lost / Dormant Low-Value
14946,14,1,555.4,Sabah,0,"New / Promising (recent, low frequency & value)"
14947,72,6,4921.9,Johor,3,At-Risk High Value (lapsing loyal spender)
14948,23,6,5696.9,Selangor,0,"New / Promising (recent, low frequency & value)"
14949,469,4,2825.9,Selangor,3,At-Risk High Value (lapsing loyal spender)
14950,19,1,1760.6,Sarawak,0,"New / Promising (recent, low frequency & value)"
14951,79,1,1694.4,Selangor,1,Lost / Dormant Low-Value
14952,60,24,19895.7,Selangor,2,"Champions (recent, frequent, high spend)"
14953,25,4,5330.6,Selangor,0,"New / Promising (recent, low frequency & value)"
14954,12,2,2551.2,Putrajaya,0,"New / Promising (recent, low frequency & value)"
14955,733,1,596.7,Selangor,1,Lost / Dormant Low-Value
14957,253,2,1040.8,Selangor,1,Lost / Dormant Low-Value
14958,147,6,5174.0,Selangor,3,At-Risk High Value (lapsing loyal spender)
14959,64,4,3522.2,Kedah,3,At-Risk High Value (lapsing loyal spender)
14960,8,2,837.9,Selangor,0,"New / Promising (recent, low frequency & value)"
14961,11,21,64859.3,Sabah,2,"Champions (recent, frequent, high spend)"
14962,271,3,1272.9,Selangor,1,Lost / Dormant Low-Value
14963,10,12,15112.7,Kuala Lumpur,2,"Champions (recent, frequent, high spend)"
14964,247,1,568.0,Sarawak,1,Lost / Dormant Low-Value
14965,96,1,2591.5,Johor,1,Lost / Dormant Low-Value
14966,15,6,5316.6,Sarawak,0,"New / Promising (recent, low frequency & value)"
14967,50,5,1566.3,Johor,0,"New / Promising (recent, low frequency & value)"
14968,30,2,2748.2,Kuala Lumpur,0,"New / Promising (recent, low frequency & value)"
14969,704,1,868.8,Selangor,1,Lost / Dormant Low-Value
14970,68,9,4487.6,Kuala Lumpur,3,At-Risk High Value (lapsing loyal spender)
14971,35,3,6019.5,Kuala Lumpur,0,"New / Promising (recent, low frequency & value)"
14972,128,2,796.5,Johor,1,Lost / Dormant Low-Value
14973,107,3,3115.1,Kuala Lumpur,3,At-Risk High Value (lapsing loyal spender)
14974,37,1,492.7,Kuala Lumpur,1,Lost / Dormant Low-Value
14975,57,2,1792.9,Sabah,0,"New / Promising (recent, low frequency & value)"
14976,57,7,3795.9,Penang,3,At-Risk High Value (lapsing loyal spender)
14977,726,1,174.5,Selangor,1,Lost / Dormant Low-Value
14978,72,10,15841.6,Sabah,2,"Champions (recent, frequent, high spend)"
14979,735,1,2351.7,Sabah,1,Lost / Dormant Low-Value
14980,737,1,821.4,Selangor,1,Lost / Dormant Low-Value
14981,246,2,2043.1,Kuala Lumpur,1,Lost / Dormant Low-Value
14982,572,1,1307.1,Selangor,1,Lost / Dormant Low-Value
14983,689,1,1000.0,Selangor,1,Lost / Dormant Low-Value
14984,19,4,2190.3,Kedah,0,"New / Promising (recent, low frequency & value)"
14985,198,2,1592.2,Kuala Lumpur,1,Lost / Dormant Low-Value
14986,376,2,3079.6,Selangor,1,Lost / Dormant Low-Value
14987,381,3,112.8,Negeri Sembilan,1,Lost / Dormant Low-Value
14988,212,7,10504.7,Penang,3,At-Risk High Value (lapsing loyal spender)
14989,662,1,1873.6,Selangor,1,Lost / Dormant Low-Value
14990,612,2,1091.5,Johor,1,Lost / Dormant Low-Value
14991,430,1,1715.0,Selangor,1,Lost / Dormant Low-Value
14992,442,1,1155.0,Selangor,1,Lost / Dormant Low-Value
14993,564,1,198.5,Penang,1,Lost / Dormant Low-Value
14994,382,5,5210.2,Selangor,3,At-Risk High Value (lapsing loyal spender)
14995,39,2,1273.5,Selangor,0,"New / Promising (recent, low frequency & value)"
14996,481,2,2419.2,Selangor,1,Lost / Dormant Low-Value
14997,46,4,3438.0,Perlis,0,"New / Promising (recent, low frequency & value)"
14998,170,4,3898.5,Selangor,3,At-Risk High Value (lapsing loyal spender)
14999,593,1,709.6,Sarawak,1,Lost / Dormant Low-Value
15000,48,1,2686.5,Selangor,0,"New / Promising (recent, low frequency & value)"
15001,394,2,1090.8,Sarawak,1,Lost / Dormant Low-Value
15002,116,9,20945.7,Penang,3,At-Risk High Value (lapsing loyal spender)
15003,473,6,5175.1,Selangor,3,At-Risk High Value (lapsing loyal spender)
15004,147,1,6091.5,Selangor,3,At-Risk High Value (lapsing loyal spender)
15005,16,56,75235.4,Penang,2,"Champions (recent, frequent, high spend)"
15006,51,2,4155.3,Sarawak,0,"New / Promising (recent, low frequency & value)"
15007,159,1,859.3,Johor,1,Lost / Dormant Low-Value
15008,480,2,720.0,Kuala Lumpur,1,Lost / Dormant Low-Value
15009,12,3,6662.4,Kuala Lumpur,0,"New / Promising (recent, low frequency & value)"
15010,36,1,1686.1,Kelantan,0,"New / Promising (recent, low frequency & value)"
15011,396,2,1997.6,Selangor,1,Lost / Dormant Low-Value
15012,54,3,3537.5,Kuala Lumpur,0,"New / Promising (recent, low frequency & value)"
15013,488,10,8504.5,Penang,3,At-Risk High Value (lapsing loyal spender)
15014,43,2,965.3,Kuala Lumpur,0,"New / Promising (recent, low frequency & value)"
15015,501,13,11619.6,Johor,3,At-Risk High Value (lapsing loyal spender)
15016,173,5,3403.9,Kuala Lumpur,3,At-Risk High Value (lapsing loyal spender)
15017,34,1,686.7,Melaka,0,"New / Promising (recent, low frequency & value)"
15018,39,3,2445.2,Johor,0,"New / Promising (recent, low frequency & value)"
15019,267,1,1385.9,Kuala Lumpur,1,Lost / Dormant Low-Value
15020,379,1,1082.1,Kuala Lumpur,1,Lost / Dormant Low-Value
15021,9,12,13701.9,Perak,2,"Champions (recent, frequent, high spend)"
15022,12,5,5347.4,Selangor,0,"New / Promising (recent, low frequency & value)"
15023,3,20,55313.3,Selangor,2,"Champions (recent, frequent, high spend)"
15024,10,15,17690.1,Perak,2,"Champions (recent, frequent, high spend)"
15025,33,2,5404.2,Kuala Lumpur,0,"New / Promising (recent, low frequency & value)"
15026,80,5,5339.4,Negeri Sembilan,3,At-Risk High Value (lapsing loyal spender)
15027,31,10,8254.0,Negeri Sembilan,2,"Champions (recent, frequent, high spend)"
15028,8,6,4087.6,Kuala Lumpur,0,"New / Promising (recent, low frequency & value)"
15029,620,1,1139.2,Selangor,1,Lost / Dormant Low-Value
15030,268,6,1713.4,Johor,3,At-Risk High Value (lapsing loyal spender)
15031,4,14,15114.6,Selangor,2,"Champions (recent, frequent, high spend)"
15032,256,6,3007.5,Sarawak,3,At-Risk High Value (lapsing loyal spender)
15033,5,10,13221.9,Selangor,2,"Champions (recent, frequent, high spend)"
15034,16,14,36895.0,Penang,2,"Champions (recent, frequent, high spend)"
15035,90,1,1358.3,Kuala Lumpur,1,Lost / Dormant Low-Value
15036,72,3,2358.4,Negeri Sembilan,0,"New / Promising (recent, low frequency & value)"
15037,376,2,1499.2,Selangor,1,Lost / Dormant Low-Value
15038,59,9,6015.8,Selangor,3,At-Risk High Value (lapsing loyal spender)
15039,10,90,146410.7,Kelantan,2,"Champions (recent, frequent, high spend)"
15040,542,1,41.0,Kuala Lumpur,1,Lost / Dormant Low-Value
15041,170,2,1589.8,Kuala Lumpur,1,Lost / Dormant Low-Value
15042,199,2,487.2,Pahang,1,Lost / Dormant Low-Value
15043,473,4,1769.3,Sabah,3,At-Risk High Value (lapsing loyal spender)
15044,19,32,76452.7,Selangor,2,"Champions (recent, frequent, high spend)"
15045,152,2,444.0,Selangor,1,Lost / Dormant Low-Value
15046,9,25,22842.3,Penang,2,"Champions (recent, frequent, high spend)"
15047,270,1,1883.8,Johor,1,Lost / Dormant Low-Value
15048,65,4,2095.5,Kuala Lumpur,0,"New / Promising (recent, low frequency & value)"
15049,274,1,217.0,Perak,1,Lost / Dormant Low-Value
15050,25,5,11203.7,Perak,0,"New / Promising (recent, low frequency & value)"
15051,23,9,16495.8,Kuala Lumpur,2,"Champions (recent, frequent, high spend)"
15052,319,1,698.0,Kedah,1,Lost / Dormant Low-Value
15053,5,3,3461.6,Kuala Lumpur,0,"New / Promising (recent, low frequency & value)"
15054,12,2,1657.9,Johor,0,"New / Promising (recent, low frequency & value)"
15055,475,3,2759.0,Kuala Lumpur,3,At-Risk High Value (lapsing loyal spender)
15056,520,1,620.5,Melaka,1,Lost / Dormant Low-Value
15057,275,5,5305.4,Perak,3,At-Risk High Value (lapsing loyal spender)
15058,25,16,17071.9,Negeri Sembilan,2,"Champions (recent, frequent, high spend)"
15059,41,19,18813.6,Negeri Sembilan,2,"Champions (recent, frequent, high spend)"
15060,8,4,1607.4,Johor,0,"New / Promising (recent, low frequency & value)"
15061,4,69,34498.1,Kuala Lumpur,2,"Champions (recent, frequent, high spend)"
15062,71,8,14259.0,Selangor,3,At-Risk High Value (lapsing loyal spender)
15063,213,1,633.8,Penang,1,Lost / Dormant Low-Value
15064,410,4,6342.4,Selangor,3,At-Risk High Value (lapsing loyal spender)
15065,38,5,15731.4,Perak,3,At-Risk High Value (lapsing loyal spender)
15066,53,1,4012.8,Sabah,0,"New / Promising (recent, low frequency & value)"
15067,78,5,15506.6,Kuala Lumpur,3,At-Risk High Value (lapsing loyal spender)
15068,46,4,6208.8,Selangor,0,"New / Promising (recent, low frequency & value)"
15069,179,1,6121.0,Johor,3,At-Risk High Value (lapsing loyal spender)
15070,591,2,3154.9,Selangor,1,Lost / Dormant Low-Value
15071,94,4,4648.4,Negeri Sembilan,3,At-Risk High Value (lapsing loyal spender)
15072,479,1,1019.2,Selangor,1,Lost / Dormant Low-Value
15073,10,8,14014.6,Kuala Lumpur,2,"Champions (recent, frequent, high spend)"
15074,105,3,6782.0,Kuala Lumpur,3,At-Risk High Value (lapsing loyal spender)
15075,78,1,2429.6,Kedah,0,"New / Promising (recent, low frequency & value)"
15076,173,3,7418.6,Melaka,3,At-Risk High Value (lapsing loyal spender)
15077,495,2,1294.8,Selangor,1,Lost / Dormant Low-Value
15078,7,53,91008.3,Selangor,2,"Champions (recent, frequent, high spend)"
15079,213,9,12678.3,Penang,3,At-Risk High Value (lapsing loyal spender)
15080,428,2,2987.3,Selangor,1,Lost / Dormant Low-Value
15081,22,12,9298.4,Pahang,2,"Champions (recent, frequent, high spend)"
15082,669,1,510.0,Sarawak,1,Lost / Dormant Low-Value
15083,257,1,485.0,Johor,1,Lost / Dormant Low-Value
15084,380,2,2521.0,Kedah,1,Lost / Dormant Low-Value
15085,730,1,755.3,Kuala Lumpur,1,Lost / Dormant Low-Value
15086,565,2,1199.6,Kuala Lumpur,1,Lost / Dormant Low-Value
15087,282,1,1351.4,Selangor,1,Lost / Dormant Low-Value
15088,21,2,5674.5,Johor,0,"New / Promising (recent, low frequency & value)"
15089,10,6,11930.0,Selangor,2,"Champions (recent, frequent, high spend)"
15090,308,1,2090.8,Perak,1,Lost / Dormant Low-Value
15091,68,3,4534.5,Kuala Lumpur,3,At-Risk High Value (lapsing loyal spender)
15092,215,3,4263.0,Selangor,3,At-Risk High Value (lapsing loyal spender)
15093,18,17,20935.1,Johor,2,"Champions (recent, frequent, high spend)"
15094,463,2,454.0,Sarawak,1,Lost / Dormant Low-Value
15095,104,10,12623.7,Selangor,3,At-Risk High Value (lapsing loyal spender)
15096,43,1,944.0,Sabah,0,"New / Promising (recent, low frequency & value)"
15097,4,3,3213.3,Pahang,0,"New / Promising (recent, low frequency & value)"
15099,84,1,1559.6,Selangor,1,Lost / Dormant Low-Value
15100,387,2,1023.6,Selangor,1,Lost / Dormant Low-Value
15101,9,6,5087.4,Selangor,0,"New / Promising (recent, low frequency & value)"
15102,531,2,2390.1,Sabah,1,Lost / Dormant Low-Value
15103,31,2,3401.2,Selangor,0,"New / Promising (recent, low frequency & value)"
15104,197,2,5509.6,Perak,3,At-Risk High Value (lapsing loyal spender)
15105,18,9,12995.0,Selangor,2,"Champions (recent, frequent, high spend)"
15106,18,5,7769.3,Kuala Lumpur,0,"New / Promising (recent, low frequency & value)"
15107,311,9,3691.0,Johor,3,At-Risk High Value (lapsing loyal spender)
15108,142,3,5986.7,Selangor,3,At-Risk High Value (lapsing loyal spender)
15109,246,3,5118.0,Kuala Lumpur,3,At-Risk High Value (lapsing loyal spender)
15110,24,6,4657.6,Selangor,0,"New / Promising (recent, low frequency & value)"
15111,29,5,13412.0,Kuala Lumpur,2,"Champions (recent, frequent, high spend)"
15112,611,1,545.4,Johor,1,Lost / Dormant Low-Value
15113,10,2,6651.4,Selangor,0,"New / Promising (recent, low frequency & value)"
15114,30,12,18380.0,Kuala Lumpur,2,"Champions (recent, frequent, high spend)"
15115,18,2,2933.6,Johor,0,"New / Promising (recent, low frequency & value)"
15116,18,4,3986.1,Negeri Sembilan,0,"New / Promising (recent, low frequency & value)"
15117,15,8,10808.7,Selangor,2,"Champions (recent, frequent, high spend)"
15119,246,1,1463.8,Penang,1,Lost / Dormant Low-Value
15120,134,1,1993.2,Perak,1,Lost / Dormant Low-Value
15121,50,2,2501.8,Selangor,0,"New / Promising (recent, low frequency & value)"
15122,114,11,22354.1,Melaka,2,"Champions (recent, frequent, high spend)"
15123,7,5,16060.1,Kuala Lumpur,2,"Champions (recent, frequent, high spend)"
15124,23,4,2470.8,Melaka,0,"New / Promising (recent, low frequency & value)"
15125,113,14,12797.9,Selangor,2,"Champions (recent, frequent, high spend)"
15126,537,2,2213.0,Johor,1,Lost / Dormant Low-Value
15127,66,2,2783.9,Melaka,0,"New / Promising (recent, low frequency & value)"
15128,60,5,9477.5,Kuala Lumpur,3,At-Risk High Value (lapsing loyal spender)
15129,50,22,17933.4,Selangor,2,"Champions (recent, frequent, high spend)"
15130,170,1,1800.0,Terengganu,1,Lost / Dormant Low-Value
15131,395,1,435.8,Selangor,1,Lost / Dormant Low-Value
15132,18,5,4408.4,Johor,0,"New / Promising (recent, low frequency & value)"
15133,128,5,3876.2,Penang,3,At-Risk High Value (lapsing loyal spender)
15134,15,10,7628.9,Selangor,2,"Champions (recent, frequent, high spend)"
15135,239,2,1680.7,Negeri Sembilan,1,Lost / Dormant Low-Value
15136,3,4,6506.2,Selangor,0,"New / Promising (recent, low frequency & value)"
15137,521,2,3594.8,Perak,3,At-Risk High Value (lapsing loyal spender)
15138,394,1,2756.5,Sarawak,1,Lost / Dormant Low-Value
15139,240,2,973.8,Selangor,1,Lost / Dormant Low-Value
15140,52,8,12217.3,Selangor,2,"Champions (recent, frequent, high spend)"
15141,458,7,7639.2,Sarawak,3,At-Risk High Value (lapsing loyal spender)
15142,46,6,12449.6,Kuala Lumpur,3,At-Risk High Value (lapsing loyal spender)
15143,226,2,3080.6,Selangor,3,At-Risk High Value (lapsing loyal spender)
15144,8,24,31038.4,Johor,2,"Champions (recent, frequent, high spend)"
15145,4,4,5670.3,Kuala Lumpur,0,"New / Promising (recent, low frequency & value)"
15146,165,2,6892.6,Selangor,3,At-Risk High Value (lapsing loyal spender)
15147,240,1,2653.8,Pahang,1,Lost / Dormant Low-Value
15148,11,1,1643.9,Kuala Lumpur,0,"New / Promising (recent, low frequency & value)"
15149,134,5,5893.0,Selangor,3,At-Risk High Value (lapsing loyal spender)
15150,17,13,48825.2,Sabah,2,"Champions (recent, frequent, high spend)"
15151,423,2,5400.0,Johor,3,At-Risk High Value (lapsing loyal spender)
15152,10,14,28468.0,Selangor,2,"Champions (recent, frequent, high spend)"
15153,31,1,1797.7,Kuala Lumpur,0,"New / Promising (recent, low frequency & value)"
15154,75,3,7365.8,Sarawak,3,At-Risk High Value (lapsing loyal spender)
15155,383,1,2120.5,Penang,1,Lost / Dormant Low-Value
15156,1,3,4534.0,Selangor,0,"New / Promising (recent, low frequency & value)"
15157,4,5,12328.6,Selangor,2,"Champions (recent, frequent, high spend)"
15158,45,2,735.8,Kedah,0,"New / Promising (recent, low frequency & value)"
15159,2,34,68791.5,Terengganu,2,"Champions (recent, frequent, high spend)"
15160,357,4,2352.4,Johor,3,At-Risk High Value (lapsing loyal spender)
15161,388,1,651.4,Johor,1,Lost / Dormant Low-Value
15162,731,1,1351.6,Johor,1,Lost / Dormant Low-Value
15163,18,2,1287.2,Penang,0,"New / Promising (recent, low frequency & value)"
15164,69,9,11124.9,Penang,3,At-Risk High Value (lapsing loyal spender)
15165,373,1,2674.4,Penang,1,Lost / Dormant Low-Value
15166,468,1,911.6,Sabah,1,Lost / Dormant Low-Value
15167,321,5,8464.5,Sarawak,3,At-Risk High Value (lapsing loyal spender)
15168,26,1,321.4,Putrajaya,0,"New / Promising (recent, low frequency & value)"
15169,382,2,3121.0,Sarawak,1,Lost / Dormant Low-Value
15170,407,1,445.5,Kuala Lumpur,1,Lost / Dormant Low-Value
15172,9,5,8873.8,Melaka,0,"New / Promising (recent, low frequency & value)"
15173,381,7,7603.3,Kuala Lumpur,3,At-Risk High Value (lapsing loyal spender)
15174,323,2,2649.0,Kelantan,1,Lost / Dormant Low-Value
15175,72,1,1232.6,Selangor,1,Lost / Dormant Low-Value
15176,668,1,5114.8,Selangor,1,Lost / Dormant Low-Value
15177,426,1,2836.3,Kuala Lumpur,1,Lost / Dormant Low-Value
15178,260,1,223.0,Penang,1,Lost / Dormant Low-Value
15179,18,11,29203.9,Selangor,2,"Champions (recent, frequent, high spend)"
15180,367,3,4489.8,Selangor,3,At-Risk High Value (lapsing loyal spender)
15181,66,2,1200.0,Selangor,0,"New / Promising (recent, low frequency & value)"
15182,154,11,12979.5,Selangor,3,At-Risk High Value (lapsing loyal spender)
15183,548,3,3004.9,Sabah,3,At-Risk High Value (lapsing loyal spender)
15184,29,4,3772.1,Selangor,0,"New / Promising (recent, low frequency & value)"
15185,70,1,1244.0,Penang,1,Lost / Dormant Low-Value
15186,14,5,5597.4,Selangor,0,"New / Promising (recent, low frequency & value)"
15187,2,10,7275.9,Selangor,2,"Champions (recent, frequent, high spend)"
15188,725,1,1703.5,Selangor,1,Lost / Dormant Low-Value
15189,4,34,12288.5,Selangor,2,"Champions (recent, frequent, high spend)"
15190,434,1,4309.5,Penang,1,Lost / Dormant Low-Value
15191,463,3,3216.9,Kuala Lumpur,3,At-Risk High Value (lapsing loyal spender)
15192,120,5,7588.5,Sarawak,3,At-Risk High Value (lapsing loyal spender)
15193,61,1,1961.7,Sabah,0,"New / Promising (recent, low frequency & value)"
15194,3,28,44162.8,Sarawak,2,"Champions (recent, frequent, high spend)"
15196,433,2,1712.6,Kuala Lumpur,1,Lost / Dormant Low-Value
15197,11,6,4478.2,Selangor,0,"New / Promising (recent, low frequency & value)"
15198,92,5,2645.8,Sabah,3,At-Risk High Value (lapsing loyal spender)
15199,236,6,3384.2,Selangor,3,At-Risk High Value (lapsing loyal spender)
15200,495,1,2753.2,Kuala Lumpur,1,Lost / Dormant Low-Value
15201,87,7,9276.3,Selangor,3,At-Risk High Value (lapsing loyal spender)
15203,26,15,24280.9,Selangor,2,"Champions (recent, frequent, high spend)"
15204,357,1,802.8,Sarawak,1,Lost / Dormant Low-Value
15205,85,2,3107.1,Selangor,0,"New / Promising (recent, low frequency & value)"
15206,146,2,288.0,Perak,1,Lost / Dormant Low-Value
15207,416,3,2640.0,Selangor,3,At-Risk High Value (lapsing loyal spender)
15208,1,6,4423.6,Kuala Lumpur,0,"New / Promising (recent, low frequency & value)"
15209,730,1,980.8,Kedah,1,Lost / Dormant Low-Value
15210,225,3,5682.1,Kuala Lumpur,3,At-Risk High Value (lapsing loyal spender)
15211,60,2,4906.4,Selangor,0,"New / Promising (recent, low frequency & value)"
15212,241,2,1143.2,Selangor,1,Lost / Dormant Low-Value
15213,319,2,1808.3,Johor,1,Lost / Dormant Low-Value
15214,2,8,9137.1,Perak,2,"Champions (recent, frequent, high spend)"
15215,47,6,10658.7,Kuala Lumpur,3,At-Risk High Value (lapsing loyal spender)
15216,88,2,2316.0,Penang,0,"New / Promising (recent, low frequency & value)"
15217,563,1,2329.8,Kuala Lumpur,1,Lost / Dormant Low-Value
15218,11,19,32540.7,Penang,2,"Champions (recent, frequent, high spend)"
15219,176,2,2830.6,Perak,3,At-Risk High Value (lapsing loyal spender)
15220,52,6,9281.1,Selangor,3,At-Risk High Value (lapsing loyal spender)
15221,407,2,906.2,Selangor,1,Lost / Dormant Low-Value
15222,473,10,11739.0,Penang,3,At-Risk High Value (lapsing loyal spender)
15223,226,5,2556.0,Terengganu,3,At-Risk High Value (lapsing loyal spender)
15224,358,5,2741.9,Melaka,3,At-Risk High Value (lapsing loyal spender)
15225,234,1,2240.4,Selangor,1,Lost / Dormant Low-Value
15226,311,1,845.0,Johor,1,Lost / Dormant Low-Value
15227,37,9,12881.5,Selangor,2,"Champions (recent, frequent, high spend)"
15228,66,6,23550.5,Selangor,3,At-Risk High Value (lapsing loyal spender)
15229,586,1,880.8,Kedah,1,Lost / Dormant Low-Value
15230,241,1,1738.5,Kuala Lumpur,1,Lost / Dormant Low-Value
15231,621,1,1375.2,Johor,1,Lost / Dormant Low-Value
15232,113,2,3029.0,Selangor,3,At-Risk High Value (lapsing loyal spender)
15234,277,1,1077.4,Kuala Lumpur,1,Lost / Dormant Low-Value
15235,218,16,15192.6,Sabah,3,At-Risk High Value (lapsing loyal spender)
15236,299,1,1290.4,Negeri Sembilan,1,Lost / Dormant Low-Value
15237,2,4,7801.7,Selangor,0,"New / Promising (recent, low frequency & value)"
15238,29,3,3981.4,Selangor,0,"New / Promising (recent, low frequency & value)"
15239,10,2,4296.7,Penang,0,"New / Promising (recent, low frequency & value)"
15240,45,12,19285.3,Johor,2,"Champions (recent, frequent, high spend)"
15241,67,11,14402.4,Selangor,2,"Champions (recent, frequent, high spend)"
15243,74,2,5087.4,Melaka,0,"New / Promising (recent, low frequency & value)"
15244,65,3,4181.3,Kedah,0,"New / Promising (recent, low frequency & value)"
15245,134,8,13800.1,Negeri Sembilan,3,At-Risk High Value (lapsing loyal spender)
15246,238,3,4268.3,Johor,3,At-Risk High Value (lapsing loyal spender)
15247,122,3,867.0,Johor,1,Lost / Dormant Low-Value
15248,411,3,9540.6,Sarawak,3,At-Risk High Value (lapsing loyal spender)
15249,32,18,47739.3,Kuala Lumpur,2,"Champions (recent, frequent, high spend)"
15250,641,1,331.20000000000005,Selangor,1,Lost / Dormant Low-Value
15251,91,8,2875.1,Selangor,3,At-Risk High Value (lapsing loyal spender)
15252,36,5,9281.9,Johor,3,At-Risk High Value (lapsing loyal spender)
15253,16,8,10997.7,Kuala Lumpur,2,"Champions (recent, frequent, high spend)"
15254,127,3,5593.3,Selangor,3,At-Risk High Value (lapsing loyal spender)
15255,67,8,16479.3,Sabah,2,"Champions (recent, frequent, high spend)"
15256,149,2,929.2,Kuala Lumpur,1,Lost / Dormant Low-Value
15257,283,2,1268.6,Sarawak,1,Lost / Dormant Low-Value
15258,169,2,3421.7,Selangor,3,At-Risk High Value (lapsing loyal spender)
15259,513,4,4852.0,Sarawak,3,At-Risk High Value (lapsing loyal spender)
15260,100,23,36012.9,Melaka,2,"Champions (recent, frequent, high spend)"
15261,135,4,7545.8,Kuala Lumpur,3,At-Risk High Value (lapsing loyal spender)
15262,324,3,2281.7,Selangor,3,At-Risk High Value (lapsing loyal spender)
15263,107,1,865.8,Terengganu,1,Lost / Dormant Low-Value
15264,64,2,4627.9,Negeri Sembilan,0,"New / Promising (recent, low frequency & value)"
15265,151,4,17995.8,Selangor,3,At-Risk High Value (lapsing loyal spender)
15266,338,5,3817.1,Kuala Lumpur,3,At-Risk High Value (lapsing loyal spender)
15268,479,2,1858.2,Selangor,1,Lost / Dormant Low-Value
15269,380,2,3498.2,Sabah,3,At-Risk High Value (lapsing loyal spender)
15270,16,18,12068.5,Selangor,2,"Champions (recent, frequent, high spend)"
15271,7,24,24554.3,Perak,2,"Champions (recent, frequent, high spend)"
15272,57,6,10465.3,Kuala Lumpur,3,At-Risk High Value (lapsing loyal spender)
15274,4,2,3909.3,Kuala Lumpur,0,"New / Promising (recent, low frequency & value)"
15275,38,1,3370.5,Selangor,0,"New / Promising (recent, low frequency & value)"
15276,66,4,3394.5,Kelantan,3,At-Risk High Value (lapsing loyal spender)
15277,47,2,2380.2,Kuala Lumpur,0,"New / Promising (recent, low frequency & value)"
15278,562,4,2367.8,Kuala Lumpur,3,At-Risk High Value (lapsing loyal spender)
15279,355,5,7982.1,Selangor,3,At-Risk High Value (lapsing loyal spender)
15280,172,3,2198.6,Sabah,3,At-Risk High Value (lapsing loyal spender)
15281,59,16,45902.1,Selangor,2,"Champions (recent, frequent, high spend)"
15282,570,1,1894.9,Johor,1,Lost / Dormant Low-Value
15283,390,3,813.3,Selangor,1,Lost / Dormant Low-Value
15284,500,1,135.0,Selangor,1,Lost / Dormant Low-Value
15285,408,1,525.6,Selangor,1,Lost / Dormant Low-Value
15287,22,5,2693.2,Sarawak,0,"New / Promising (recent, low frequency & value)"
15288,43,9,8623.6,Kuala Lumpur,2,"Champions (recent, frequent, high spend)"
15289,29,5,7424.8,Johor,0,"New / Promising (recent, low frequency & value)"
15290,5,26,29411.8,Perak,2,"Champions (recent, frequent, high spend)"
15291,26,25,15341.2,Melaka,2,"Champions (recent, frequent, high spend)"
15292,201,1,976.4,Kuala Lumpur,1,Lost / Dormant Low-Value
15293,666,1,1352.8,Negeri Sembilan,1,Lost / Dormant Low-Value
15294,411,1,1277.7,Selangor,1,Lost / Dormant Low-Value
15295,654,1,1127.8,Selangor,1,Lost / Dormant Low-Value
15296,51,12,47702.7,Perak,2,"Champions (recent, frequent, high spend)"
15297,10,3,3530.5,Melaka,0,"New / Promising (recent, low frequency & value)"
15298,2,22,39731.0,Sarawak,2,"Champions (recent, frequent, high spend)"
15300,64,1,2718.6,Kuala Lumpur,0,"New / Promising (recent, low frequency & value)"
15301,51,16,31706.5,Sarawak,2,"Champions (recent, frequent, high spend)"
15302,730,1,1679.0,Sabah,1,Lost / Dormant Low-Value
15303,290,3,6712.7,Perlis,3,At-Risk High Value (lapsing loyal spender)
15304,61,5,1701.2,Johor,0,"New / Promising (recent, low frequency & value)"
15305,555,1,513.4,Kuala Lumpur,1,Lost / Dormant Low-Value
15306,64,9,14420.1,Selangor,2,"Champions (recent, frequent, high spend)"
15307,96,1,1126.6,Selangor,1,Lost / Dormant Low-Value
15308,274,1,1700.4,Sarawak,1,Lost / Dormant Low-Value
15309,611,4,4361.6,Kuala Lumpur,3,At-Risk High Value (lapsing loyal spender)
15310,479,1,4596.4,Sabah,1,Lost / Dormant Low-Value
15311,1,202,123670.2,Kelantan,2,"Champions (recent, frequent, high spend)"
15312,75,12,14826.4,Penang,2,"Champions (recent, frequent, high spend)"
15314,199,3,3824.0,Kuala Lumpur,3,At-Risk High Value (lapsing loyal spender)
15315,64,2,3099.2,Kedah,0,"New / Promising (recent, low frequency & value)"
15317,677,1,385.5,Kuala Lumpur,1,Lost / Dormant Low-Value
15318,4,1,1406.6,Negeri Sembilan,0,"New / Promising (recent, low frequency & value)"
15319,284,1,1132.7,Kedah,1,Lost / Dormant Low-Value
15320,44,1,1082.8,Sarawak,0,"New / Promising (recent, low frequency & value)"
15321,71,12,31248.6,Kedah,2,"Champions (recent, frequent, high spend)"
15322,86,2,7200.3,Pahang,3,At-Risk High Value (lapsing loyal spender)
15323,563,3,2376.7,Selangor,1,Lost / Dormant Low-Value
15324,701,1,767.6,Selangor,1,Lost / Dormant Low-Value
15325,104,8,8893.9,Kedah,3,At-Risk High Value (lapsing loyal spender)
15326,334,5,9403.8,Selangor,3,At-Risk High Value (lapsing loyal spender)
15327,53,1,1152.3,Pahang,0,"New / Promising (recent, low frequency & value)"
15328,408,1,590.8,Selangor,1,Lost / Dormant Low-Value
15329,39,11,14196.3,Selangor,2,"Champions (recent, frequent, high spend)"
15330,32,2,976.0,Pahang,0,"New / Promising (recent, low frequency & value)"
15331,500,3,3912.7,Kuala Lumpur,3,At-Risk High Value (lapsing loyal spender)
15332,370,5,13125.8,Kuala Lumpur,3,At-Risk High Value (lapsing loyal spender)
15333,208,1,1009.4,Selangor,1,Lost / Dormant Low-Value
15334,157,3,1904.4,Selangor,3,At-Risk High Value (lapsing loyal spender)
15335,54,1,935.5,Selangor,1,Lost / Dormant Low-Value
15336,402,1,1319.8,Pahang,1,Lost / Dormant Low-Value
15337,411,1,2043.9,Pahang,1,Lost / Dormant Low-Value
15338,677,1,1518.5,Perak,1,Lost / Dormant Low-Value
15339,66,6,8404.5,Penang,3,At-Risk High Value (lapsing loyal spender)
15340,562,1,573.8,Penang,1,Lost / Dormant Low-Value
15341,449,1,174.4,Kuala Lumpur,1,Lost / Dormant Low-Value
15342,130,1,2235.8,Selangor,1,Lost / Dormant Low-Value
15343,87,1,2002.2,Kuala Lumpur,1,Lost / Dormant Low-Value
15344,1,3,2810.4,Johor,0,"New / Promising (recent, low frequency & value)"
15345,46,1,2156.4,Sabah,0,"New / Promising (recent, low frequency & value)"
15346,333,3,3274.9,Perak,3,At-Risk High Value (lapsing loyal spender)
15347,366,4,3299.9,Penang,3,At-Risk High Value (lapsing loyal spender)
15348,72,1,867.6,Perak,1,Lost / Dormant Low-Value
15349,158,2,2556.1,Negeri Sembilan,1,Lost / Dormant Low-Value
15350,373,2,2992.4,Selangor,1,Lost / Dormant Low-Value
15351,12,10,15843.7,Selangor,2,"Champions (recent, frequent, high spend)"
15352,549,1,608.2,Sarawak,1,Lost / Dormant Low-Value
15353,255,7,14302.4,Perak,3,At-Risk High Value (lapsing loyal spender)
15355,29,2,1266.2,Penang,0,"New / Promising (recent, low frequency & value)"
15356,31,13,17757.6,Johor,2,"Champions (recent, frequent, high spend)"
15358,5,42,84958.4,Kuala Lumpur,2,"Champions (recent, frequent, high spend)"
15359,663,8,1001.3,Kelantan,3,At-Risk High Value (lapsing loyal spender)
15360,40,1,1067.2,Kuala Lumpur,0,"New / Promising (recent, low frequency & value)"
15361,362,1,766.8,Selangor,1,Lost / Dormant Low-Value
15362,449,2,3361.9,Selangor,1,Lost / Dormant Low-Value
15363,373,2,3718.4,Perak,3,At-Risk High Value (lapsing loyal spender)
15364,96,2,2498.0,Kuala Lumpur,0,"New / Promising (recent, low frequency & value)"
15365,26,13,20291.8,Kuala Lumpur,2,"Champions (recent, frequent, high spend)"
15366,75,7,10722.9,Selangor,3,At-Risk High Value (lapsing loyal spender)
15367,57,11,25785.2,Penang,2,"Champions (recent, frequent, high spend)"
15368,21,2,454.2,Melaka,0,"New / Promising (recent, low frequency & value)"
15369,492,3,3525.6,Selangor,3,At-Risk High Value (lapsing loyal spender)
15370,60,7,13149.6,Selangor,3,At-Risk High Value (lapsing loyal spender)
15372,137,1,720.0,Selangor,1,Lost / Dormant Low-Value
15373,8,17,11653.6,Perak,2,"Champions (recent, frequent, high spend)"
15374,129,2,648.0,Melaka,1,Lost / Dormant Low-Value
15375,690,1,334.8,Selangor,1,Lost / Dormant Low-Value
15376,40,3,6707.8,Perak,0,"New / Promising (recent, low frequency & value)"
15377,383,4,1662.1,Kuala Lumpur,3,At-Risk High Value (lapsing loyal spender)
15378,463,2,1377.0,Penang,1,Lost / Dormant Low-Value
15379,169,8,24634.7,Pahang,3,At-Risk High Value (lapsing loyal spender)
15380,9,6,2775.8,Melaka,0,"New / Promising (recent, low frequency & value)"
15381,268,3,1810.5,Melaka,1,Lost / Dormant Low-Value
15382,15,12,62277.6,Penang,2,"Champions (recent, frequent, high spend)"
15384,170,4,10423.2,Selangor,3,At-Risk High Value (lapsing loyal spender)
15385,40,3,1429.6,Selangor,0,"New / Promising (recent, low frequency & value)"
15386,186,1,2194.4,Selangor,1,Lost / Dormant Low-Value
15387,492,1,2072.3,Selangor,1,Lost / Dormant Low-Value
15388,270,1,771.8,Perak,1,Lost / Dormant Low-Value
15390,396,2,6671.2,Johor,3,At-Risk High Value (lapsing loyal spender)
15391,584,1,1174.0,Melaka,1,Lost / Dormant Low-Value
15392,5,7,11955.2,Sarawak,2,"Champions (recent, frequent, high spend)"
15393,16,5,4064.3,Melaka,0,"New / Promising (recent, low frequency & value)"
15394,10,11,26044.4,Kuala Lumpur,2,"Champions (recent, frequent, high spend)"
15395,326,1,590.3,Kuala Lumpur,1,Lost / Dormant Low-Value
15396,113,1,933.4,Melaka,1,Lost / Dormant Low-Value
15397,290,1,517.3,Kuala Lumpur,1,Lost / Dormant Low-Value
15398,16,2,7393.0,Negeri Sembilan,0,"New / Promising (recent, low frequency & value)"
15399,1,3,4159.1,Kuala Lumpur,0,"New / Promising (recent, low frequency & value)"
15400,128,4,1479.3,Kuala Lumpur,3,At-Risk High Value (lapsing loyal spender)
15401,452,2,1187.5,Kuala Lumpur,1,Lost / Dormant Low-Value
15402,149,6,8672.7,Sarawak,3,At-Risk High Value (lapsing loyal spender)
15403,492,2,900.0,Sarawak,1,Lost / Dormant Low-Value
15404,376,1,1378.6,Johor,1,Lost / Dormant Low-Value
15405,189,2,2180.5,Sabah,1,Lost / Dormant Low-Value
15406,31,4,4808.7,Kuala Lumpur,0,"New / Promising (recent, low frequency & value)"
15407,34,4,4322.7,Selangor,0,"New / Promising (recent, low frequency & value)"
15408,264,1,1462.7,Selangor,1,Lost / Dormant Low-Value
15409,721,1,720.0,Kuala Lumpur,1,Lost / Dormant Low-Value
15410,84,10,16143.5,Selangor,2,"Champions (recent, frequent, high spend)"
15411,26,4,6858.7,Penang,0,"New / Promising (recent, low frequency & value)"
15412,171,1,496.9,Johor,1,Lost / Dormant Low-Value
15413,692,1,90.0,Selangor,1,Lost / Dormant Low-Value
15414,10,3,3348.5,Selangor,0,"New / Promising (recent, low frequency & value)"
15415,313,1,3074.2,Johor,1,Lost / Dormant Low-Value
15416,65,7,21622.4,Penang,2,"Champions (recent, frequent, high spend)"
15417,85,1,2799.6,Johor,0,"New / Promising (recent, low frequency & value)"
15418,425,2,2221.3,Selangor,1,Lost / Dormant Low-Value
15419,25,1,756.0,Selangor,0,"New / Promising (recent, low frequency & value)"
15420,434,6,4070.4,Negeri Sembilan,3,At-Risk High Value (lapsing loyal spender)
15421,59,10,20665.2,Johor,2,"Champions (recent, frequent, high spend)"
15422,323,7,8275.0,Johor,3,At-Risk High Value (lapsing loyal spender)
15423,38,3,1222.5,Selangor,0,"New / Promising (recent, low frequency & value)"
15424,254,3,2686.9,Penang,3,At-Risk High Value (lapsing loyal spender)
15425,400,4,9420.5,Kuala Lumpur,3,At-Risk High Value (lapsing loyal spender)
15426,19,9,9980.4,Perak,2,"Champions (recent, frequent, high spend)"
15427,33,3,7874.2,Penang,0,"New / Promising (recent, low frequency & value)"
15428,15,4,4154.8,Penang,0,"New / Promising (recent, low frequency & value)"
15429,27,2,2169.3,Selangor,0,"New / Promising (recent, low frequency & value)"
15430,468,2,3135.8,Johor,1,Lost / Dormant Low-Value
15431,503,1,168.0,Negeri Sembilan,1,Lost / Dormant Low-Value
15432,23,2,1758.7,Melaka,0,"New / Promising (recent, low frequency & value)"
15433,214,2,2892.4,Kuala Lumpur,3,At-Risk High Value (lapsing loyal spender)
15434,8,11,11771.0,Pahang,2,"Champions (recent, frequent, high spend)"
15435,22,1,818.8,Selangor,0,"New / Promising (recent, low frequency & value)"
15436,12,3,5855.7,Kuala Lumpur,0,"New / Promising (recent, low frequency & value)"
15437,262,2,2168.1,Selangor,1,Lost / Dormant Low-Value
15438,131,1,857.8,Selangor,1,Lost / Dormant Low-Value
15439,405,3,5187.1,Melaka,3,At-Risk High Value (lapsing loyal spender)
15440,55,3,1873.1,Negeri Sembilan,0,"New / Promising (recent, low frequency & value)"
15441,396,3,5548.6,Sarawak,3,At-Risk High Value (lapsing loyal spender)
15443,2,14,27250.7,Kelantan,2,"Champions (recent, frequent, high spend)"
15444,9,2,7738.5,Johor,0,"New / Promising (recent, low frequency & value)"
15445,264,2,1560.1,Johor,1,Lost / Dormant Low-Value
15446,377,3,2182.0,Selangor,1,Lost / Dormant Low-Value
15447,331,5,2706.4,Selangor,3,At-Risk High Value (lapsing loyal spender)
15448,313,2,4328.9,Kuala Lumpur,3,At-Risk High Value (lapsing loyal spender)
15449,26,3,5336.2,Selangor,0,"New / Promising (recent, low frequency & value)"
15450,30,1,2343.8,Negeri Sembilan,0,"New / Promising (recent, low frequency & value)"
15451,434,2,1244.4,Perak,1,Lost / Dormant Low-Value
15452,30,6,9777.3,Perlis,2,"Champions (recent, frequent, high spend)"
15453,2,7,7503.0,Johor,2,"Champions (recent, frequent, high spend)"
15454,362,2,1677.9,Selangor,1,Lost / Dormant Low-Value
15455,598,1,210.0,Selangor,1,Lost / Dormant Low-Value
15456,283,10,10639.1,Negeri Sembilan,3,At-Risk High Value (lapsing loyal spender)
15457,262,1,1301.9,Perak,1,Lost / Dormant Low-Value
15458,25,2,2029.2,Selangor,0,"New / Promising (recent, low frequency & value)"
15459,417,2,730.0,Selangor,1,Lost / Dormant Low-Value
15460,354,1,1172.6,Selangor,1,Lost / Dormant Low-Value
15462,94,4,3539.4,Selangor,3,At-Risk High Value (lapsing loyal spender)
15463,29,1,690.0,Terengganu,0,"New / Promising (recent, low frequency & value)"
15464,338,1,5400.6,Pahang,1,Lost / Dormant Low-Value
15465,20,31,17489.4,Sabah,2,"Champions (recent, frequent, high spend)"
15466,85,4,8529.9,Selangor,3,At-Risk High Value (lapsing loyal spender)
15467,9,3,2626.7,Johor,0,"New / Promising (recent, low frequency & value)"
15468,51,3,7151.3,Selangor,3,At-Risk High Value (lapsing loyal spender)
15469,50,3,4340.5,Sarawak,0,"New / Promising (recent, low frequency & value)"
15470,576,1,337.0,Selangor,1,Lost / Dormant Low-Value
15471,2,3,4828.2,Selangor,0,"New / Promising (recent, low frequency & value)"
15472,113,1,2041.3,Selangor,1,Lost / Dormant Low-Value
15474,596,1,825.7,Kuala Lumpur,1,Lost / Dormant Low-Value
15475,77,1,2222.9,Melaka,0,"New / Promising (recent, low frequency & value)"
15476,380,4,7063.5,Selangor,3,At-Risk High Value (lapsing loyal spender)
15478,40,3,6516.1,Kuala Lumpur,0,"New / Promising (recent, low frequency & value)"
15479,733,1,813.8,Selangor,1,Lost / Dormant Low-Value
15480,116,3,17029.0,Selangor,3,At-Risk High Value (lapsing loyal spender)
15481,401,1,3795.0,Johor,1,Lost / Dormant Low-Value
15482,16,13,5597.2,Sabah,2,"Champions (recent, frequent, high spend)"
15483,161,10,4491.7,Kuala Lumpur,3,At-Risk High Value (lapsing loyal spender)
15484,1,6,18193.5,Selangor,2,"Champions (recent, frequent, high spend)"
15485,30,6,11114.6,Kuala Lumpur,2,"Champions (recent, frequent, high spend)"
15487,680,1,1272.8,Selangor,1,Lost / Dormant Low-Value
15488,93,4,883.5,Selangor,1,Lost / Dormant Low-Value
15489,23,8,10480.2,Kuala Lumpur,2,"Champions (recent, frequent, high spend)"
15490,430,1,1161.6,Selangor,1,Lost / Dormant Low-Value
15491,95,6,13851.2,Selangor,3,At-Risk High Value (lapsing loyal spender)
15492,28,2,3365.9,Negeri Sembilan,0,"New / Promising (recent, low frequency & value)"
15493,33,9,21770.7,Selangor,2,"Champions (recent, frequent, high spend)"
15494,21,5,18033.0,Selangor,2,"Champions (recent, frequent, high spend)"
15495,379,1,1347.4,Johor,1,Lost / Dormant Low-Value
15496,631,1,797.8,Johor,1,Lost / Dormant Low-Value
15497,18,5,3264.0,Selangor,0,"New / Promising (recent, low frequency & value)"
15498,3,41,78848.6,Melaka,2,"Champions (recent, frequent, high spend)"
15499,724,1,870.1,Melaka,1,Lost / Dormant Low-Value
15500,8,4,6232.1,Kuala Lumpur,0,"New / Promising (recent, low frequency & value)"
15501,405,2,2183.9,Selangor,1,Lost / Dormant Low-Value
15502,16,13,28353.8,Selangor,2,"Champions (recent, frequent, high spend)"
15503,363,2,1408.7,Johor,1,Lost / Dormant Low-Value
15504,81,4,2201.7,Selangor,3,At-Risk High Value (lapsing loyal spender)
15505,53,4,5523.6,Johor,3,At-Risk High Value (lapsing loyal spender)
15506,23,6,10477.1,Kuala Lumpur,2,"Champions (recent, frequent, high spend)"
15507,172,1,2626.7,Perak,1,Lost / Dormant Low-Value
15508,189,6,4996.9,Perak,3,At-Risk High Value (lapsing loyal spender)
15509,380,1,836.6999999999999,Selangor,1,Lost / Dormant Low-Value
15511,12,5,4947.4,Selangor,0,"New / Promising (recent, low frequency & value)"
15512,156,4,1818.0,Putrajaya,3,At-Risk High Value (lapsing loyal spender)
15513,33,29,36909.5,Selangor,2,"Champions (recent, frequent, high spend)"
15514,12,18,20267.4,Melaka,2,"Champions (recent, frequent, high spend)"
15515,387,1,617.0,Selangor,1,Lost / Dormant Low-Value
15516,45,3,343.6,Perak,0,"New / Promising (recent, low frequency & value)"
15517,233,1,1470.5,Penang,1,Lost / Dormant Low-Value
15518,64,15,21904.9,Selangor,2,"Champions (recent, frequent, high spend)"
15519,383,2,857.3,Sarawak,1,Lost / Dormant Low-Value
15520,2,1,1879.2,Penang,0,"New / Promising (recent, low frequency & value)"
15521,40,15,28372.8,Selangor,2,"Champions (recent, frequent, high spend)"
15522,33,2,2232.8,Penang,0,"New / Promising (recent, low frequency & value)"
15523,84,14,9512.8,Selangor,2,"Champions (recent, frequent, high spend)"
15524,607,1,832.4,Penang,1,Lost / Dormant Low-Value
15525,2,4,4879.7,Selangor,0,"New / Promising (recent, low frequency & value)"
15526,33,2,159.6,Johor,1,Lost / Dormant Low-Value
15527,19,23,23361.4,Johor,2,"Champions (recent, frequent, high spend)"
15528,254,1,943.8,Pahang,1,Lost / Dormant Low-Value
15529,23,12,25372.0,Selangor,2,"Champions (recent, frequent, high spend)"
15530,22,5,9381.8,Penang,0,"New / Promising (recent, low frequency & value)"
15531,8,2,10537.8,Selangor,0,"New / Promising (recent, low frequency & value)"
15532,25,10,19978.5,Kuala Lumpur,2,"Champions (recent, frequent, high spend)"
15533,19,3,3997.9,Selangor,0,"New / Promising (recent, low frequency & value)"
15534,726,1,890.5,Kelantan,1,Lost / Dormant Low-Value
15535,173,6,5741.5,Kuala Lumpur,3,At-Risk High Value (lapsing loyal spender)
15536,409,1,1421.1,Perak,1,Lost / Dormant Low-Value
15537,163,1,609.1999999999999,Terengganu,1,Lost / Dormant Low-Value
15539,7,1,2277.4,Kuala Lumpur,0,"New / Promising (recent, low frequency & value)"
15540,11,2,2509.0,Kuala Lumpur,0,"New / Promising (recent, low frequency & value)"
15541,114,1,472.3,Selangor,1,Lost / Dormant Low-Value
15542,512,3,4701.8,Selangor,3,At-Risk High Value (lapsing loyal spender)
15543,288,2,1317.9,Negeri Sembilan,1,Lost / Dormant Low-Value
15544,9,20,40830.0,Kuala Lumpur,2,"Champions (recent, frequent, high spend)"
15545,54,2,1596.0,Johor,0,"New / Promising (recent, low frequency & value)"
15547,7,26,50605.4,Kuala Lumpur,2,"Champions (recent, frequent, high spend)"
15548,596,1,586.0,Johor,1,Lost / Dormant Low-Value
15549,77,8,11053.7,Kuala Lumpur,3,At-Risk High Value (lapsing loyal spender)
15550,4,12,9927.7,Johor,2,"Champions (recent, frequent, high spend)"
15551,37,7,9221.8,Kuala Lumpur,2,"Champions (recent, frequent, high spend)"
15552,217,2,1378.5,Selangor,1,Lost / Dormant Low-Value
15553,60,1,2399.9,Kuala Lumpur,0,"New / Promising (recent, low frequency & value)"
15554,278,1,1189.8,Sarawak,1,Lost / Dormant Low-Value
15555,12,36,56541.9,Sabah,2,"Champions (recent, frequent, high spend)"
15556,24,1,1263.4,Selangor,0,"New / Promising (recent, low frequency & value)"
15557,29,1,2081.9,Kuala Lumpur,0,"New / Promising (recent, low frequency & value)"
15558,639,1,722.0,Melaka,1,Lost / Dormant Low-Value
15559,568,1,6084.1,Kuala Lumpur,1,Lost / Dormant Low-Value
15560,398,2,840.8,Selangor,1,Lost / Dormant Low-Value
15561,12,8,7477.2,Johor,2,"Champions (recent, frequent, high spend)"
15562,425,2,1121.7,Pahang,1,Lost / Dormant Low-Value
15563,22,7,14835.4,Perak,2,"Champions (recent, frequent, high spend)"
15564,463,2,393.0,Terengganu,1,Lost / Dormant Low-Value
15565,50,2,951.0,Kedah,0,"New / Promising (recent, low frequency & value)"
15566,393,2,1237.0,Selangor,1,Lost / Dormant Low-Value
15567,19,1,459.4,Selangor,0,"New / Promising (recent, low frequency & value)"
15568,3,3,3651.6,Selangor,0,"New / Promising (recent, low frequency & value)"
15569,132,7,2711.7,Selangor,3,At-Risk High Value (lapsing loyal spender)
15570,7,25,45234.7,Kuala Lumpur,2,"Champions (recent, frequent, high spend)"
15571,12,14,17834.9,Selangor,2,"Champions (recent, frequent, high spend)"
15572,5,10,18222.5,Selangor,2,"Champions (recent, frequent, high spend)"
15573,32,5,6493.8,Selangor,0,"New / Promising (recent, low frequency & value)"
15574,178,6,5746.0,Kuala Lumpur,3,At-Risk High Value (lapsing loyal spender)
15575,620,1,164.9,Selangor,1,Lost / Dormant Low-Value
15576,38,1,2995.3,Kuala Lumpur,0,"New / Promising (recent, low frequency & value)"
15577,151,5,2176.1,Perak,3,At-Risk High Value (lapsing loyal spender)
15578,162,1,699.0,Penang,1,Lost / Dormant Low-Value
15579,69,5,6629.0,Penang,3,At-Risk High Value (lapsing loyal spender)
15580,377,8,7334.7,Selangor,3,At-Risk High Value (lapsing loyal spender)
15581,156,35,23644.3,Selangor,2,"Champions (recent, frequent, high spend)"
15582,25,3,3750.0,Terengganu,0,"New / Promising (recent, low frequency & value)"
15583,376,1,526.2,Penang,1,Lost / Dormant Low-Value
15584,24,6,6419.6,Selangor,0,"New / Promising (recent, low frequency & value)"
15585,177,1,2496.0,Negeri Sembilan,1,Lost / Dormant Low-Value
15586,593,3,4019.4,Selangor,3,At-Risk High Value (lapsing loyal spender)
15587,50,2,336.0,Kuala Lumpur,1,Lost / Dormant Low-Value
15589,256,3,2625.9,Selangor,3,At-Risk High Value (lapsing loyal spender)
15590,382,5,7948.9,Perak,3,At-Risk High Value (lapsing loyal spender)
15591,583,2,293.0,Perak,1,Lost / Dormant Low-Value
15592,47,1,1802.4,Selangor,0,"New / Promising (recent, low frequency & value)"
15593,71,1,244.8,Kuala Lumpur,1,Lost / Dormant Low-Value
15594,16,5,9723.7,Selangor,0,"New / Promising (recent, low frequency & value)"
15595,488,1,357.6,Sabah,1,Lost / Dormant Low-Value
15596,101,9,14962.3,Selangor,3,At-Risk High Value (lapsing loyal spender)
15597,35,2,3077.7,Melaka,0,"New / Promising (recent, low frequency & value)"
15598,53,2,2983.2,Selangor,0,"New / Promising (recent, low frequency & value)"
15599,27,3,6879.2,Selangor,0,"New / Promising (recent, low frequency & value)"
15600,428,4,6175.1,Selangor,3,At-Risk High Value (lapsing loyal spender)
15601,11,30,70456.4,Selangor,2,"Champions (recent, frequent, high spend)"
15602,8,13,10892.4,Selangor,2,"Champions (recent, frequent, high spend)"
15603,79,2,484.8,Selangor,1,Lost / Dormant Low-Value
15604,52,1,1182.6,Johor,0,"New / Promising (recent, low frequency & value)"
15605,36,9,9277.3,Selangor,2,"Champions (recent, frequent, high spend)"
15606,61,17,9900.0,Selangor,2,"Champions (recent, frequent, high spend)"
15607,337,9,8602.9,Kuala Lumpur,3,At-Risk High Value (lapsing loyal spender)
15608,28,5,9180.0,Kuala Lumpur,0,"New / Promising (recent, low frequency & value)"
15609,184,1,1641.2,Sarawak,1,Lost / Dormant Low-Value
15610,52,1,622.2,Selangor,1,Lost / Dormant Low-Value
15611,10,24,7847.2,Selangor,2,"Champions (recent, frequent, high spend)"
15612,36,2,584.7,Perak,0,"New / Promising (recent, low frequency & value)"
15613,610,1,2035.8,Selangor,1,Lost / Dormant Low-Value
15614,438,4,6948.0,Kuala Lumpur,3,At-Risk High Value (lapsing loyal spender)
15615,10,45,85025.1,Johor,2,"Champions (recent, frequent, high spend)"
15616,438,1,1376.7,Selangor,1,Lost / Dormant Low-Value
15617,396,3,3964.4,Selangor,3,At-Risk High Value (lapsing loyal spender)
15618,33,4,4266.9,Johor,0,"New / Promising (recent, low frequency & value)"
15620,57,4,10665.6,Selangor,3,At-Risk High Value (lapsing loyal spender)
15621,4,2,349.9,Kuala Lumpur,0,"New / Promising (recent, low frequency & value)"
15622,43,17,41388.6,Perak,2,"Champions (recent, frequent, high spend)"
15623,141,8,10938.1,Sabah,3,At-Risk High Value (lapsing loyal spender)
15624,117,4,3213.6,Selangor,3,At-Risk High Value (lapsing loyal spender)
15625,104,9,16402.3,Kedah,3,At-Risk High Value (lapsing loyal spender)
15626,75,3,5870.6,Selangor,3,At-Risk High Value (lapsing loyal spender)
15627,457,2,1857.4,Negeri Sembilan,1,Lost / Dormant Low-Value
15628,5,17,28191.6,Kuala Lumpur,2,"Champions (recent, frequent, high spend)"
15629,450,4,8180.2,Selangor,3,At-Risk High Value (lapsing loyal spender)
15630,45,3,7198.7,Selangor,0,"New / Promising (recent, low frequency & value)"
15631,642,1,3241.8,Kuala Lumpur,1,Lost / Dormant Low-Value
15632,16,8,13557.6,Kuala Lumpur,2,"Champions (recent, frequent, high spend)"
15633,509,12,15235.8,Selangor,3,At-Risk High Value (lapsing loyal spender)
15634,17,2,3041.0,Selangor,0,"New / Promising (recent, low frequency & value)"
15635,396,1,140.0,Kuala Lumpur,1,Lost / Dormant Low-Value
15636,90,4,5723.0,Selangor,3,At-Risk High Value (lapsing loyal spender)
15637,53,4,3515.3,Kuala Lumpur,0,"New / Promising (recent, low frequency & value)"
15638,436,3,931.5,Penang,1,Lost / Dormant Low-Value
15639,134,3,5945.9,Perak,3,At-Risk High Value (lapsing loyal spender)
15640,4,25,65094.1,Johor,2,"Champions (recent, frequent, high spend)"
15641,105,12,26765.0,Perak,2,"Champions (recent, frequent, high spend)"
15642,730,1,567.0,Sarawak,1,Lost / Dormant Low-Value
15643,192,3,3015.2,Kuala Lumpur,3,At-Risk High Value (lapsing loyal spender)
15644,166,4,4417.4,Johor,3,At-Risk High Value (lapsing loyal spender)
15645,19,3,3903.7,Penang,0,"New / Promising (recent, low frequency & value)"
15646,158,5,4329.1,Selangor,3,At-Risk High Value (lapsing loyal spender)
15647,415,1,923.4,Selangor,1,Lost / Dormant Low-Value
15648,204,2,2649.3,Johor,1,Lost / Dormant Low-Value
15649,387,1,275.8,Selangor,1,Lost / Dormant Low-Value
15650,522,2,3032.3,Selangor,1,Lost / Dormant Low-Value
15651,37,5,4309.7,Johor,0,"New / Promising (recent, low frequency & value)"
15652,91,5,5187.2,Selangor,3,At-Risk High Value (lapsing loyal spender)
15653,116,1,258.0,Selangor,1,Lost / Dormant Low-Value
15654,9,2,1491.9,Kuala Lumpur,0,"New / Promising (recent, low frequency & value)"
15655,243,1,3076.2,Selangor,1,Lost / Dormant Low-Value
15656,45,4,4106.5,Sabah,0,"New / Promising (recent, low frequency & value)"
15657,23,1,165.6,Kedah,1,Lost / Dormant Low-Value
15658,190,8,10192.5,Melaka,3,At-Risk High Value (lapsing loyal spender)
15659,44,3,2302.9,Penang,0,"New / Promising (recent, low frequency & value)"
15660,25,15,12784.4,Selangor,2,"Champions (recent, frequent, high spend)"
15661,317,7,2855.2,Selangor,3,At-Risk High Value (lapsing loyal spender)
15662,661,2,1180.3,Selangor,1,Lost / Dormant Low-Value
15663,106,1,757.8,Johor,1,Lost / Dormant Low-Value
15664,51,4,6668.5,Sabah,3,At-Risk High Value (lapsing loyal spender)
15665,168,5,20739.7,Selangor,3,At-Risk High Value (lapsing loyal spender)
15666,472,2,3234.8,Melaka,1,Lost / Dormant Low-Value
15667,40,1,1646.4,Selangor,0,"New / Promising (recent, low frequency & value)"
15669,40,4,2809.0,Selangor,0,"New / Promising (recent, low frequency & value)"
15670,297,2,1453.8,Pahang,1,Lost / Dormant Low-Value
15671,19,7,6548.9,Selangor,2,"Champions (recent, frequent, high spend)"
15672,725,1,247.0,Kuala Lumpur,1,Lost / Dormant Low-Value
15673,88,9,24654.3,Kuala Lumpur,2,"Champions (recent, frequent, high spend)"
15674,73,12,33325.2,Melaka,2,"Champions (recent, frequent, high spend)"
15675,81,4,2943.8,Kuala Lumpur,3,At-Risk High Value (lapsing loyal spender)
15676,19,3,17948.0,Kuala Lumpur,0,"New / Promising (recent, low frequency & value)"
15677,49,3,6621.4,Kuala Lumpur,0,"New / Promising (recent, low frequency & value)"
15678,53,3,8768.0,Selangor,3,At-Risk High Value (lapsing loyal spender)
15679,24,4,4258.0,Sabah,0,"New / Promising (recent, low frequency & value)"
15680,9,10,20100.1,Selangor,2,"Champions (recent, frequent, high spend)"
15681,25,12,8153.4,Selangor,2,"Champions (recent, frequent, high spend)"
15682,599,2,1746.8,Kuala Lumpur,1,Lost / Dormant Low-Value
15683,117,2,2864.0,Selangor,3,At-Risk High Value (lapsing loyal spender)
15684,547,3,950.6,Kuala Lumpur,1,Lost / Dormant Low-Value
15685,450,1,305.7,Kuala Lumpur,1,Lost / Dormant Low-Value
15687,9,9,16123.0,Kuala Lumpur,2,"Champions (recent, frequent, high spend)"
15688,419,1,1042.4,Kedah,1,Lost / Dormant Low-Value
15689,120,3,2135.6,Selangor,3,At-Risk High Value (lapsing loyal spender)
15690,4,2,1035.6,Selangor,0,"New / Promising (recent, low frequency & value)"
15691,395,3,1489.8,Penang,1,Lost / Dormant Low-Value
15692,28,1,1039.8,Pahang,0,"New / Promising (recent, low frequency & value)"
15693,659,1,207.0,Selangor,1,Lost / Dormant Low-Value
15694,8,17,6134.1,Penang,2,"Champions (recent, frequent, high spend)"
15695,267,4,5784.5,Johor,3,At-Risk High Value (lapsing loyal spender)
15696,33,13,19982.7,Kuala Lumpur,2,"Champions (recent, frequent, high spend)"
15697,690,1,1356.0,Perlis,1,Lost / Dormant Low-Value
15698,624,1,250.8,Selangor,1,Lost / Dormant Low-Value
15699,18,1,1706.3,Kuala Lumpur,0,"New / Promising (recent, low frequency & value)"
15700,172,2,3825.2,Penang,3,At-Risk High Value (lapsing loyal spender)
15701,2,4,8383.6,Selangor,0,"New / Promising (recent, low frequency & value)"
15702,476,2,781.2,Perak,1,Lost / Dormant Low-Value
15703,265,1,573.6,Kedah,1,Lost / Dormant Low-Value
15704,140,6,16084.9,Selangor,3,At-Risk High Value (lapsing loyal spender)
15705,201,1,458.6,Selangor,1,Lost / Dormant Low-Value
15706,65,3,4954.1,Johor,3,At-Risk High Value (lapsing loyal spender)
15707,35,4,4808.5,Kuala Lumpur,0,"New / Promising (recent, low frequency & value)"
15708,41,9,20079.1,Penang,2,"Champions (recent, frequent, high spend)"
15709,284,2,1799.8,Johor,1,Lost / Dormant Low-Value
15710,417,1,4689.1,Penang,1,Lost / Dormant Low-Value
15711,557,2,2302.5,Kuala Lumpur,1,Lost / Dormant Low-Value
15712,9,11,15334.6,Johor,2,"Champions (recent, frequent, high spend)"
15713,143,4,4324.3,Selangor,3,At-Risk High Value (lapsing loyal spender)
15714,12,4,2839.0,Selangor,0,"New / Promising (recent, low frequency & value)"
15715,556,5,3600.2,Pahang,3,At-Risk High Value (lapsing loyal spender)
15716,146,11,12454.2,Kuala Lumpur,3,At-Risk High Value (lapsing loyal spender)
15717,234,5,3020.4,Selangor,3,At-Risk High Value (lapsing loyal spender)
15718,540,1,1609.6,Perak,1,Lost / Dormant Low-Value
15719,33,31,55503.0,Penang,2,"Champions (recent, frequent, high spend)"
15720,24,2,3714.6,Selangor,0,"New / Promising (recent, low frequency & value)"
15721,12,1,2185.4,Sabah,0,"New / Promising (recent, low frequency & value)"
15722,36,10,12568.2,Selangor,2,"Champions (recent, frequent, high spend)"
15723,365,4,4465.7,Selangor,3,At-Risk High Value (lapsing loyal spender)
15724,201,3,1704.7,Labuan,1,Lost / Dormant Low-Value
15725,15,1,2267.5,Selangor,0,"New / Promising (recent, low frequency & value)"
15726,390,1,1778.7,Johor,1,Lost / Dormant Low-Value
15727,17,14,42216.8,Melaka,2,"Champions (recent, frequent, high spend)"
15728,380,2,1321.2,Selangor,1,Lost / Dormant Low-Value
15729,213,3,1058.4,Selangor,1,Lost / Dormant Low-Value
15730,66,5,9505.9,Selangor,3,At-Risk High Value (lapsing loyal spender)
15731,554,1,684.6,Kuala Lumpur,1,Lost / Dormant Low-Value
15732,212,10,8499.2,Kuala Lumpur,3,At-Risk High Value (lapsing loyal spender)
15733,283,1,890.8,Sabah,1,Lost / Dormant Low-Value
15734,115,4,3883.2999999999997,Selangor,3,At-Risk High Value (lapsing loyal spender)
15735,421,1,1807.8,Selangor,1,Lost / Dormant Low-Value
15736,435,2,9172.1,Perak,3,At-Risk High Value (lapsing loyal spender)
15737,15,8,6504.9,Melaka,2,"Champions (recent, frequent, high spend)"
15738,19,41,42845.2,Johor,2,"Champions (recent, frequent, high spend)"
15739,66,1,427.2,Pahang,1,Lost / Dormant Low-Value
15740,49,1,835.4,Penang,1,Lost / Dormant Low-Value
15741,458,2,1141.8,Kuala Lumpur,1,Lost / Dormant Low-Value
15742,619,1,861.7,Kuala Lumpur,1,Lost / Dormant Low-Value
15743,16,4,4264.7,Kuala Lumpur,0,"New / Promising (recent, low frequency & value)"
15744,78,1,180.0,Melaka,1,Lost / Dormant Low-Value
15745,19,4,5690.4,Selangor,0,"New / Promising (recent, low frequency & value)"
15746,134,1,1072.3,Perak,1,Lost / Dormant Low-Value
15747,13,9,11495.4,Selangor,2,"Champions (recent, frequent, high spend)"
15748,40,3,1170.5,Penang,0,"New / Promising (recent, low frequency & value)"
15750,3,18,34155.7,Perak,2,"Champions (recent, frequent, high spend)"
15751,461,11,7327.8,Sabah,3,At-Risk High Value (lapsing loyal spender)
15752,40,9,21300.6,Penang,2,"Champions (recent, frequent, high spend)"
15754,51,8,12335.4,Kuala Lumpur,2,"Champions (recent, frequent, high spend)"
15755,10,17,32890.6,Kedah,2,"Champions (recent, frequent, high spend)"
15756,61,4,2897.1,Terengganu,0,"New / Promising (recent, low frequency & value)"
15757,66,6,16223.8,Penang,3,At-Risk High Value (lapsing loyal spender)
15758,25,1,1126.7,Selangor,0,"New / Promising (recent, low frequency & value)"
15759,297,5,1466.3,Selangor,3,At-Risk High Value (lapsing loyal spender)
15761,443,1,788.0,Perak,1,Lost / Dormant Low-Value
15762,65,2,3198.4,Perak,0,"New / Promising (recent, low frequency & value)"
15763,32,2,5523.2,Johor,0,"New / Promising (recent, low frequency & value)"
15764,88,8,22534.0,Kuala Lumpur,2,"Champions (recent, frequent, high spend)"
15765,667,1,2024.4,Penang,1,Lost / Dormant Low-Value
15766,64,3,1678.6,Johor,0,"New / Promising (recent, low frequency & value)"
15768,116,34,66027.5,Kuala Lumpur,2,"Champions (recent, frequent, high spend)"
15769,235,2,390.0,Selangor,1,Lost / Dormant Low-Value
15770,613,1,1764.4,Kedah,1,Lost / Dormant Low-Value
15771,604,3,2197.7,Penang,1,Lost / Dormant Low-Value
15772,418,1,1544.2,Selangor,1,Lost / Dormant Low-Value
15773,6,2,1559.9,Selangor,0,"New / Promising (recent, low frequency & value)"
15774,69,6,6796.5,Selangor,3,At-Risk High Value (lapsing loyal spender)
15775,245,2,815.0,Selangor,1,Lost / Dormant Low-Value
15776,133,1,1322.5,Selangor,1,Lost / Dormant Low-Value
15777,241,5,2719.8,Kelantan,3,At-Risk High Value (lapsing loyal spender)
15778,431,1,1686.5,Kuala Lumpur,1,Lost / Dormant Low-Value
15779,463,2,680.7,Sarawak,1,Lost / Dormant Low-Value
15780,184,3,2606.9,Johor,3,At-Risk High Value (lapsing loyal spender)
15781,25,3,1897.1,Melaka,0,"New / Promising (recent, low frequency & value)"
15782,10,4,4029.6,Selangor,0,"New / Promising (recent, low frequency & value)"
15783,11,1,1346.0,Kuala Lumpur,0,"New / Promising (recent, low frequency & value)"
15784,468,2,3981.0,Perlis,3,At-Risk High Value (lapsing loyal spender)
15785,33,16,16774.4,Selangor,2,"Champions (recent, frequent, high spend)"
15786,46,5,44531.6,Penang,2,"Champions (recent, frequent, high spend)"
15787,26,3,5122.6,Selangor,0,"New / Promising (recent, low frequency & value)"
15788,509,1,1224.3,Selangor,1,Lost / Dormant Low-Value
15789,358,6,10780.3,Selangor,3,At-Risk High Value (lapsing loyal spender)
15790,10,1,1209.8,Kuala Lumpur,0,"New / Promising (recent, low frequency & value)"
15791,44,5,17107.3,Johor,3,At-Risk High Value (lapsing loyal spender)
15792,400,2,5134.3,Kuala Lumpur,3,At-Risk High Value (lapsing loyal spender)
15793,15,6,979.9,Perak,0,"New / Promising (recent, low frequency & value)"
15794,737,1,717.2,Johor,1,Lost / Dormant Low-Value
15795,150,8,10948.2,Kedah,3,At-Risk High Value (lapsing loyal spender)
15796,1,17,24981.7,Selangor,2,"Champions (recent, frequent, high spend)"
15797,319,1,82.5,Johor,1,Lost / Dormant Low-Value
15798,493,3,8424.6,Selangor,3,At-Risk High Value (lapsing loyal spender)
15799,76,4,7156.6,Selangor,3,At-Risk High Value (lapsing loyal spender)
15800,107,7,6233.3,Johor,3,At-Risk High Value (lapsing loyal spender)
15801,46,3,5820.3,Sabah,0,"New / Promising (recent, low frequency & value)"
15803,51,4,4610.0,Penang,0,"New / Promising (recent, low frequency & value)"
15804,1,13,21782.6,Penang,2,"Champions (recent, frequent, high spend)"
15805,23,29,48438.8,Selangor,2,"Champions (recent, frequent, high spend)"
15806,46,3,2272.2,Johor,0,"New / Promising (recent, low frequency & value)"
15807,50,5,8986.2,Selangor,3,At-Risk High Value (lapsing loyal spender)
15808,306,21,61838.6,Johor,2,"Champions (recent, frequent, high spend)"
15809,36,7,4806.7,Kuala Lumpur,0,"New / Promising (recent, low frequency & value)"
15810,79,8,13649.1,Selangor,3,At-Risk High Value (lapsing loyal spender)
15811,22,7,18378.2,Sarawak,2,"Champions (recent, frequent, high spend)"
15812,107,10,5631.2,Negeri Sembilan,3,At-Risk High Value (lapsing loyal spender)
15813,208,2,2680.8,Selangor,1,Lost / Dormant Low-Value
15814,17,6,8845.5,Perak,2,"Champions (recent, frequent, high spend)"
15815,64,4,3228.4,Kuala Lumpur,0,"New / Promising (recent, low frequency & value)"
15816,542,2,510.0,Kuala Lumpur,1,Lost / Dormant Low-Value
15817,421,3,14535.1,Johor,3,At-Risk High Value (lapsing loyal spender)
15818,588,1,670.2,Penang,1,Lost / Dormant Low-Value
15819,49,10,21285.5,Kuala Lumpur,2,"Champions (recent, frequent, high spend)"
15820,320,1,639.0,Selangor,1,Lost / Dormant Low-Value
15821,44,2,3140.8,Kuala Lumpur,0,"New / Promising (recent, low frequency & value)"
15822,3,6,6689.8,Kuala Lumpur,2,"Champions (recent, frequent, high spend)"
15823,372,2,16640.4,Selangor,3,At-Risk High Value (lapsing loyal spender)
15824,453,2,2520.6,Kuala Lumpur,1,Lost / Dormant Low-Value
15825,172,1,1234.4,Perlis,1,Lost / Dormant Low-Value
15826,56,4,12365.4,Johor,3,At-Risk High Value (lapsing loyal spender)
15827,73,28,19340.6,Johor,2,"Champions (recent, frequent, high spend)"
15828,375,1,5254.6,Kuala Lumpur,1,Lost / Dormant Low-Value
15829,99,2,3463.2,Pahang,3,At-Risk High Value (lapsing loyal spender)
15830,38,1,3193.5,Kuala Lumpur,0,"New / Promising (recent, low frequency & value)"
15831,58,3,3142.3,Selangor,0,"New / Promising (recent, low frequency & value)"
15832,254,1,4578.2,Kuala Lumpur,1,Lost / Dormant Low-Value
15833,738,1,442.8,Kelantan,1,Lost / Dormant Low-Value
15834,70,6,18724.9,Selangor,3,At-Risk High Value (lapsing loyal spender)
15835,44,4,4728.8,Kuala Lumpur,0,"New / Promising (recent, low frequency & value)"
15836,50,1,757.5,Penang,1,Lost / Dormant Low-Value
15837,65,2,4271.0,Kuala Lumpur,0,"New / Promising (recent, low frequency & value)"
15838,25,7,2352.0,Selangor,0,"New / Promising (recent, low frequency & value)"
15839,33,3,5517.8,Sarawak,0,"New / Promising (recent, low frequency & value)"
15840,59,2,1946.4,Kedah,0,"New / Promising (recent, low frequency & value)"
15841,73,9,6838.5,Selangor,3,At-Risk High Value (lapsing loyal spender)
15842,393,2,2598.6,Johor,1,Lost / Dormant Low-Value
15843,304,1,650.7,Sarawak,1,Lost / Dormant Low-Value
15844,46,1,702.0,Selangor,1,Lost / Dormant Low-Value
15845,18,11,18599.3,Sabah,2,"Champions (recent, frequent, high spend)"
15846,385,1,591.3,Selangor,1,Lost / Dormant Low-Value
15847,38,5,3824.0,Penang,0,"New / Promising (recent, low frequency & value)"
15848,622,1,755.7,Penang,1,Lost / Dormant Low-Value
15850,19,6,5460.5,Selangor,0,"New / Promising (recent, low frequency & value)"
15851,527,1,602.9,Selangor,1,Lost / Dormant Low-Value
15852,197,2,1095.0,Selangor,1,Lost / Dormant Low-Value
15853,52,1,627.8,Johor,1,Lost / Dormant Low-Value
15854,4,19,12739.3,Kuala Lumpur,2,"Champions (recent, frequent, high spend)"
15855,137,6,4596.4,Terengganu,3,At-Risk High Value (lapsing loyal spender)
15856,4,51,60973.6,Penang,2,"Champions (recent, frequent, high spend)"
15857,19,2,1701.6,Selangor,0,"New / Promising (recent, low frequency & value)"
15858,16,13,18272.6,Selangor,2,"Champions (recent, frequent, high spend)"
15859,432,1,2134.8,Perak,1,Lost / Dormant Low-Value
15860,41,17,12904.4,Perak,2,"Champions (recent, frequent, high spend)"
15861,12,11,22450.6,Kuala Lumpur,2,"Champions (recent, frequent, high spend)"
15862,8,13,13762.6,Johor,2,"Champions (recent, frequent, high spend)"
15863,26,5,1944.4,Selangor,0,"New / Promising (recent, low frequency & value)"
15864,67,4,567.0,Kuala Lumpur,0,"New / Promising (recent, low frequency & value)"
15865,41,5,10278.2,Sabah,3,At-Risk High Value (lapsing loyal spender)
15866,101,1,1174.4,Penang,1,Lost / Dormant Low-Value
15867,5,31,46403.9,Selangor,2,"Champions (recent, frequent, high spend)"
15868,583,1,232.8,Selangor,1,Lost / Dormant Low-Value
15869,277,3,1762.1,Selangor,1,Lost / Dormant Low-Value
15870,33,4,4024.0,Kuala Lumpur,0,"New / Promising (recent, low frequency & value)"
15871,437,1,182.6,Perak,1,Lost / Dormant Low-Value
15872,15,4,3730.7,Selangor,0,"New / Promising (recent, low frequency & value)"
15873,501,3,504.0,Johor,1,Lost / Dormant Low-Value
15874,64,19,26552.7,Kuala Lumpur,2,"Champions (recent, frequent, high spend)"
15875,646,1,594.1,Selangor,1,Lost / Dormant Low-Value
15876,409,1,219.6,Selangor,1,Lost / Dormant Low-Value
15877,2,2,2718.0,Selangor,0,"New / Promising (recent, low frequency & value)"
15878,562,2,1232.1,Sabah,1,Lost / Dormant Low-Value
15879,404,3,5106.7,Selangor,3,At-Risk High Value (lapsing loyal spender)
15880,369,1,1802.0,Johor,1,Lost / Dormant Low-Value
15881,312,5,1312.1,Kuala Lumpur,3,At-Risk High Value (lapsing loyal spender)
15882,199,7,3800.2,Selangor,3,At-Risk High Value (lapsing loyal spender)
15883,2,2,2195.6,Sabah,0,"New / Promising (recent, low frequency & value)"
15884,432,2,552.2,Sabah,1,Lost / Dormant Low-Value
15885,93,13,6048.5,Kuala Lumpur,3,At-Risk High Value (lapsing loyal spender)
15886,60,4,4089.3,Selangor,3,At-Risk High Value (lapsing loyal spender)
15887,460,2,3500.0,Johor,3,At-Risk High Value (lapsing loyal spender)
15888,81,3,1937.3999999999999,Selangor,0,"New / Promising (recent, low frequency & value)"
15889,157,8,7884.9,Melaka,3,At-Risk High Value (lapsing loyal spender)
15890,395,3,617.2,Perak,1,Lost / Dormant Low-Value
15891,227,1,2829.4,Penang,1,Lost / Dormant Low-Value
15892,669,1,703.6,Negeri Sembilan,1,Lost / Dormant Low-Value
15894,253,2,1018.1,Selangor,1,Lost / Dormant Low-Value
15895,150,1,240.8,Kuala Lumpur,1,Lost / Dormant Low-Value
15897,194,2,531.9,Selangor,1,Lost / Dormant Low-Value
15898,1,25,24770.4,Selangor,2,"Champions (recent, frequent, high spend)"
15899,369,1,306.4,Selangor,1,Lost / Dormant Low-Value
15900,24,4,4495.2,Selangor,0,"New / Promising (recent, low frequency & value)"
15901,17,7,3771.9,Selangor,0,"New / Promising (recent, low frequency & value)"
15902,380,1,811.5,Kuala Lumpur,1,Lost / Dormant Low-Value
15903,26,6,3699.6,Kuala Lumpur,0,"New / Promising (recent, low frequency & value)"
15904,8,1,900.1,Selangor,0,"New / Promising (recent, low frequency & value)"
15905,543,1,634.0,Kuala Lumpur,1,Lost / Dormant Low-Value
15906,20,10,12060.9,Kedah,2,"Champions (recent, frequent, high spend)"
15907,4,3,4840.6,Kuala Lumpur,0,"New / Promising (recent, low frequency & value)"
15908,512,1,999.6,Kedah,1,Lost / Dormant Low-Value
15909,174,1,382.0,Kuala Lumpur,1,Lost / Dormant Low-Value
15910,1,15,14078.3,Sarawak,2,"Champions (recent, frequent, high spend)"
15911,624,8,9334.6,Johor,3,At-Risk High Value (lapsing loyal spender)
15912,178,9,4361.0,Selangor,3,At-Risk High Value (lapsing loyal spender)
15913,534,1,34.5,Selangor,1,Lost / Dormant Low-Value
15914,378,2,295.8,Kuala Lumpur,1,Lost / Dormant Low-Value
15915,402,1,2052.8,Kuala Lumpur,1,Lost / Dormant Low-Value
15916,16,12,15723.0,Perak,2,"Champions (recent, frequent, high spend)"
15917,248,5,2898.9,Selangor,3,At-Risk High Value (lapsing loyal spender)
15918,191,3,3197.0,Selangor,3,At-Risk High Value (lapsing loyal spender)
15919,20,2,2911.0,Melaka,0,"New / Promising (recent, low frequency & value)"
15920,154,9,2579.9,Johor,3,At-Risk High Value (lapsing loyal spender)
15921,173,4,3542.7,Selangor,3,At-Risk High Value (lapsing loyal spender)
15922,373,1,1358.0,Perak,1,Lost / Dormant Low-Value
15923,373,1,687.4,Johor,1,Lost / Dormant Low-Value
15924,731,1,553.5,Johor,1,Lost / Dormant Low-Value
15925,194,1,1131.6,Selangor,1,Lost / Dormant Low-Value
15926,542,1,741.9,Selangor,1,Lost / Dormant Low-Value
15927,647,1,587.4,Negeri Sembilan,1,Lost / Dormant Low-Value
15928,656,1,791.2,Selangor,1,Lost / Dormant Low-Value
15930,67,1,2335.8,Selangor,0,"New / Promising (recent, low frequency & value)"
15931,428,1,1318.2,Selangor,1,Lost / Dormant Low-Value
15932,4,8,8490.4,Pahang,2,"Champions (recent, frequent, high spend)"
15933,21,3,5816.1,Johor,0,"New / Promising (recent, low frequency & value)"
15934,418,1,1008.0,Selangor,1,Lost / Dormant Low-Value
15935,239,1,609.8,Johor,1,Lost / Dormant Low-Value
15936,379,2,1578.8,Negeri Sembilan,1,Lost / Dormant Low-Value
15937,64,1,793.0,Putrajaya,1,Lost / Dormant Low-Value
15938,112,9,3208.4,Selangor,3,At-Risk High Value (lapsing loyal spender)
15939,90,14,9511.9,Kuala Lumpur,2,"Champions (recent, frequent, high spend)"
15940,311,1,196.0,Negeri Sembilan,1,Lost / Dormant Low-Value
15941,637,1,444.0,Kuala Lumpur,1,Lost / Dormant Low-Value
15942,134,1,1620.8,Selangor,1,Lost / Dormant Low-Value
15943,650,2,1492.6,Johor,1,Lost / Dormant Low-Value
15944,277,4,2512.0,Melaka,3,At-Risk High Value (lapsing loyal spender)
15945,365,4,1468.8,Johor,1,Lost / Dormant Low-Value
15946,503,2,382.8,Johor,1,Lost / Dormant Low-Value
15947,83,1,2859.4,Selangor,0,"New / Promising (recent, low frequency & value)"
15948,8,3,8280.1,Kuala Lumpur,0,"New / Promising (recent, low frequency & value)"
15949,17,2,1999.6,Kuala Lumpur,0,"New / Promising (recent, low frequency & value)"
15950,32,10,32037.5,Johor,2,"Champions (recent, frequent, high spend)"
15951,9,3,5558.5,Perak,0,"New / Promising (recent, low frequency & value)"
15952,34,4,4292.3,Putrajaya,0,"New / Promising (recent, low frequency & value)"
15953,15,17,10450.9,Selangor,2,"Champions (recent, frequent, high spend)"
15954,589,1,1052.8,Selangor,1,Lost / Dormant Low-Value
15955,24,21,36342.8,Perak,2,"Champions (recent, frequent, high spend)"
15956,551,1,1594.9,Sarawak,1,Lost / Dormant Low-Value
15957,32,3,4776.4,Johor,0,"New / Promising (recent, low frequency & value)"
15958,74,4,2294.6,Selangor,0,"New / Promising (recent, low frequency & value)"
15959,682,3,2986.6,Kuala Lumpur,3,At-Risk High Value (lapsing loyal spender)
15960,374,4,2277.7,Selangor,3,At-Risk High Value (lapsing loyal spender)
15961,379,1,1326.2,Melaka,1,Lost / Dormant Low-Value
15962,449,1,1586.5,Kuala Lumpur,1,Lost / Dormant Low-Value
15963,20,2,2590.2,Selangor,0,"New / Promising (recent, low frequency & value)"
15964,663,1,1471.2,Selangor,1,Lost / Dormant Low-Value
15965,17,13,12797.6,Kuala Lumpur,2,"Champions (recent, frequent, high spend)"
15966,451,1,2343.0,Selangor,1,Lost / Dormant Low-Value
15967,23,12,15482.8,Sarawak,2,"Champions (recent, frequent, high spend)"
15968,388,1,2216.2,Selangor,1,Lost / Dormant Low-Value
15969,3,5,4270.1,Penang,0,"New / Promising (recent, low frequency & value)"
15970,304,2,1767.0,Johor,1,Lost / Dormant Low-Value
15971,53,7,1503.0,Johor,0,"New / Promising (recent, low frequency & value)"
15972,456,4,7703.1,Penang,3,At-Risk High Value (lapsing loyal spender)
15973,367,3,877.9,Negeri Sembilan,1,Lost / Dormant Low-Value
15974,39,7,15922.7,Selangor,2,"Champions (recent, frequent, high spend)"
15975,84,1,2026.2,Selangor,1,Lost / Dormant Low-Value
15976,165,6,9256.3,Johor,3,At-Risk High Value (lapsing loyal spender)
15977,17,2,4215.5,Selangor,0,"New / Promising (recent, low frequency & value)"
15978,77,3,12966.2,Selangor,3,At-Risk High Value (lapsing loyal spender)
15979,603,1,1798.2,Kuala Lumpur,1,Lost / Dormant Low-Value
15980,89,7,6586.0,Selangor,3,At-Risk High Value (lapsing loyal spender)
15981,25,13,24726.0,Sarawak,2,"Champions (recent, frequent, high spend)"
15982,605,1,1526.7,Selangor,1,Lost / Dormant Low-Value
15983,22,8,12605.3,Selangor,2,"Champions (recent, frequent, high spend)"
15984,3,27,31023.0,Kuala Lumpur,2,"Champions (recent, frequent, high spend)"
15985,123,7,10640.0,Selangor,3,At-Risk High Value (lapsing loyal spender)
15986,30,2,1917.0,Selangor,0,"New / Promising (recent, low frequency & value)"
15987,12,7,3839.2,Kuala Lumpur,0,"New / Promising (recent, low frequency & value)"
15988,19,3,4035.5,Johor,0,"New / Promising (recent, low frequency & value)"
15989,376,2,2021.8,Selangor,1,Lost / Dormant Low-Value
15990,44,7,9890.9,Selangor,3,At-Risk High Value (lapsing loyal spender)
15991,534,1,544.7,Johor,1,Lost / Dormant Low-Value
15992,4,3,4930.5,Penang,0,"New / Promising (recent, low frequency & value)"
15993,9,7,15231.4,Pahang,2,"Champions (recent, frequent, high spend)"
15994,55,3,5666.1,Kuala Lumpur,0,"New / Promising (recent, low frequency & value)"
15995,414,1,3431.8,Johor,1,Lost / Dormant Low-Value
15996,88,7,7641.5,Terengganu,3,At-Risk High Value (lapsing loyal spender)
15998,37,16,45265.3,Kuala Lumpur,2,"Champions (recent, frequent, high spend)"
15999,736,1,108.0,Selangor,1,Lost / Dormant Low-Value
16001,381,1,2800.0,Perak,1,Lost / Dormant Low-Value
16002,625,1,928.6,Kuala Lumpur,1,Lost / Dormant Low-Value
16003,30,10,16892.3,Kuala Lumpur,2,"Champions (recent, frequent, high spend)"
16004,475,5,9423.0,Kuala Lumpur,3,At-Risk High Value (lapsing loyal spender)
16005,12,10,12444.7,Sabah,2,"Champions (recent, frequent, high spend)"
16006,211,2,1816.9,Putrajaya,1,Lost / Dormant Low-Value
16007,48,7,16773.2,Selangor,2,"Champions (recent, frequent, high spend)"
16008,24,15,23380.3,Kuala Lumpur,2,"Champions (recent, frequent, high spend)"
16009,32,3,4771.4,Selangor,0,"New / Promising (recent, low frequency & value)"
16010,246,11,9273.6,Sarawak,3,At-Risk High Value (lapsing loyal spender)
16011,8,29,27563.9,Johor,2,"Champions (recent, frequent, high spend)"
16012,35,5,13078.2,Selangor,3,At-Risk High Value (lapsing loyal spender)
16013,8,9,6544.9,Selangor,2,"Champions (recent, frequent, high spend)"
16014,38,5,6034.9,Selangor,0,"New / Promising (recent, low frequency & value)"
16015,4,3,3376.0,Kelantan,0,"New / Promising (recent, low frequency & value)"
16016,3,11,11415.4,Selangor,2,"Champions (recent, frequent, high spend)"
16017,47,5,7900.9,Selangor,3,At-Risk High Value (lapsing loyal spender)
16018,39,4,2833.3,Sabah,0,"New / Promising (recent, low frequency & value)"
16019,47,24,22821.9,Kuala Lumpur,2,"Champions (recent, frequent, high spend)"
16020,17,3,4100.8,Sarawak,0,"New / Promising (recent, low frequency & value)"
16021,395,2,2675.7,Selangor,1,Lost / Dormant Low-Value
16022,260,1,3080.7,Selangor,1,Lost / Dormant Low-Value
16023,46,3,3973.9,Selangor,0,"New / Promising (recent, low frequency & value)"
16024,12,3,1696.6,Kuala Lumpur,0,"New / Promising (recent, low frequency & value)"
16025,30,1,2404.4,Kedah,0,"New / Promising (recent, low frequency & value)"
16026,43,1,1288.5,Selangor,0,"New / Promising (recent, low frequency & value)"
16027,137,7,2207.3,Selangor,3,At-Risk High Value (lapsing loyal spender)
16028,596,1,449.6,Penang,1,Lost / Dormant Low-Value
16029,81,7,1560.0,Selangor,3,At-Risk High Value (lapsing loyal spender)
16030,310,1,1820.5,Selangor,1,Lost / Dormant Low-Value
16031,92,2,3048.9,Kuala Lumpur,0,"New / Promising (recent, low frequency & value)"
16032,456,6,10760.9,Kuala Lumpur,3,At-Risk High Value (lapsing loyal spender)
16033,6,27,54446.3,Penang,2,"Champions (recent, frequent, high spend)"
16034,196,5,3639.4,Selangor,3,At-Risk High Value (lapsing loyal spender)
16035,560,1,1195.7,Selangor,1,Lost / Dormant Low-Value
16036,87,4,10842.7,Melaka,3,At-Risk High Value (lapsing loyal spender)
16037,270,5,6145.2,Kuala Lumpur,3,At-Risk High Value (lapsing loyal spender)
16038,8,3,2576.2,Melaka,0,"New / Promising (recent, low frequency & value)"
16039,424,2,2504.1,Kuala Lumpur,1,Lost / Dormant Low-Value
16040,65,7,12495.6,Sarawak,3,At-Risk High Value (lapsing loyal spender)
16042,22,8,12127.1,Kuala Lumpur,2,"Champions (recent, frequent, high spend)"
16043,38,8,6700.4,Sarawak,2,"Champions (recent, frequent, high spend)"
16044,435,1,1877.6,Selangor,1,Lost / Dormant Low-Value
16045,120,8,12510.7,Kuala Lumpur,3,At-Risk High Value (lapsing loyal spender)
16046,562,1,1304.3,Kuala Lumpur,1,Lost / Dormant Low-Value
16048,373,4,3379.1,Johor,3,At-Risk High Value (lapsing loyal spender)
16049,40,6,10181.3,Selangor,3,At-Risk High Value (lapsing loyal spender)
16050,174,3,1652.8,Selangor,1,Lost / Dormant Low-Value
16051,682,1,1044.6,Johor,1,Lost / Dormant Low-Value
16052,54,1,1982.0,Selangor,0,"New / Promising (recent, low frequency & value)"
16053,33,6,16645.3,Selangor,2,"Champions (recent, frequent, high spend)"
16054,145,4,8603.3,Penang,3,At-Risk High Value (lapsing loyal spender)
16055,221,1,739.9,Selangor,1,Lost / Dormant Low-Value
16056,45,1,3563.0,Sabah,0,"New / Promising (recent, low frequency & value)"
16057,16,10,21157.1,Johor,2,"Champions (recent, frequent, high spend)"
16058,406,1,96.0,Selangor,1,Lost / Dormant Low-Value
16059,66,12,16682.3,Johor,2,"Champions (recent, frequent, high spend)"
16060,431,2,2541.0,Kuala Lumpur,1,Lost / Dormant Low-Value
16061,431,1,162.8,Kuala Lumpur,1,Lost / Dormant Low-Value
16062,10,8,12757.4,Perlis,2,"Champions (recent, frequent, high spend)"
16063,260,1,1851.4,Sabah,1,Lost / Dormant Low-Value
16064,725,1,597.7,Selangor,1,Lost / Dormant Low-Value
16065,365,8,10621.3,Johor,3,At-Risk High Value (lapsing loyal spender)
16066,17,5,5770.0,Pahang,0,"New / Promising (recent, low frequency & value)"
16067,563,3,6111.7,Selangor,3,At-Risk High Value (lapsing loyal spender)
16068,594,1,632.3,Penang,1,Lost / Dormant Low-Value
16069,418,1,1973.0,Selangor,1,Lost / Dormant Low-Value
16070,22,2,2294.6,Penang,0,"New / Promising (recent, low frequency & value)"
16071,45,4,5930.8,Kuala Lumpur,0,"New / Promising (recent, low frequency & value)"
16072,288,4,20433.9,Selangor,3,At-Risk High Value (lapsing loyal spender)
16074,390,1,1388.1,Johor,1,Lost / Dormant Low-Value
16075,503,2,4037.7,Selangor,3,At-Risk High Value (lapsing loyal spender)
16076,3,9,10593.3,Penang,2,"Champions (recent, frequent, high spend)"
16078,669,1,1557.3,Johor,1,Lost / Dormant Low-Value
16079,17,3,888.0,Sarawak,0,"New / Promising (recent, low frequency & value)"
16080,82,4,3062.1,Kuala Lumpur,3,At-Risk High Value (lapsing loyal spender)
16081,56,8,21751.4,Labuan,2,"Champions (recent, frequent, high spend)"
16082,670,1,583.5,Selangor,1,Lost / Dormant Low-Value
16083,101,4,5869.4,Selangor,3,At-Risk High Value (lapsing loyal spender)
16084,299,1,2137.9,Kuala Lumpur,1,Lost / Dormant Low-Value
16085,23,12,12545.4,Melaka,2,"Champions (recent, frequent, high spend)"
16086,59,10,13298.5,Perak,2,"Champions (recent, frequent, high spend)"
16088,592,1,186.3,Penang,1,Lost / Dormant Low-Value
16089,386,2,1441.4,Kuala Lumpur,1,Lost / Dormant Low-Value
16090,624,1,989.6,Penang,1,Lost / Dormant Low-Value
16091,155,2,1726.2,Selangor,1,Lost / Dormant Low-Value
16092,115,6,8192.0,Kuala Lumpur,3,At-Risk High Value (lapsing loyal spender)
16093,107,1,90.0,Selangor,1,Lost / Dormant Low-Value
16094,12,11,17524.2,Kuala Lumpur,2,"Champions (recent, frequent, high spend)"
16095,456,1,2448.0,Penang,1,Lost / Dormant Low-Value
16096,264,4,5906.7,Perak,3,At-Risk High Value (lapsing loyal spender)
16097,240,1,1020.1999999999999,Kuala Lumpur,1,Lost / Dormant Low-Value
16098,88,14,10113.2,Perak,2,"Champions (recent, frequent, high spend)"
16099,50,7,6899.8,Perak,3,At-Risk High Value (lapsing loyal spender)
16100,463,1,3187.2,Pahang,1,Lost / Dormant Low-Value
16101,71,4,17728.7,Sabah,3,At-Risk High Value (lapsing loyal spender)
16102,42,3,5130.2,Negeri Sembilan,0,"New / Promising (recent, low frequency & value)"
16103,7,22,16922.9,Kuala Lumpur,2,"Champions (recent, frequent, high spend)"
16104,62,9,12240.1,Kuala Lumpur,2,"Champions (recent, frequent, high spend)"
16105,249,5,10085.2,Kuala Lumpur,3,At-Risk High Value (lapsing loyal spender)
16106,66,1,598.6,Perak,1,Lost / Dormant Low-Value
16107,29,4,1062.0,Perak,0,"New / Promising (recent, low frequency & value)"
16108,85,4,12246.8,Kedah,3,At-Risk High Value (lapsing loyal spender)
16109,219,2,2400.0,Selangor,1,Lost / Dormant Low-Value
16110,45,4,9759.3,Kuala Lumpur,3,At-Risk High Value (lapsing loyal spender)
16111,428,1,2733.5,Penang,1,Lost / Dormant Low-Value
16112,143,4,754.2,Sabah,1,Lost / Dormant Low-Value
16113,183,1,881.6,Kuala Lumpur,1,Lost / Dormant Low-Value
16114,171,1,738.0,Selangor,1,Lost / Dormant Low-Value
16115,10,12,14010.5,Kuala Lumpur,2,"Champions (recent, frequent, high spend)"
16116,212,1,3365.6,Johor,1,Lost / Dormant Low-Value
16117,190,3,3592.3,Selangor,3,At-Risk High Value (lapsing loyal spender)
16118,653,1,917.2,Sarawak,1,Lost / Dormant Low-Value
16119,8,8,5501.8,Negeri Sembilan,2,"Champions (recent, frequent, high spend)"
16120,59,5,4561.9,Penang,3,At-Risk High Value (lapsing loyal spender)
16121,57,5,7965.9,Selangor,3,At-Risk High Value (lapsing loyal spender)
16122,73,6,4263.6,Selangor,3,At-Risk High Value (lapsing loyal spender)
16123,52,1,1681.4,Selangor,0,"New / Promising (recent, low frequency & value)"
16124,317,4,9424.7,Kuala Lumpur,3,At-Risk High Value (lapsing loyal spender)
16125,367,14,20521.6,Kuala Lumpur,3,At-Risk High Value (lapsing loyal spender)
16126,29,15,27002.0,Sarawak,2,"Champions (recent, frequent, high spend)"
16127,39,2,4133.5,Selangor,0,"New / Promising (recent, low frequency & value)"
16128,18,10,17031.8,Kuala Lumpur,2,"Champions (recent, frequent, high spend)"
16129,407,3,6717.5,Sarawak,3,At-Risk High Value (lapsing loyal spender)
16130,422,4,4860.0,Kuala Lumpur,3,At-Risk High Value (lapsing loyal spender)
16131,52,9,16443.4,Sarawak,2,"Champions (recent, frequent, high spend)"
16132,544,2,1055.4,Kuala Lumpur,1,Lost / Dormant Low-Value
16133,4,50,35004.7,Penang,2,"Champions (recent, frequent, high spend)"
16134,22,5,10670.7,Johor,0,"New / Promising (recent, low frequency & value)"
16135,263,2,3530.9,Perak,3,At-Risk High Value (lapsing loyal spender)
16136,60,4,4243.6,Sarawak,3,At-Risk High Value (lapsing loyal spender)
16137,680,1,2304.5,Selangor,1,Lost / Dormant Low-Value
16138,379,3,2851.6,Kuala Lumpur,3,At-Risk High Value (lapsing loyal spender)
16139,19,5,5818.8,Selangor,0,"New / Promising (recent, low frequency & value)"
16140,66,3,5823.0,Selangor,3,At-Risk High Value (lapsing loyal spender)
16141,88,2,5249.9,Selangor,3,At-Risk High Value (lapsing loyal spender)
16142,250,1,2962.8,Selangor,1,Lost / Dormant Low-Value
16143,3,12,20356.4,Selangor,2,"Champions (recent, frequent, high spend)"
16145,9,19,34337.2,Selangor,2,"Champions (recent, frequent, high spend)"
16146,204,3,3820.4,Johor,3,At-Risk High Value (lapsing loyal spender)
16147,134,5,12569.1,Negeri Sembilan,3,At-Risk High Value (lapsing loyal spender)
16148,437,1,868.8,Melaka,1,Lost / Dormant Low-Value
16149,5,3,2301.0,Perak,0,"New / Promising (recent, low frequency & value)"
16150,43,10,19852.3,Kuala Lumpur,2,"Champions (recent, frequent, high spend)"
16152,269,1,1599.8,Selangor,1,Lost / Dormant Low-Value
16153,50,11,21524.1,Selangor,2,"Champions (recent, frequent, high spend)"
16155,382,5,4359.8,Kuala Lumpur,3,At-Risk High Value (lapsing loyal spender)
16156,9,19,25710.2,Sarawak,2,"Champions (recent, frequent, high spend)"
16157,16,3,1701.0,Penang,0,"New / Promising (recent, low frequency & value)"
16158,522,8,2876.5,Sabah,3,At-Risk High Value (lapsing loyal spender)
16159,282,4,6129.4,Selangor,3,At-Risk High Value (lapsing loyal spender)
16160,65,2,876.0,Kedah,1,Lost / Dormant Low-Value
16161,2,43,66218.5,Selangor,2,"Champions (recent, frequent, high spend)"
16162,252,1,205.8,Selangor,1,Lost / Dormant Low-Value
16163,365,5,5852.7,Selangor,3,At-Risk High Value (lapsing loyal spender)
16164,17,3,3103.3,Johor,0,"New / Promising (recent, low frequency & value)"
16166,428,2,2389.0,Kuala Lumpur,1,Lost / Dormant Low-Value
16167,414,5,5452.0,Selangor,3,At-Risk High Value (lapsing loyal spender)
16168,11,57,27988.1,Pahang,2,"Champions (recent, frequent, high spend)"
16169,8,4,7916.1,Sarawak,0,"New / Promising (recent, low frequency & value)"
16170,51,20,36417.2,Selangor,2,"Champions (recent, frequent, high spend)"
16171,59,1,405.6,Selangor,1,Lost / Dormant Low-Value
16172,95,8,9657.4,Johor,3,At-Risk High Value (lapsing loyal spender)
16173,16,6,7516.5,Melaka,0,"New / Promising (recent, low frequency & value)"
16174,126,6,6298.4,Selangor,3,At-Risk High Value (lapsing loyal spender)
16175,94,7,9471.6,Selangor,3,At-Risk High Value (lapsing loyal spender)
16176,421,4,6341.8,Selangor,3,At-Risk High Value (lapsing loyal spender)
16177,50,8,12344.1,Kuala Lumpur,2,"Champions (recent, frequent, high spend)"
16178,138,2,2489.2,Penang,1,Lost / Dormant Low-Value
16179,61,1,1188.3,Sabah,1,Lost / Dormant Low-Value
16180,100,13,24514.2,Kuala Lumpur,2,"Champions (recent, frequent, high spend)"
16181,73,1,903.8,Selangor,1,Lost / Dormant Low-Value
16182,72,2,858.3,Selangor,1,Lost / Dormant Low-Value
16183,67,4,4312.7,Johor,3,At-Risk High Value (lapsing loyal spender)
16184,64,6,5035.1,Selangor,3,At-Risk High Value (lapsing loyal spender)
16185,17,3,3544.1,Penang,0,"New / Promising (recent, low frequency & value)"
16186,23,26,45386.9,Johor,2,"Champions (recent, frequent, high spend)"
16187,32,15,30207.6,Kuala Lumpur,2,"Champions (recent, frequent, high spend)"
16188,45,5,5980.7,Selangor,3,At-Risk High Value (lapsing loyal spender)
16189,16,2,855.8,Selangor,0,"New / Promising (recent, low frequency & value)"
16190,40,8,12783.7,Kedah,2,"Champions (recent, frequent, high spend)"
16191,3,16,11732.4,Sabah,2,"Champions (recent, frequent, high spend)"
16192,736,1,1044.4,Selangor,1,Lost / Dormant Low-Value
16193,237,2,3450.6,Selangor,3,At-Risk High Value (lapsing loyal spender)
16194,375,1,605.6,Sarawak,1,Lost / Dormant Low-Value
16195,723,1,1766.2,Johor,1,Lost / Dormant Low-Value
16196,489,1,515.0,Kuala Lumpur,1,Lost / Dormant Low-Value
16197,469,9,9340.4,Selangor,3,At-Risk High Value (lapsing loyal spender)
16198,75,2,4502.3,Selangor,0,"New / Promising (recent, low frequency & value)"
16199,471,1,162.0,Kuala Lumpur,1,Lost / Dormant Low-Value
16200,4,12,29492.3,Melaka,2,"Champions (recent, frequent, high spend)"
16201,3,5,11245.8,Johor,2,"Champions (recent, frequent, high spend)"
16202,361,9,11823.0,Selangor,3,At-Risk High Value (lapsing loyal spender)
16203,59,6,5179.8,Kedah,3,At-Risk High Value (lapsing loyal spender)
16204,23,3,4695.9,Selangor,0,"New / Promising (recent, low frequency & value)"
16205,31,7,7353.7,Penang,2,"Champions (recent, frequent, high spend)"
16206,55,13,13479.3,Selangor,2,"Champions (recent, frequent, high spend)"
16207,25,1,1390.4,Selangor,0,"New / Promising (recent, low frequency & value)"
16208,45,10,17510.0,Kuala Lumpur,2,"Champions (recent, frequent, high spend)"
16209,89,6,5522.8,Kuala Lumpur,3,At-Risk High Value (lapsing loyal spender)
16210,2,27,15762.2,Perak,2,"Champions (recent, frequent, high spend)"
16211,89,2,3361.1,Selangor,0,"New / Promising (recent, low frequency & value)"
16212,19,4,7087.5,Kuala Lumpur,0,"New / Promising (recent, low frequency & value)"
16213,79,1,454.20000000000005,Penang,1,Lost / Dormant Low-Value
16214,171,4,9706.0,Kuala Lumpur,3,At-Risk High Value (lapsing loyal spender)
16215,81,1,1334.2,Kuala Lumpur,1,Lost / Dormant Low-Value
16216,267,1,3519.1,Selangor,1,Lost / Dormant Low-Value
16217,235,2,1311.5,Johor,1,Lost / Dormant Low-Value
16218,30,11,11200.6,Sabah,2,"Champions (recent, frequent, high spend)"
16219,501,1,216.0,Perak,1,Lost / Dormant Low-Value
16221,37,9,10528.8,Selangor,2,"Champions (recent, frequent, high spend)"
16222,318,2,6651.4,Labuan,3,At-Risk High Value (lapsing loyal spender)
16223,375,2,5391.0,Selangor,3,At-Risk High Value (lapsing loyal spender)
16224,57,5,8933.7,Melaka,3,At-Risk High Value (lapsing loyal spender)
16225,45,15,14914.7,Selangor,2,"Champions (recent, frequent, high spend)"
16226,203,5,2654.3,Selangor,3,At-Risk High Value (lapsing loyal spender)
16227,225,3,2629.2,Selangor,3,At-Risk High Value (lapsing loyal spender)
16228,385,3,2735.4,Johor,3,At-Risk High Value (lapsing loyal spender)
16229,87,6,12883.8,Kuala Lumpur,3,At-Risk High Value (lapsing loyal spender)
16230,190,2,2941.4,Selangor,3,At-Risk High Value (lapsing loyal spender)
16231,379,4,5431.4,Negeri Sembilan,3,At-Risk High Value (lapsing loyal spender)
16232,44,7,8935.2,Perak,3,At-Risk High Value (lapsing loyal spender)
16233,71,8,6233.9,Melaka,3,At-Risk High Value (lapsing loyal spender)
16234,476,3,1471.6,Perak,1,Lost / Dormant Low-Value
16235,41,9,11051.1,Selangor,2,"Champions (recent, frequent, high spend)"
16236,78,1,2104.4,Johor,1,Lost / Dormant Low-Value
16237,437,1,749.3,Penang,1,Lost / Dormant Low-Value
16238,423,1,355.3,Kedah,1,Lost / Dormant Low-Value
16239,57,5,2696.8,Kuala Lumpur,0,"New / Promising (recent, low frequency & value)"
16240,24,2,11333.2,Selangor,0,"New / Promising (recent, low frequency & value)"
16241,10,16,21878.8,Selangor,2,"Champions (recent, frequent, high spend)"
16242,8,14,38538.0,Perak,2,"Champions (recent, frequent, high spend)"
16243,34,2,1776.2,Selangor,0,"New / Promising (recent, low frequency & value)"
16244,212,2,8335.6,Penang,3,At-Risk High Value (lapsing loyal spender)
16245,24,3,7729.7,Melaka,0,"New / Promising (recent, low frequency & value)"
16246,460,2,3905.8,Selangor,3,At-Risk High Value (lapsing loyal spender)
16247,170,1,617.2,Kedah,1,Lost / Dormant Low-Value
16248,62,1,840.0,Selangor,1,Lost / Dormant Low-Value
16249,53,5,5659.2,Melaka,3,At-Risk High Value (lapsing loyal spender)
16250,261,3,3093.5,Kuala Lumpur,3,At-Risk High Value (lapsing loyal spender)
16251,512,1,705.3,Selangor,1,Lost / Dormant Low-Value
16252,383,1,1624.9,Penang,1,Lost / Dormant Low-Value
16253,67,7,26132.5,Penang,2,"Champions (recent, frequent, high spend)"
16254,378,3,5065.9,Selangor,3,At-Risk High Value (lapsing loyal spender)
16255,17,15,24930.1,Negeri Sembilan,2,"Champions (recent, frequent, high spend)"
16256,267,2,854.2,Penang,1,Lost / Dormant Low-Value
16257,177,1,258.4,Selangor,1,Lost / Dormant Low-Value
16258,45,14,29256.2,Selangor,2,"Champions (recent, frequent, high spend)"
16259,410,3,1870.8,Negeri Sembilan,1,Lost / Dormant Low-Value
16260,51,1,965.6,Sarawak,1,Lost / Dormant Low-Value
16261,17,6,5733.3,Kuala Lumpur,0,"New / Promising (recent, low frequency & value)"
16262,378,1,3586.8,Selangor,1,Lost / Dormant Low-Value
16263,423,1,1342.3,Kuala Lumpur,1,Lost / Dormant Low-Value
16264,438,2,4218.2,Selangor,3,At-Risk High Value (lapsing loyal spender)
16265,9,12,31019.2,Penang,2,"Champions (recent, frequent, high spend)"
16266,74,14,8143.4,Selangor,2,"Champions (recent, frequent, high spend)"
16267,591,1,486.0,Selangor,1,Lost / Dormant Low-Value
16268,71,2,3436.8,Johor,0,"New / Promising (recent, low frequency & value)"
16269,438,1,3909.0,Penang,1,Lost / Dormant Low-Value
16270,353,1,4306.6,Selangor,1,Lost / Dormant Low-Value
16271,3,10,17368.2,Selangor,2,"Champions (recent, frequent, high spend)"
16272,117,1,2275.1,Pahang,1,Lost / Dormant Low-Value
16273,656,1,1330.8,Selangor,1,Lost / Dormant Low-Value
16274,373,1,1930.7,Selangor,1,Lost / Dormant Low-Value
16275,197,3,11036.4,Johor,3,At-Risk High Value (lapsing loyal spender)
16276,177,3,1312.4,Johor,1,Lost / Dormant Low-Value
16277,734,1,1037.2,Kuala Lumpur,1,Lost / Dormant Low-Value
16278,100,3,4924.1,Selangor,3,At-Risk High Value (lapsing loyal spender)
16279,21,9,29090.7,Kuala Lumpur,2,"Champions (recent, frequent, high spend)"
16280,725,1,1306.5,Kuala Lumpur,1,Lost / Dormant Low-Value
16281,72,2,1906.4,Sabah,0,"New / Promising (recent, low frequency & value)"
16282,340,3,2350.0,Negeri Sembilan,3,At-Risk High Value (lapsing loyal spender)
16283,6,8,23421.1,Johor,2,"Champions (recent, frequent, high spend)"
16284,31,3,5576.7,Sarawak,0,"New / Promising (recent, low frequency & value)"
16285,646,1,971.9,Selangor,1,Lost / Dormant Low-Value
16286,477,2,1472.3,Selangor,1,Lost / Dormant Low-Value
16287,170,5,4954.1,Selangor,3,At-Risk High Value (lapsing loyal spender)
16288,470,1,713.4,Melaka,1,Lost / Dormant Low-Value
16289,462,1,739.3,Selangor,1,Lost / Dormant Low-Value
16290,465,4,9668.4,Melaka,3,At-Risk High Value (lapsing loyal spender)
16292,122,5,5549.9,Penang,3,At-Risk High Value (lapsing loyal spender)
16293,22,15,21897.1,Kuala Lumpur,2,"Champions (recent, frequent, high spend)"
16294,477,1,689.3,Negeri Sembilan,1,Lost / Dormant Low-Value
16295,10,4,7284.0,Selangor,0,"New / Promising (recent, low frequency & value)"
16296,626,4,6949.5,Melaka,3,At-Risk High Value (lapsing loyal spender)
16297,269,1,1651.4,Selangor,1,Lost / Dormant Low-Value
16298,23,6,3861.6,Kuala Lumpur,0,"New / Promising (recent, low frequency & value)"
16299,477,1,1062.8,Sabah,1,Lost / Dormant Low-Value
16300,430,3,7492.2,Selangor,3,At-Risk High Value (lapsing loyal spender)
16301,737,1,587.3,Kelantan,1,Lost / Dormant Low-Value
16302,127,1,990.2,Selangor,1,Lost / Dormant Low-Value
16303,26,7,31887.1,Selangor,2,"Champions (recent, frequent, high spend)"
16304,695,1,2086.6,Johor,1,Lost / Dormant Low-Value
16305,139,1,1973.0,Penang,1,Lost / Dormant Low-Value
16306,214,7,5367.5,Kedah,3,At-Risk High Value (lapsing loyal spender)
16307,429,3,6269.5,Penang,3,At-Risk High Value (lapsing loyal spender)
16309,106,2,3120.0,Kuala Lumpur,3,At-Risk High Value (lapsing loyal spender)
16310,414,2,2521.2,Kuala Lumpur,1,Lost / Dormant Low-Value
16311,18,2,3381.6,Selangor,0,"New / Promising (recent, low frequency & value)"
16312,432,1,933.7,Perak,1,Lost / Dormant Low-Value
16313,3,2,1498.9,Perak,0,"New / Promising (recent, low frequency & value)"
16314,390,3,4993.4,Selangor,3,At-Risk High Value (lapsing loyal spender)
16315,331,2,2206.8,Terengganu,1,Lost / Dormant Low-Value
16316,64,13,25160.5,Selangor,2,"Champions (recent, frequent, high spend)"
16317,120,5,10944.8,Melaka,3,At-Risk High Value (lapsing loyal spender)
16318,35,1,1791.9,Terengganu,0,"New / Promising (recent, low frequency & value)"
16320,172,6,22374.4,Selangor,3,At-Risk High Value (lapsing loyal spender)
16321,72,7,2715.4,Melaka,3,At-Risk High Value (lapsing loyal spender)
16322,1,2,1789.0,Labuan,0,"New / Promising (recent, low frequency & value)"
16323,578,1,342.0,Perak,1,Lost / Dormant Low-Value
16324,128,3,2227.1,Perak,3,At-Risk High Value (lapsing loyal spender)
16325,47,12,13369.5,Penang,2,"Champions (recent, frequent, high spend)"
16326,6,23,24159.0,Selangor,2,"Champions (recent, frequent, high spend)"
16327,14,16,50711.0,Sabah,2,"Champions (recent, frequent, high spend)"
16328,563,1,1711.8,Johor,1,Lost / Dormant Low-Value
16329,428,4,4623.7,Selangor,3,At-Risk High Value (lapsing loyal spender)
16330,18,7,2816.4,Kuala Lumpur,0,"New / Promising (recent, low frequency & value)"
16331,432,5,2552.1,Penang,3,At-Risk High Value (lapsing loyal spender)
16332,28,11,10359.2,Selangor,2,"Champions (recent, frequent, high spend)"
16334,492,1,1427.6,Selangor,1,Lost / Dormant Low-Value
16335,552,7,14873.3,Selangor,3,At-Risk High Value (lapsing loyal spender)
16336,458,3,3957.2,Melaka,3,At-Risk High Value (lapsing loyal spender)
16337,37,1,822.2,Johor,0,"New / Promising (recent, low frequency & value)"
16338,157,1,659.0,Kuala Lumpur,1,Lost / Dormant Low-Value
16339,284,1,518.3,Kuala Lumpur,1,Lost / Dormant Low-Value
16340,107,3,8217.1,Selangor,3,At-Risk High Value (lapsing loyal spender)
16341,25,7,13231.9,Pahang,2,"Champions (recent, frequent, high spend)"
16342,75,4,1762.7,Kuala Lumpur,0,"New / Promising (recent, low frequency & value)"
16343,16,3,3383.8,Johor,0,"New / Promising (recent, low frequency & value)"
16344,158,4,4202.0,Kuala Lumpur,3,At-Risk High Value (lapsing loyal spender)
16345,44,2,5912.6,Melaka,0,"New / Promising (recent, low frequency & value)"
16346,385,1,1236.9,Johor,1,Lost / Dormant Low-Value
16347,11,11,16489.4,Selangor,2,"Champions (recent, frequent, high spend)"
16348,32,8,9262.7,Perak,2,"Champions (recent, frequent, high spend)"
16349,291,1,294.7,Selangor,1,Lost / Dormant Low-Value
16350,21,9,12034.7,Terengganu,2,"Champions (recent, frequent, high spend)"
16351,333,13,16471.3,Kuala Lumpur,3,At-Risk High Value (lapsing loyal spender)
16352,18,2,2715.0,Selangor,0,"New / Promising (recent, low frequency & value)"
16353,18,20,13793.7,Perak,2,"Champions (recent, frequent, high spend)"
16354,63,5,6137.5,Selangor,3,At-Risk High Value (lapsing loyal spender)
16355,375,1,1919.8,Kuala Lumpur,1,Lost / Dormant Low-Value
16356,198,6,2280.7,Penang,3,At-Risk High Value (lapsing loyal spender)
16357,33,4,4753.7,Perak,0,"New / Promising (recent, low frequency & value)"
16358,1,5,12354.6,Kuala Lumpur,2,"Champions (recent, frequent, high spend)"
16359,7,14,7911.4,Kuala Lumpur,2,"Champions (recent, frequent, high spend)"
16360,5,6,18911.1,Selangor,2,"Champions (recent, frequent, high spend)"
16361,10,4,4912.0,Perak,0,"New / Promising (recent, low frequency & value)"
16362,32,6,4769.5,Johor,0,"New / Promising (recent, low frequency & value)"
16363,53,1,599.2,Johor,1,Lost / Dormant Low-Value
16364,12,2,3882.7999999999997,Selangor,0,"New / Promising (recent, low frequency & value)"
16365,18,14,5418.2,Selangor,2,"Champions (recent, frequent, high spend)"
16366,19,4,8272.1,Penang,0,"New / Promising (recent, low frequency & value)"
16367,37,3,7403.0,Kuala Lumpur,0,"New / Promising (recent, low frequency & value)"
16368,2,3,2855.8,Kuala Lumpur,0,"New / Promising (recent, low frequency & value)"
16369,18,7,13721.2,Perak,2,"Champions (recent, frequent, high spend)"
16370,82,4,7144.7,Selangor,3,At-Risk High Value (lapsing loyal spender)
16371,449,1,858.4,Selangor,1,Lost / Dormant Low-Value
16372,33,5,7071.2,Selangor,0,"New / Promising (recent, low frequency & value)"
16373,382,2,1457.5,Selangor,1,Lost / Dormant Low-Value
16374,66,5,9450.9,Sarawak,3,At-Risk High Value (lapsing loyal spender)
16375,470,2,570.2,Sarawak,1,Lost / Dormant Low-Value
16376,9,2,4495.4,Perak,0,"New / Promising (recent, low frequency & value)"
16377,267,2,648.0,Kuala Lumpur,1,Lost / Dormant Low-Value
16378,247,3,1689.5,Kuala Lumpur,1,Lost / Dormant Low-Value
16379,4,4,10954.0,Johor,0,"New / Promising (recent, low frequency & value)"
16380,61,1,2096.7,Perak,0,"New / Promising (recent, low frequency & value)"
16381,396,2,1358.9,Kuala Lumpur,1,Lost / Dormant Low-Value
16382,408,2,1947.0,Selangor,1,Lost / Dormant Low-Value
16383,75,7,15390.6,Penang,3,At-Risk High Value (lapsing loyal spender)
16384,90,4,7163.4,Kuala Lumpur,3,At-Risk High Value (lapsing loyal spender)
16385,60,5,4604.3,Selangor,3,At-Risk High Value (lapsing loyal spender)
16386,29,3,5074.7,Penang,0,"New / Promising (recent, low frequency & value)"
16387,323,5,4434.7,Selangor,3,At-Risk High Value (lapsing loyal spender)
16388,654,1,1019.4,Selangor,1,Lost / Dormant Low-Value
16389,53,4,3248.2,Melaka,0,"New / Promising (recent, low frequency & value)"
16390,537,2,1996.3,Penang,1,Lost / Dormant Low-Value
16391,401,4,5803.6,Selangor,3,At-Risk High Value (lapsing loyal spender)
16392,270,3,4173.8,Kuala Lumpur,3,At-Risk High Value (lapsing loyal spender)
16393,2,23,27714.6,Kuala Lumpur,2,"Champions (recent, frequent, high spend)"
16394,57,5,7831.9,Perak,3,At-Risk High Value (lapsing loyal spender)
16395,61,14,19347.4,Perak,2,"Champions (recent, frequent, high spend)"
16396,476,1,753.4,Johor,1,Lost / Dormant Low-Value
16397,628,1,393.4,Johor,1,Lost / Dormant Low-Value
16398,154,2,8242.3,Penang,3,At-Risk High Value (lapsing loyal spender)
16399,19,3,3427.8,Selangor,0,"New / Promising (recent, low frequency & value)"
16400,95,9,13511.8,Perak,3,At-Risk High Value (lapsing loyal spender)
16401,1,21,23696.4,Kuala Lumpur,2,"Champions (recent, frequent, high spend)"
16402,265,2,1321.2,Selangor,1,Lost / Dormant Low-Value
16403,312,1,980.6,Selangor,1,Lost / Dormant Low-Value
16404,70,1,2431.2,Perak,0,"New / Promising (recent, low frequency & value)"
16405,310,1,37.4,Kuala Lumpur,1,Lost / Dormant Low-Value
16406,19,3,2893.2,Melaka,0,"New / Promising (recent, low frequency & value)"
16407,13,14,13641.2,Kuala Lumpur,2,"Champions (recent, frequent, high spend)"
16408,591,1,1270.1,Selangor,1,Lost / Dormant Low-Value
16409,36,12,30051.1,Selangor,2,"Champions (recent, frequent, high spend)"
16410,734,1,402.0,Selangor,1,Lost / Dormant Low-Value
16411,19,4,4149.0,Kuala Lumpur,0,"New / Promising (recent, low frequency & value)"
16412,54,5,2992.4,Johor,0,"New / Promising (recent, low frequency & value)"
16413,57,2,2847.1,Selangor,0,"New / Promising (recent, low frequency & value)"
16414,22,5,3037.2,Selangor,0,"New / Promising (recent, low frequency & value)"
16415,44,3,3835.5,Kedah,0,"New / Promising (recent, low frequency & value)"
16416,27,9,13425.5,Selangor,2,"Champions (recent, frequent, high spend)"
16417,493,1,197.4,Selangor,1,Lost / Dormant Low-Value
16418,45,5,5686.3,Kedah,3,At-Risk High Value (lapsing loyal spender)
16419,113,8,5994.7,Selangor,3,At-Risk High Value (lapsing loyal spender)
16420,396,1,430.0,Selangor,1,Lost / Dormant Low-Value
16421,376,3,2890.2,Kuala Lumpur,3,At-Risk High Value (lapsing loyal spender)
16422,17,71,28146.9,Selangor,2,"Champions (recent, frequent, high spend)"
16423,25,1,1567.4,Sarawak,0,"New / Promising (recent, low frequency & value)"
16424,191,2,1079.8,Kuala Lumpur,1,Lost / Dormant Low-Value
16425,302,1,1675.9,Selangor,1,Lost / Dormant Low-Value
16426,2,10,9178.9,Kuala Lumpur,2,"Champions (recent, frequent, high spend)"
16427,263,2,1041.4,Selangor,1,Lost / Dormant Low-Value
16428,414,3,3254.8,Selangor,3,At-Risk High Value (lapsing loyal spender)
16429,106,1,27.0,Selangor,1,Lost / Dormant Low-Value
16430,57,7,2488.1,Kuala Lumpur,3,At-Risk High Value (lapsing loyal spender)
16431,213,3,3162.7,Selangor,3,At-Risk High Value (lapsing loyal spender)
16432,64,1,789.6,Selangor,1,Lost / Dormant Low-Value
16433,28,2,1505.0,Selangor,0,"New / Promising (recent, low frequency & value)"
16434,29,12,12969.4,Selangor,2,"Champions (recent, frequent, high spend)"
16435,512,3,5047.6,Selangor,3,At-Risk High Value (lapsing loyal spender)
16436,668,3,1752.8,Selangor,1,Lost / Dormant Low-Value
16437,381,2,1647.9,Selangor,1,Lost / Dormant Low-Value
16438,6,5,4375.3,Sarawak,0,"New / Promising (recent, low frequency & value)"
16439,722,1,1117.6,Perak,1,Lost / Dormant Low-Value
16440,8,6,16920.3,Johor,2,"Champions (recent, frequent, high spend)"
16441,67,5,5603.8,Kuala Lumpur,3,At-Risk High Value (lapsing loyal spender)
16442,2,5,4912.9,Johor,0,"New / Promising (recent, low frequency & value)"
16444,46,17,19243.9,Kuala Lumpur,2,"Champions (recent, frequent, high spend)"
16445,34,4,3193.1,Selangor,0,"New / Promising (recent, low frequency & value)"
16446,206,1,15.9,Selangor,1,Lost / Dormant Low-Value
16447,136,3,3985.0,Sabah,3,At-Risk High Value (lapsing loyal spender)
16448,198,2,1971.9,Perak,1,Lost / Dormant Low-Value
16449,198,2,3883.3,Sabah,3,At-Risk High Value (lapsing loyal spender)
16450,150,3,3943.2,Putrajaya,3,At-Risk High Value (lapsing loyal spender)
16451,88,3,5283.6,Johor,3,At-Risk High Value (lapsing loyal spender)
16452,631,2,1265.9,Penang,1,Lost / Dormant Low-Value
16453,531,2,976.8,Selangor,1,Lost / Dormant Low-Value
16454,45,4,170.5,Sarawak,1,Lost / Dormant Low-Value
16455,64,11,18804.0,Kuala Lumpur,2,"Champions (recent, frequent, high spend)"
16456,99,13,24562.2,Kuala Lumpur,2,"Champions (recent, frequent, high spend)"
16457,218,1,893.8,Selangor,1,Lost / Dormant Low-Value
16458,3,30,31305.2,Kuala Lumpur,2,"Champions (recent, frequent, high spend)"
16459,730,1,392.9,Selangor,1,Lost / Dormant Low-Value
16460,28,3,4194.0,Sarawak,0,"New / Promising (recent, low frequency & value)"
16461,178,3,8141.8,Sabah,3,At-Risk High Value (lapsing loyal spender)
16462,186,2,375.2,Selangor,1,Lost / Dormant Low-Value
16463,21,4,7557.1,Kuala Lumpur,0,"New / Promising (recent, low frequency & value)"
16464,20,3,7082.5,Negeri Sembilan,0,"New / Promising (recent, low frequency & value)"
16465,421,2,3503.0,Kuala Lumpur,3,At-Risk High Value (lapsing loyal spender)
16466,34,15,16617.7,Melaka,2,"Champions (recent, frequent, high spend)"
16468,74,3,3665.9,Sabah,3,At-Risk High Value (lapsing loyal spender)
16469,24,5,4421.1,Selangor,0,"New / Promising (recent, low frequency & value)"
16470,52,11,12960.9,Johor,2,"Champions (recent, frequent, high spend)"
16471,275,4,5220.9,Sarawak,3,At-Risk High Value (lapsing loyal spender)
16472,434,2,3905.8,Kuala Lumpur,3,At-Risk High Value (lapsing loyal spender)
16473,165,4,2587.2,Penang,3,At-Risk High Value (lapsing loyal spender)
16474,7,7,9130.2,Kuala Lumpur,2,"Champions (recent, frequent, high spend)"
16475,144,3,2494.6,Pahang,3,At-Risk High Value (lapsing loyal spender)
16476,432,1,1914.2,Kedah,1,Lost / Dormant Low-Value
16477,64,11,22042.4,Selangor,2,"Champions (recent, frequent, high spend)"
16478,25,3,1829.8,Johor,0,"New / Promising (recent, low frequency & value)"
16479,10,2,1651.2,Selangor,0,"New / Promising (recent, low frequency & value)"
16480,76,1,3382.3,Melaka,0,"New / Promising (recent, low frequency & value)"
16481,682,1,1143.8,Kuala Lumpur,1,Lost / Dormant Low-Value
16482,16,1,1199.2,Melaka,0,"New / Promising (recent, low frequency & value)"
16483,192,1,764.3,Selangor,1,Lost / Dormant Low-Value
16484,174,2,2212.2,Kuala Lumpur,1,Lost / Dormant Low-Value
16485,77,5,9884.3,Selangor,3,At-Risk High Value (lapsing loyal spender)
16486,538,1,734.0,Selangor,1,Lost / Dormant Low-Value
16487,577,2,1146.0,Selangor,1,Lost / Dormant Low-Value
16488,33,3,2366.6,Selangor,0,"New / Promising (recent, low frequency & value)"
16489,380,2,428.2,Selangor,1,Lost / Dormant Low-Value
16490,436,1,1129.6,Selangor,1,Lost / Dormant Low-Value
16491,47,2,7841.2,Kuala Lumpur,0,"New / Promising (recent, low frequency & value)"
16492,541,1,2126.3,Penang,1,Lost / Dormant Low-Value
16493,80,7,9767.5,Kuala Lumpur,3,At-Risk High Value (lapsing loyal spender)
16494,297,1,4510.5,Sarawak,1,Lost / Dormant Low-Value
16495,3,3,3539.8,Terengganu,0,"New / Promising (recent, low frequency & value)"
16496,9,6,12205.8,Sabah,2,"Champions (recent, frequent, high spend)"
16497,50,23,32548.9,Selangor,2,"Champions (recent, frequent, high spend)"
16498,161,2,553.5,Kuala Lumpur,1,Lost / Dormant Low-Value
16499,360,8,13272.9,Kuala Lumpur,3,At-Risk High Value (lapsing loyal spender)
16500,5,8,3227.5,Selangor,0,"New / Promising (recent, low frequency & value)"
16501,383,1,5944.0,Selangor,3,At-Risk High Value (lapsing loyal spender)
16502,620,2,1400.5,Selangor,1,Lost / Dormant Low-Value
16503,107,11,19815.4,Kuala Lumpur,2,"Champions (recent, frequent, high spend)"
16504,25,1,2536.9,Selangor,0,"New / Promising (recent, low frequency & value)"
16506,20,2,496.2,Penang,0,"New / Promising (recent, low frequency & value)"
16507,572,1,775.0,Selangor,1,Lost / Dormant Low-Value
16508,630,1,1320.6,Perak,1,Lost / Dormant Low-Value
16509,297,1,1575.3,Pahang,1,Lost / Dormant Low-Value
16510,372,6,9488.5,Selangor,3,At-Risk High Value (lapsing loyal spender)
16511,22,6,9395.0,Johor,2,"Champions (recent, frequent, high spend)"
16513,19,1,2809.4,Kuala Lumpur,0,"New / Promising (recent, low frequency & value)"
16515,52,10,12630.5,Selangor,2,"Champions (recent, frequent, high spend)"
16516,30,1,560.0,Selangor,0,"New / Promising (recent, low frequency & value)"
16517,277,1,889.1,Kuala Lumpur,1,Lost / Dormant Low-Value
16518,61,4,4945.0,Perlis,3,At-Risk High Value (lapsing loyal spender)
16519,25,4,2130.0,Kuala Lumpur,0,"New / Promising (recent, low frequency & value)"
16520,186,6,11800.2,Penang,3,At-Risk High Value (lapsing loyal spender)
16521,415,3,5941.8,Kuala Lumpur,3,At-Risk High Value (lapsing loyal spender)
16522,436,2,2075.2,Selangor,1,Lost / Dormant Low-Value
16523,2,27,39075.0,Selangor,2,"Champions (recent, frequent, high spend)"
16524,446,2,1692.1,Kuala Lumpur,1,Lost / Dormant Low-Value
16525,2,39,11691.0,Penang,2,"Champions (recent, frequent, high spend)"
16526,172,2,2796.5,Johor,3,At-Risk High Value (lapsing loyal spender)
16527,81,2,6764.7,Kuala Lumpur,3,At-Risk High Value (lapsing loyal spender)
16528,4,1,1339.5,Selangor,0,"New / Promising (recent, low frequency & value)"
16529,190,4,9279.6,Negeri Sembilan,3,At-Risk High Value (lapsing loyal spender)
16530,668,1,262.9,Selangor,1,Lost / Dormant Low-Value
16531,22,11,12644.2,Selangor,2,"Champions (recent, frequent, high spend)"
16533,19,3,5680.8,Selangor,0,"New / Promising (recent, low frequency & value)"
16534,642,1,2707.1,Kuala Lumpur,1,Lost / Dormant Low-Value
16535,5,3,4365.3,Kuala Lumpur,0,"New / Promising (recent, low frequency & value)"
16536,110,1,3019.1,Selangor,1,Lost / Dormant Low-Value
16537,641,1,130.3,Kuala Lumpur,1,Lost / Dormant Low-Value
16538,541,3,1748.2,Kuala Lumpur,1,Lost / Dormant Low-Value
16539,3,10,10209.9,Selangor,2,"Champions (recent, frequent, high spend)"
16540,414,1,1126.9,Selangor,1,Lost / Dormant Low-Value
16541,735,1,1809.9,Selangor,1,Lost / Dormant Low-Value
16542,54,2,1108.5,Penang,0,"New / Promising (recent, low frequency & value)"
16543,592,1,1588.5,Kuala Lumpur,1,Lost / Dormant Low-Value
16544,520,2,774.2,Terengganu,1,Lost / Dormant Low-Value
16545,165,2,220.8,Selangor,1,Lost / Dormant Low-Value
16546,291,4,5810.8,Selangor,3,At-Risk High Value (lapsing loyal spender)
16547,546,1,563.2,Selangor,1,Lost / Dormant Low-Value
16548,599,1,165.4,Penang,1,Lost / Dormant Low-Value
16549,10,34,69126.7,Kuala Lumpur,2,"Champions (recent, frequent, high spend)"
16550,109,18,44962.3,Penang,2,"Champions (recent, frequent, high spend)"
16551,96,7,9380.1,Kelantan,3,At-Risk High Value (lapsing loyal spender)
16552,243,2,1564.8,Kuala Lumpur,1,Lost / Dormant Low-Value
16553,205,16,18506.5,Selangor,2,"Champions (recent, frequent, high spend)"
16554,42,8,15010.5,Kuala Lumpur,2,"Champions (recent, frequent, high spend)"
16555,35,5,6138.0,Penang,0,"New / Promising (recent, low frequency & value)"
16556,67,17,40325.8,Penang,2,"Champions (recent, frequent, high spend)"
16557,24,2,797.2,Selangor,0,"New / Promising (recent, low frequency & value)"
16558,1,38,63775.8,Selangor,2,"Champions (recent, frequent, high spend)"
16559,397,1,954.9,Penang,1,Lost / Dormant Low-Value
16560,27,8,16459.5,Kuala Lumpur,2,"Champions (recent, frequent, high spend)"
16561,6,2,2806.0,Selangor,0,"New / Promising (recent, low frequency & value)"
16562,477,1,1244.5,Perak,1,Lost / Dormant Low-Value
16563,54,6,5626.0,Kuala Lumpur,3,At-Risk High Value (lapsing loyal spender)
16564,569,1,482.4,Negeri Sembilan,1,Lost / Dormant Low-Value
16565,364,3,865.1,Kuala Lumpur,1,Lost / Dormant Low-Value
16566,15,5,1168.6,Selangor,0,"New / Promising (recent, low frequency & value)"
16567,194,2,3521.6,Selangor,3,At-Risk High Value (lapsing loyal spender)
16569,3,5,2196.4,Kuala Lumpur,0,"New / Promising (recent, low frequency & value)"
16570,15,20,23803.6,Negeri Sembilan,2,"Champions (recent, frequent, high spend)"
16571,27,10,22845.4,Kuala Lumpur,2,"Champions (recent, frequent, high spend)"
16572,127,3,5536.0,Selangor,3,At-Risk High Value (lapsing loyal spender)
16573,85,2,3653.2,Selangor,0,"New / Promising (recent, low frequency & value)"
16574,71,3,7081.6,Selangor,3,At-Risk High Value (lapsing loyal spender)
16576,420,2,2966.3,Selangor,1,Lost / Dormant Low-Value
16577,667,1,2093.7,Terengganu,1,Lost / Dormant Low-Value
16578,626,1,849.6,Terengganu,1,Lost / Dormant Low-Value
16579,426,1,1620.4,Kuala Lumpur,1,Lost / Dormant Low-Value
16581,183,1,581.0,Selangor,1,Lost / Dormant Low-Value
16582,113,1,286.4,Kedah,1,Lost / Dormant Low-Value
16583,374,2,1636.0,Perak,1,Lost / Dormant Low-Value
16584,80,5,5345.0,Selangor,3,At-Risk High Value (lapsing loyal spender)
16585,594,2,1615.7,Kuala Lumpur,1,Lost / Dormant Low-Value
16586,249,3,1443.3,Selangor,1,Lost / Dormant Low-Value
16587,232,1,1233.5,Sarawak,1,Lost / Dormant Low-Value
16588,386,4,6374.1,Penang,3,At-Risk High Value (lapsing loyal spender)
16589,71,4,3347.6,Selangor,3,At-Risk High Value (lapsing loyal spender)
16590,401,2,2461.3,Penang,1,Lost / Dormant Low-Value
16591,69,1,585.5,Perak,1,Lost / Dormant Low-Value
16592,4,28,39660.0,Selangor,2,"Champions (recent, frequent, high spend)"
16593,51,7,4667.3,Kuala Lumpur,3,At-Risk High Value (lapsing loyal spender)
16594,75,1,992.2,Penang,1,Lost / Dormant Low-Value
16595,61,5,9670.7,Perak,3,At-Risk High Value (lapsing loyal spender)
16596,16,4,2509.9,Perak,0,"New / Promising (recent, low frequency & value)"
16597,4,1,489.0,Putrajaya,0,"New / Promising (recent, low frequency & value)"
16598,286,1,797.4,Selangor,1,Lost / Dormant Low-Value
16599,386,1,968.1,Kuala Lumpur,1,Lost / Dormant Low-Value
16600,4,13,11705.1,Kuala Lumpur,2,"Champions (recent, frequent, high spend)"
16601,41,3,3705.0,Selangor,0,"New / Promising (recent, low frequency & value)"
16602,36,2,3378.4,Pahang,0,"New / Promising (recent, low frequency & value)"
16603,75,2,2604.4,Johor,0,"New / Promising (recent, low frequency & value)"
16604,568,1,757.6,Selangor,1,Lost / Dormant Low-Value
16606,404,2,1954.3,Selangor,1,Lost / Dormant Low-Value
16607,18,24,24272.2,Selangor,2,"Champions (recent, frequent, high spend)"
16608,454,2,7057.1,Selangor,3,At-Risk High Value (lapsing loyal spender)
16609,15,7,27855.2,Selangor,2,"Champions (recent, frequent, high spend)"
16610,219,1,406.8,Penang,1,Lost / Dormant Low-Value
16611,186,6,9316.2,Perak,3,At-Risk High Value (lapsing loyal spender)
16612,33,9,16227.2,Kuala Lumpur,2,"Champions (recent, frequent, high spend)"
16613,70,1,3388.3,Penang,0,"New / Promising (recent, low frequency & value)"
16614,183,3,4326.7,Penang,3,At-Risk High Value (lapsing loyal spender)
16615,626,1,1604.4,Selangor,1,Lost / Dormant Low-Value
16616,15,2,2336.6,Penang,0,"New / Promising (recent, low frequency & value)"
16617,236,1,213.2,Penang,1,Lost / Dormant Low-Value
16618,31,5,9874.2,Negeri Sembilan,0,"New / Promising (recent, low frequency & value)"
16619,264,4,10647.9,Johor,3,At-Risk High Value (lapsing loyal spender)
16620,4,6,8766.2,Kuala Lumpur,2,"Champions (recent, frequent, high spend)"
16621,52,4,2017.3999999999999,Perak,0,"New / Promising (recent, low frequency & value)"
16622,544,1,1237.3,Melaka,1,Lost / Dormant Low-Value
16623,246,4,4040.1,Selangor,3,At-Risk High Value (lapsing loyal spender)
16624,81,2,2540.0,Penang,0,"New / Promising (recent, low frequency & value)"
16625,275,5,9110.1,Perak,3,At-Risk High Value (lapsing loyal spender)
16626,1,16,15319.2,Melaka,2,"Champions (recent, frequent, high spend)"
16627,79,1,1771.3,Selangor,1,Lost / Dormant Low-Value
16628,30,7,11316.5,Negeri Sembilan,2,"Champions (recent, frequent, high spend)"
16629,74,2,2210.0,Perak,0,"New / Promising (recent, low frequency & value)"
16630,407,1,583.2,Johor,1,Lost / Dormant Low-Value
16631,482,7,8005.7,Negeri Sembilan,3,At-Risk High Value (lapsing loyal spender)
16632,486,2,2252.8,Kuala Lumpur,1,Lost / Dormant Low-Value
16633,17,6,14642.2,Selangor,2,"Champions (recent, frequent, high spend)"
16634,372,5,7552.9,Penang,3,At-Risk High Value (lapsing loyal spender)
16635,407,1,2599.7,Selangor,1,Lost / Dormant Low-Value
16636,438,4,5947.3,Selangor,3,At-Risk High Value (lapsing loyal spender)
16637,32,4,5660.9,Kuala Lumpur,0,"New / Promising (recent, low frequency & value)"
16638,23,15,11583.4,Kuala Lumpur,2,"Champions (recent, frequent, high spend)"
16639,31,4,7588.1,Selangor,0,"New / Promising (recent, low frequency & value)"
16640,398,1,971.6,Selangor,1,Lost / Dormant Low-Value
16641,106,2,3062.4,Penang,3,At-Risk High Value (lapsing loyal spender)
16642,5,3,5146.3,Johor,0,"New / Promising (recent, low frequency & value)"
16643,246,2,5043.0,Selangor,3,At-Risk High Value (lapsing loyal spender)
16644,178,2,4605.3,Selangor,3,At-Risk High Value (lapsing loyal spender)
16645,736,1,879.5,Penang,1,Lost / Dormant Low-Value
16646,449,1,2245.2,Johor,1,Lost / Dormant Low-Value
16647,170,4,2992.2,Johor,3,At-Risk High Value (lapsing loyal spender)
16648,43,3,3707.1,Penang,0,"New / Promising (recent, low frequency & value)"
16649,520,1,1679.9,Johor,1,Lost / Dormant Low-Value
16650,72,7,9031.7,Perlis,3,At-Risk High Value (lapsing loyal spender)
16651,587,1,747.6,Kuala Lumpur,1,Lost / Dormant Low-Value
16652,59,10,11327.4,Kuala Lumpur,2,"Champions (recent, frequent, high spend)"
16653,16,2,6348.5,Johor,0,"New / Promising (recent, low frequency & value)"
16654,141,8,7171.0,Selangor,3,At-Risk High Value (lapsing loyal spender)
16655,18,13,26964.3,Kuala Lumpur,2,"Champions (recent, frequent, high spend)"
16656,120,19,3277.4,Sarawak,3,At-Risk High Value (lapsing loyal spender)
16657,10,4,4787.4,Selangor,0,"New / Promising (recent, low frequency & value)"
16658,368,6,3111.5,Sarawak,3,At-Risk High Value (lapsing loyal spender)
16659,189,1,204.0,Melaka,1,Lost / Dormant Low-Value
16660,16,5,2043.8,Sabah,0,"New / Promising (recent, low frequency & value)"
16661,540,3,2748.5,Selangor,3,At-Risk High Value (lapsing loyal spender)
16662,394,1,827.9,Penang,1,Lost / Dormant Low-Value
16664,569,1,600.8,Johor,1,Lost / Dormant Low-Value
16665,362,1,456.6,Johor,1,Lost / Dormant Low-Value
16666,19,2,1190.0,Selangor,0,"New / Promising (recent, low frequency & value)"
16667,68,2,3109.1,Selangor,0,"New / Promising (recent, low frequency & value)"
16668,15,13,4776.7,Kuala Lumpur,2,"Champions (recent, frequent, high spend)"
16669,24,3,7369.8,Selangor,0,"New / Promising (recent, low frequency & value)"
16670,17,20,42601.1,Perlis,2,"Champions (recent, frequent, high spend)"
16672,2,9,3857.4,Kuala Lumpur,2,"Champions (recent, frequent, high spend)"
16673,679,1,934.2,Sarawak,1,Lost / Dormant Low-Value
16674,55,2,1670.2,Melaka,0,"New / Promising (recent, low frequency & value)"
16675,442,2,1628.4,Selangor,1,Lost / Dormant Low-Value
16676,34,6,11983.3,Kuala Lumpur,2,"Champions (recent, frequent, high spend)"
16677,411,2,4148.6,Kuala Lumpur,3,At-Risk High Value (lapsing loyal spender)
16678,3,12,14545.2,Selangor,2,"Champions (recent, frequent, high spend)"
16679,366,3,1631.7,Kuala Lumpur,1,Lost / Dormant Low-Value
16680,43,2,2440.0,Selangor,0,"New / Promising (recent, low frequency & value)"
16681,73,7,4409.4,Kuala Lumpur,3,At-Risk High Value (lapsing loyal spender)
16682,5,5,2859.4,Kuala Lumpur,0,"New / Promising (recent, low frequency & value)"
16683,534,1,1773.3,Johor,1,Lost / Dormant Low-Value
16684,4,8,17998.6,Kuala Lumpur,2,"Champions (recent, frequent, high spend)"
16685,61,2,1791.7,Melaka,0,"New / Promising (recent, low frequency & value)"
16686,47,16,26903.8,Johor,2,"Champions (recent, frequent, high spend)"
16687,391,1,856.1,Kuala Lumpur,1,Lost / Dormant Low-Value
16688,1,4,6418.8,Sarawak,0,"New / Promising (recent, low frequency & value)"
16689,76,2,1354.4,Johor,0,"New / Promising (recent, low frequency & value)"
16690,72,4,1662.3999999999999,Melaka,0,"New / Promising (recent, low frequency & value)"
16691,418,2,992.6,Penang,1,Lost / Dormant Low-Value
16692,289,1,46.9,Kuala Lumpur,1,Lost / Dormant Low-Value
16693,69,5,6144.9,Melaka,3,At-Risk High Value (lapsing loyal spender)
16694,723,1,263.8,Perak,1,Lost / Dormant Low-Value
16695,562,2,1051.9,Kuala Lumpur,1,Lost / Dormant Low-Value
16696,214,2,480.0,Selangor,1,Lost / Dormant Low-Value
16697,241,1,620.8,Kuala Lumpur,1,Lost / Dormant Low-Value
16699,380,7,3773.1,Selangor,3,At-Risk High Value (lapsing loyal spender)
16700,9,25,47039.8,Johor,2,"Champions (recent, frequent, high spend)"
16701,9,24,18562.6,Perak,2,"Champions (recent, frequent, high spend)"
16702,415,4,5448.4,Johor,3,At-Risk High Value (lapsing loyal spender)
16704,618,2,3183.5,Penang,1,Lost / Dormant Low-Value
16705,1,35,40786.4,Sabah,2,"Champions (recent, frequent, high spend)"
16706,37,3,2919.6,Selangor,0,"New / Promising (recent, low frequency & value)"
16707,400,4,2659.2,Kuala Lumpur,3,At-Risk High Value (lapsing loyal spender)
16708,46,1,2463.5,Kuala Lumpur,0,"New / Promising (recent, low frequency & value)"
16709,85,14,25857.0,Kuala Lumpur,2,"Champions (recent, frequent, high spend)"
16710,19,22,31981.5,Kedah,2,"Champions (recent, frequent, high spend)"
16711,3,5,2243.4,Johor,0,"New / Promising (recent, low frequency & value)"
16712,18,12,21669.6,Kuala Lumpur,2,"Champions (recent, frequent, high spend)"
16713,19,32,57639.8,Selangor,2,"Champions (recent, frequent, high spend)"
16714,219,4,6866.1,Kuala Lumpur,3,At-Risk High Value (lapsing loyal spender)
16715,78,2,1395.0,Pahang,0,"New / Promising (recent, low frequency & value)"
16717,24,14,32602.5,Kedah,2,"Champions (recent, frequent, high spend)"
16718,369,5,12915.2,Sarawak,3,At-Risk High Value (lapsing loyal spender)
16719,15,14,17986.9,Kuala Lumpur,2,"Champions (recent, frequent, high spend)"
16720,26,3,3113.6,Selangor,0,"New / Promising (recent, low frequency & value)"
16721,262,1,1600.0,Selangor,1,Lost / Dormant Low-Value
16722,17,21,30025.2,Penang,2,"Champions (recent, frequent, high spend)"
16723,108,3,5849.2,Selangor,3,At-Risk High Value (lapsing loyal spender)
16724,405,1,805.8,Selangor,1,Lost / Dormant Low-Value
16725,302,14,9289.8,Penang,3,At-Risk High Value (lapsing loyal spender)
16726,26,7,10940.4,Penang,2,"Champions (recent, frequent, high spend)"
16727,364,4,6362.0,Selangor,3,At-Risk High Value (lapsing loyal spender)
16728,46,4,5445.9,Kuala Lumpur,0,"New / Promising (recent, low frequency & value)"
16729,38,21,38154.0,Kuala Lumpur,2,"Champions (recent, frequent, high spend)"
16730,52,3,4106.4,Labuan,0,"New / Promising (recent, low frequency & value)"
16731,648,1,934.5,Selangor,1,Lost / Dormant Low-Value
16732,32,4,19874.4,Kuala Lumpur,2,"Champions (recent, frequent, high spend)"
16733,530,1,1033.0,Perak,1,Lost / Dormant Low-Value
16734,52,3,3254.0,Selangor,0,"New / Promising (recent, low frequency & value)"
16735,79,14,30018.8,Selangor,2,"Champions (recent, frequent, high spend)"
16736,506,4,13262.8,Kuala Lumpur,3,At-Risk High Value (lapsing loyal spender)
16738,298,1,20.7,Selangor,1,Lost / Dormant Low-Value
16739,177,2,3769.3,Selangor,3,At-Risk High Value (lapsing loyal spender)
16740,395,1,989.3,Penang,1,Lost / Dormant Low-Value
16741,625,1,951.3,Penang,1,Lost / Dormant Low-Value
16742,493,13,6248.8,Penang,3,At-Risk High Value (lapsing loyal spender)
16743,29,14,21470.1,Penang,2,"Champions (recent, frequent, high spend)"
16744,11,7,6796.7,Penang,2,"Champions (recent, frequent, high spend)"
16745,87,17,21137.3,Johor,2,"Champions (recent, frequent, high spend)"
16746,5,41,66496.3,Selangor,2,"Champions (recent, frequent, high spend)"
16747,38,2,3980.1,Sabah,0,"New / Promising (recent, low frequency & value)"
16748,18,14,20111.9,Pahang,2,"Champions (recent, frequent, high spend)"
16749,591,2,5387.1,Negeri Sembilan,3,At-Risk High Value (lapsing loyal spender)
16750,45,5,3076.9,Kuala Lumpur,0,"New / Promising (recent, low frequency & value)"
16751,31,1,1223.5,Kuala Lumpur,0,"New / Promising (recent, low frequency & value)"
16752,373,1,697.6,Selangor,1,Lost / Dormant Low-Value
16753,58,1,1237.7,Penang,1,Lost / Dormant Low-Value
16755,114,7,15716.2,Kuala Lumpur,3,At-Risk High Value (lapsing loyal spender)
16756,215,7,7191.3,Kuala Lumpur,3,At-Risk High Value (lapsing loyal spender)
16757,319,2,1480.8,Selangor,1,Lost / Dormant Low-Value
16758,65,1,1641.3,Kuala Lumpur,0,"New / Promising (recent, low frequency & value)"
16759,8,3,4108.0,Johor,0,"New / Promising (recent, low frequency & value)"
16760,430,1,1228.8,Selangor,1,Lost / Dormant Low-Value
16761,97,1,1152.5,Selangor,1,Lost / Dormant Low-Value
16762,20,3,5440.7,Selangor,0,"New / Promising (recent, low frequency & value)"
16763,199,2,3816.1,Kuala Lumpur,3,At-Risk High Value (lapsing loyal spender)
16764,4,13,15290.7,Selangor,2,"Champions (recent, frequent, high spend)"
16765,294,2,2512.2,Selangor,1,Lost / Dormant Low-Value
16766,273,2,4766.4,Johor,3,At-Risk High Value (lapsing loyal spender)
16767,31,14,24790.5,Kuala Lumpur,2,"Champions (recent, frequent, high spend)"
16768,48,9,6763.7,Kelantan,3,At-Risk High Value (lapsing loyal spender)
16769,260,4,6129.3,Johor,3,At-Risk High Value (lapsing loyal spender)
16770,58,9,9751.5,Selangor,2,"Champions (recent, frequent, high spend)"
16771,33,9,20441.1,Negeri Sembilan,2,"Champions (recent, frequent, high spend)"
16772,423,3,5373.5,Kuala Lumpur,3,At-Risk High Value (lapsing loyal spender)
16773,57,3,2294.6,Sabah,0,"New / Promising (recent, low frequency & value)"
16774,68,8,8167.7,Sarawak,3,At-Risk High Value (lapsing loyal spender)
16775,10,16,13981.0,Johor,2,"Champions (recent, frequent, high spend)"
16776,60,2,2991.3,Kuala Lumpur,0,"New / Promising (recent, low frequency & value)"
16777,80,5,7072.5,Selangor,3,At-Risk High Value (lapsing loyal spender)
16778,74,2,1358.4,Selangor,0,"New / Promising (recent, low frequency & value)"
16779,2,52,69107.8,Selangor,2,"Champions (recent, frequent, high spend)"
16780,100,3,3272.4,Melaka,3,At-Risk High Value (lapsing loyal spender)
16781,372,2,3414.0,Johor,3,At-Risk High Value (lapsing loyal spender)
16782,10,38,50774.9,Johor,2,"Champions (recent, frequent, high spend)"
16783,437,1,2146.8,Johor,1,Lost / Dormant Low-Value
16784,20,5,4619.4,Kuala Lumpur,0,"New / Promising (recent, low frequency & value)"
16785,410,1,2922.5,Selangor,1,Lost / Dormant Low-Value
16787,398,4,5587.7,Sarawak,3,At-Risk High Value (lapsing loyal spender)
16788,123,5,10243.1,Selangor,3,At-Risk High Value (lapsing loyal spender)
16789,8,1,444.6,Kuala Lumpur,0,"New / Promising (recent, low frequency & value)"
16790,4,6,8479.0,Sabah,2,"Champions (recent, frequent, high spend)"
16791,29,15,21078.4,Selangor,2,"Champions (recent, frequent, high spend)"
16792,282,5,3412.8,Sarawak,3,At-Risk High Value (lapsing loyal spender)
16793,57,1,1335.2,Selangor,0,"New / Promising (recent, low frequency & value)"
16794,1,15,11206.8,Kuala Lumpur,2,"Champions (recent, frequent, high spend)"
16795,365,3,11285.3,Kuala Lumpur,3,At-Risk High Value (lapsing loyal spender)
16796,89,1,1405.8,Selangor,1,Lost / Dormant Low-Value
16797,393,5,9864.3,Selangor,3,At-Risk High Value (lapsing loyal spender)
16798,554,3,4611.1,Johor,3,At-Risk High Value (lapsing loyal spender)
16799,432,2,2476.9,Johor,1,Lost / Dormant Low-Value
16800,11,1,6387.0,Selangor,0,"New / Promising (recent, low frequency & value)"
16801,163,4,6892.2,Selangor,3,At-Risk High Value (lapsing loyal spender)
16802,679,2,2902.8,Kuala Lumpur,1,Lost / Dormant Low-Value
16803,65,1,1835.3,Kuala Lumpur,0,"New / Promising (recent, low frequency & value)"
16804,23,3,2674.0,Johor,0,"New / Promising (recent, low frequency & value)"
16805,174,5,5924.8,Selangor,3,At-Risk High Value (lapsing loyal spender)
16806,103,4,4196.2,Selangor,3,At-Risk High Value (lapsing loyal spender)
16807,143,6,11678.3,Selangor,3,At-Risk High Value (lapsing loyal spender)
16808,99,2,1245.0,Selangor,1,Lost / Dormant Low-Value
16809,23,9,9513.2,Selangor,2,"Champions (recent, frequent, high spend)"
16810,192,2,3776.6,Selangor,3,At-Risk High Value (lapsing loyal spender)
16811,5,2,2986.0,Sarawak,0,"New / Promising (recent, low frequency & value)"
16812,361,4,9965.3,Penang,3,At-Risk High Value (lapsing loyal spender)
16813,8,10,8737.0,Selangor,2,"Champions (recent, frequent, high spend)"
16814,14,36,48726.3,Melaka,2,"Champions (recent, frequent, high spend)"
16815,454,2,2220.6,Kuala Lumpur,1,Lost / Dormant Low-Value
16816,103,4,2289.2,Selangor,3,At-Risk High Value (lapsing loyal spender)
16817,3,13,13068.7,Penang,2,"Champions (recent, frequent, high spend)"
16818,11,11,17465.5,Kuala Lumpur,2,"Champions (recent, frequent, high spend)"
16819,465,2,996.0,Perak,1,Lost / Dormant Low-Value
16820,96,1,2732.1,Selangor,1,Lost / Dormant Low-Value
16821,382,1,624.9,Selangor,1,Lost / Dormant Low-Value
16822,686,1,990.7,Sarawak,1,Lost / Dormant Low-Value
16823,227,7,11183.4,Selangor,3,At-Risk High Value (lapsing loyal spender)
16824,16,3,3502.2,Johor,0,"New / Promising (recent, low frequency & value)"
16825,39,4,4688.1,Selangor,0,"New / Promising (recent, low frequency & value)"
16826,51,1,1865.9,Selangor,0,"New / Promising (recent, low frequency & value)"
16827,393,4,808.2,Negeri Sembilan,1,Lost / Dormant Low-Value
16828,93,2,704.9,Selangor,1,Lost / Dormant Low-Value
16829,157,2,2812.7,Kuala Lumpur,3,At-Risk High Value (lapsing loyal spender)
16830,39,4,6310.5,Johor,0,"New / Promising (recent, low frequency & value)"
16831,565,1,502.2,Selangor,1,Lost / Dormant Low-Value
16832,203,4,1494.3,Selangor,3,At-Risk High Value (lapsing loyal spender)
16833,1,6,8093.3,Selangor,2,"Champions (recent, frequent, high spend)"
16834,228,2,4495.8,Selangor,3,At-Risk High Value (lapsing loyal spender)
16835,128,6,7297.8,Kuala Lumpur,3,At-Risk High Value (lapsing loyal spender)
16836,40,4,3843.5,Johor,0,"New / Promising (recent, low frequency & value)"
16837,31,10,14743.9,Johor,2,"Champions (recent, frequent, high spend)"
16838,197,4,5468.0,Kuala Lumpur,3,At-Risk High Value (lapsing loyal spender)
16839,9,36,19223.3,Perak,2,"Champions (recent, frequent, high spend)"
16840,603,2,769.8,Penang,1,Lost / Dormant Low-Value
16841,37,12,17351.5,Kuala Lumpur,2,"Champions (recent, frequent, high spend)"
16842,101,3,6039.3,Negeri Sembilan,3,At-Risk High Value (lapsing loyal spender)
16843,43,34,54890.8,Kuala Lumpur,2,"Champions (recent, frequent, high spend)"
16844,563,2,3098.7,Kuala Lumpur,1,Lost / Dormant Low-Value
16845,618,1,1409.0,Sabah,1,Lost / Dormant Low-Value
16846,50,3,4628.3,Kuala Lumpur,0,"New / Promising (recent, low frequency & value)"
16847,43,2,3372.0,Perak,0,"New / Promising (recent, low frequency & value)"
16848,53,4,7481.8,Kuala Lumpur,3,At-Risk High Value (lapsing loyal spender)
16849,187,1,686.7,Johor,1,Lost / Dormant Low-Value
16850,334,1,1836.9,Selangor,1,Lost / Dormant Low-Value
16851,4,3,1886.4,Selangor,0,"New / Promising (recent, low frequency & value)"
16852,10,2,796.3,Selangor,0,"New / Promising (recent, low frequency & value)"
16854,417,2,6884.8,Selangor,3,At-Risk High Value (lapsing loyal spender)
16855,24,2,1797.3,Selangor,0,"New / Promising (recent, low frequency & value)"
16856,15,3,1956.2,Selangor,0,"New / Promising (recent, low frequency & value)"
16857,443,1,1207.6,Penang,1,Lost / Dormant Low-Value
16858,369,10,10618.4,Selangor,3,At-Risk High Value (lapsing loyal spender)
16859,145,7,8133.1,Sabah,3,At-Risk High Value (lapsing loyal spender)
16860,453,3,4556.1,Penang,3,At-Risk High Value (lapsing loyal spender)
16861,60,5,4637.9,Kuala Lumpur,3,At-Risk High Value (lapsing loyal spender)
16862,547,4,3078.8,Selangor,3,At-Risk High Value (lapsing loyal spender)
16863,31,3,4301.7,Johor,0,"New / Promising (recent, low frequency & value)"
16864,434,2,1817.8,Kedah,1,Lost / Dormant Low-Value
16865,402,1,713.8,Selangor,1,Lost / Dormant Low-Value
16866,141,2,645.5,Johor,1,Lost / Dormant Low-Value
16867,690,1,425.2,Selangor,1,Lost / Dormant Low-Value
16868,394,3,2109.6,Johor,1,Lost / Dormant Low-Value
16869,23,4,4463.8,Selangor,0,"New / Promising (recent, low frequency & value)"
16870,469,1,2470.3,Pahang,1,Lost / Dormant Low-Value
16871,22,6,12515.8,Terengganu,2,"Champions (recent, frequent, high spend)"
16872,77,4,1168.3,Penang,0,"New / Promising (recent, low frequency & value)"
16873,5,12,56597.4,Kuala Lumpur,2,"Champions (recent, frequent, high spend)"
16874,379,1,1146.5,Negeri Sembilan,1,Lost / Dormant Low-Value
16875,67,11,22030.0,Selangor,2,"Champions (recent, frequent, high spend)"
16876,404,1,757.2,Kuala Lumpur,1,Lost / Dormant Low-Value
16877,12,6,4642.1,Penang,0,"New / Promising (recent, low frequency & value)"
16878,84,1,70.9,Selangor,1,Lost / Dormant Low-Value
16880,31,8,8777.3,Pahang,2,"Champions (recent, frequent, high spend)"
16882,67,3,3200.4,Selangor,0,"New / Promising (recent, low frequency & value)"
16883,187,19,10837.1,Selangor,2,"Champions (recent, frequent, high spend)"
16884,38,4,5608.1,Kuala Lumpur,0,"New / Promising (recent, low frequency & value)"
16885,15,4,3444.8,Johor,0,"New / Promising (recent, low frequency & value)"
16886,456,1,732.0,Sarawak,1,Lost / Dormant Low-Value
16887,35,3,3342.6,Selangor,0,"New / Promising (recent, low frequency & value)"
16888,401,3,2381.4,Selangor,3,At-Risk High Value (lapsing loyal spender)
16889,195,6,13282.3,Kuala Lumpur,3,At-Risk High Value (lapsing loyal spender)
16890,477,2,809.1,Selangor,1,Lost / Dormant Low-Value
16891,2,11,9465.8,Negeri Sembilan,2,"Champions (recent, frequent, high spend)"
16892,1,7,4131.6,Kuala Lumpur,0,"New / Promising (recent, low frequency & value)"
16893,367,2,1368.6,Selangor,1,Lost / Dormant Low-Value
16894,502,3,7152.5,Johor,3,At-Risk High Value (lapsing loyal spender)
16895,65,5,5169.5,Selangor,3,At-Risk High Value (lapsing loyal spender)
16896,555,1,573.2,Melaka,1,Lost / Dormant Low-Value
16897,299,2,1593.6,Selangor,1,Lost / Dormant Low-Value
16898,26,5,4858.3,Kuala Lumpur,0,"New / Promising (recent, low frequency & value)"
16899,8,8,8625.6,Sarawak,2,"Champions (recent, frequent, high spend)"
16900,17,3,4573.3,Selangor,0,"New / Promising (recent, low frequency & value)"
16901,729,1,1120.8,Selangor,1,Lost / Dormant Low-Value
16902,116,1,3511.6,Selangor,1,Lost / Dormant Low-Value
16903,29,3,5702.3,Selangor,0,"New / Promising (recent, low frequency & value)"
16904,4,21,24430.4,Negeri Sembilan,2,"Champions (recent, frequent, high spend)"
16905,5,17,19489.3,Perlis,2,"Champions (recent, frequent, high spend)"
16906,82,7,6935.1,Kelantan,3,At-Risk High Value (lapsing loyal spender)
16907,29,9,5837.4,Perak,2,"Champions (recent, frequent, high spend)"
16908,722,1,788.5,Perak,1,Lost / Dormant Low-Value
16909,72,1,1650.2,Selangor,1,Lost / Dormant Low-Value
16910,4,8,8263.9,Selangor,2,"Champions (recent, frequent, high spend)"
16911,636,2,1400.5,Penang,1,Lost / Dormant Low-Value
16912,29,15,16926.1,Selangor,2,"Champions (recent, frequent, high spend)"
16913,290,2,640.4,Kuala Lumpur,1,Lost / Dormant Low-Value
16914,36,1,730.7,Selangor,0,"New / Promising (recent, low frequency & value)"
16915,9,10,3221.6,Kedah,2,"Champions (recent, frequent, high spend)"
16916,24,4,4930.0,Kuala Lumpur,0,"New / Promising (recent, low frequency & value)"
16917,277,2,3620.7,Penang,3,At-Risk High Value (lapsing loyal spender)
16918,50,16,17584.4,Perak,2,"Champions (recent, frequent, high spend)"
16919,156,24,25001.2,Kuala Lumpur,2,"Champions (recent, frequent, high spend)"
16920,411,1,1666.7,Sarawak,1,Lost / Dormant Low-Value
16921,61,3,1992.1,Selangor,0,"New / Promising (recent, low frequency & value)"
16922,573,1,3354.1,Kuala Lumpur,1,Lost / Dormant Low-Value
16923,12,28,60162.9,Penang,2,"Champions (recent, frequent, high spend)"
16924,21,3,4016.1,Johor,0,"New / Promising (recent, low frequency & value)"
16925,540,1,704.1,Kedah,1,Lost / Dormant Low-Value
16926,371,5,5988.1,Selangor,3,At-Risk High Value (lapsing loyal spender)
16927,276,2,395.5,Melaka,1,Lost / Dormant Low-Value
16928,80,29,16252.4,Johor,2,"Champions (recent, frequent, high spend)"
16929,4,7,7160.6,Selangor,2,"Champions (recent, frequent, high spend)"
16930,26,3,1771.3,Johor,0,"New / Promising (recent, low frequency & value)"
16931,5,23,27543.7,Selangor,2,"Champions (recent, frequent, high spend)"
16932,53,3,2252.7,Selangor,0,"New / Promising (recent, low frequency & value)"
16933,1,9,14257.3,Selangor,2,"Champions (recent, frequent, high spend)"
16934,55,6,11189.1,Selangor,3,At-Risk High Value (lapsing loyal spender)
16935,382,3,2909.4,Pahang,3,At-Risk High Value (lapsing loyal spender)
16936,26,2,3001.9,Kuala Lumpur,0,"New / Promising (recent, low frequency & value)"
16937,499,1,1069.3,Selangor,1,Lost / Dormant Low-Value
16938,9,9,33659.0,Johor,2,"Champions (recent, frequent, high spend)"
16939,489,3,2131.7,Selangor,1,Lost / Dormant Low-Value
16940,52,8,33621.3,Sarawak,2,"Champions (recent, frequent, high spend)"
16941,612,1,180.0,Kuala Lumpur,1,Lost / Dormant Low-Value
16942,13,9,10207.0,Negeri Sembilan,2,"Champions (recent, frequent, high spend)"
16943,212,3,3807.5,Penang,3,At-Risk High Value (lapsing loyal spender)
16944,610,1,557.7,Kuala Lumpur,1,Lost / Dormant Low-Value
16945,22,33,43650.4,Selangor,2,"Champions (recent, frequent, high spend)"
16946,383,5,6454.1,Kuala Lumpur,3,At-Risk High Value (lapsing loyal spender)
16947,236,5,4989.5,Negeri Sembilan,3,At-Risk High Value (lapsing loyal spender)
16948,139,7,3445.5,Kuala Lumpur,3,At-Risk High Value (lapsing loyal spender)
16949,4,6,4075.5,Sabah,0,"New / Promising (recent, low frequency & value)"
16950,57,10,13676.3,Perak,2,"Champions (recent, frequent, high spend)"
16951,135,3,6723.1,Kuala Lumpur,3,At-Risk High Value (lapsing loyal spender)
16952,109,5,4149.7,Penang,3,At-Risk High Value (lapsing loyal spender)
16953,30,1,115.0,Selangor,1,Lost / Dormant Low-Value
16954,1,18,18555.4,Penang,2,"Champions (recent, frequent, high spend)"
16955,185,6,4315.6,Penang,3,At-Risk High Value (lapsing loyal spender)
16956,18,1,1366.9,Selangor,0,"New / Promising (recent, low frequency & value)"
16957,239,2,1853.6,Selangor,1,Lost / Dormant Low-Value
16958,435,1,4275.5,Sabah,1,Lost / Dormant Low-Value
16959,87,1,639.5,Selangor,1,Lost / Dormant Low-Value
16960,39,8,10974.0,Kuala Lumpur,2,"Champions (recent, frequent, high spend)"
16961,116,3,4345.6,Penang,3,At-Risk High Value (lapsing loyal spender)
16962,410,1,1383.4,Johor,1,Lost / Dormant Low-Value
16963,187,1,602.0,Kuala Lumpur,1,Lost / Dormant Low-Value
16964,733,2,294.5,Perak,1,Lost / Dormant Low-Value
16965,227,1,1099.4,Selangor,1,Lost / Dormant Low-Value
16966,45,4,905.9,Kuala Lumpur,0,"New / Promising (recent, low frequency & value)"
16967,189,1,1762.5,Sarawak,1,Lost / Dormant Low-Value
16968,4,2,2410.6,Selangor,0,"New / Promising (recent, low frequency & value)"
16969,39,3,3287.0,Kuala Lumpur,0,"New / Promising (recent, low frequency & value)"
16970,626,1,394.8,Johor,1,Lost / Dormant Low-Value
16971,38,1,1273.1,Kuala Lumpur,0,"New / Promising (recent, low frequency & value)"
16972,383,2,3646.0,Selangor,3,At-Risk High Value (lapsing loyal spender)
16973,386,1,705.0,Selangor,1,Lost / Dormant Low-Value
16974,523,2,735.9000000000001,Selangor,1,Lost / Dormant Low-Value
16975,423,3,3677.7,Kuala Lumpur,3,At-Risk High Value (lapsing loyal spender)
16977,395,4,2163.2,Selangor,3,At-Risk High Value (lapsing loyal spender)
16978,78,3,3121.6,Kuala Lumpur,3,At-Risk High Value (lapsing loyal spender)
16979,4,9,11307.3,Penang,2,"Champions (recent, frequent, high spend)"
16980,255,3,6109.1,Johor,3,At-Risk High Value (lapsing loyal spender)
16982,61,1,2107.8,Negeri Sembilan,0,"New / Promising (recent, low frequency & value)"
16983,13,11,16249.6,Selangor,2,"Champions (recent, frequent, high spend)"
16984,88,9,49823.1,Penang,2,"Champions (recent, frequent, high spend)"
16985,17,20,15581.7,Penang,2,"Champions (recent, frequent, high spend)"
16986,30,10,15348.7,Negeri Sembilan,2,"Champions (recent, frequent, high spend)"
16987,3,11,12360.3,Kuala Lumpur,2,"Champions (recent, frequent, high spend)"
16988,5,2,2098.3,Kuala Lumpur,0,"New / Promising (recent, low frequency & value)"
16989,7,3,603.0,Melaka,0,"New / Promising (recent, low frequency & value)"
16991,421,1,5422.8,Kuala Lumpur,1,Lost / Dormant Low-Value
16992,11,13,26561.3,Sarawak,2,"Champions (recent, frequent, high spend)"
16993,464,2,1386.0,Selangor,1,Lost / Dormant Low-Value
16996,30,9,7789.4,Perlis,2,"Champions (recent, frequent, high spend)"
16997,288,2,654.0,Melaka,1,Lost / Dormant Low-Value
16998,150,3,178.8,Kedah,1,Lost / Dormant Low-Value
16999,23,2,1673.4,Selangor,0,"New / Promising (recent, low frequency & value)"
17000,396,2,1699.6,Terengganu,1,Lost / Dormant Low-Value
17001,1,19,30944.3,Selangor,2,"Champions (recent, frequent, high spend)"
17002,86,7,7953.1,Kedah,3,At-Risk High Value (lapsing loyal spender)
17003,402,4,4553.1,Selangor,3,At-Risk High Value (lapsing loyal spender)
17004,46,4,6441.8,Pahang,3,At-Risk High Value (lapsing loyal spender)
17005,471,2,1613.6,Selangor,1,Lost / Dormant Low-Value
17006,5,8,6758.4,Negeri Sembilan,2,"Champions (recent, frequent, high spend)"
17007,51,7,5734.0,Sarawak,3,At-Risk High Value (lapsing loyal spender)
17009,551,1,968.2,Negeri Sembilan,1,Lost / Dormant Low-Value
17010,18,1,1069.4,Johor,0,"New / Promising (recent, low frequency & value)"
17011,30,3,2659.0,Selangor,0,"New / Promising (recent, low frequency & value)"
17012,725,1,1972.7,Selangor,1,Lost / Dormant Low-Value
17014,8,3,2597.4,Kuala Lumpur,0,"New / Promising (recent, low frequency & value)"
17015,29,3,10199.4,Perlis,0,"New / Promising (recent, low frequency & value)"
17016,577,1,2502.0,Perak,1,Lost / Dormant Low-Value
17017,3,27,37369.8,Selangor,2,"Champions (recent, frequent, high spend)"
17018,41,2,981.6,Kuala Lumpur,0,"New / Promising (recent, low frequency & value)"
17019,11,11,19393.6,Kuala Lumpur,2,"Champions (recent, frequent, high spend)"
17020,542,2,5197.8,Selangor,3,At-Risk High Value (lapsing loyal spender)
17021,453,5,3330.6,Penang,3,At-Risk High Value (lapsing loyal spender)
17022,31,2,1091.8,Melaka,0,"New / Promising (recent, low frequency & value)"
17023,417,3,4389.0,Selangor,3,At-Risk High Value (lapsing loyal spender)
17024,45,3,526.5,Sabah,0,"New / Promising (recent, low frequency & value)"
17025,61,5,3782.1,Kuala Lumpur,3,At-Risk High Value (lapsing loyal spender)
17026,370,2,293.0,Selangor,1,Lost / Dormant Low-Value
17027,79,9,6402.8,Negeri Sembilan,3,At-Risk High Value (lapsing loyal spender)
17028,581,3,8142.6,Negeri Sembilan,3,At-Risk High Value (lapsing loyal spender)
17029,437,2,1784.3,Melaka,1,Lost / Dormant Low-Value
17030,64,1,806.3,Sabah,1,Lost / Dormant Low-Value
17031,12,3,3063.0,Selangor,0,"New / Promising (recent, low frequency & value)"
17032,548,7,15484.8,Kuala Lumpur,3,At-Risk High Value (lapsing loyal spender)
17033,86,4,3178.5,Kuala Lumpur,3,At-Risk High Value (lapsing loyal spender)
17034,16,5,5421.3,Selangor,0,"New / Promising (recent, low frequency & value)"
17035,246,4,3038.1,Kuala Lumpur,3,At-Risk High Value (lapsing loyal spender)
17036,383,1,971.4,Kuala Lumpur,1,Lost / Dormant Low-Value
17037,88,1,6959.4,Sabah,3,At-Risk High Value (lapsing loyal spender)
17038,30,2,4089.1,Johor,0,"New / Promising (recent, low frequency & value)"
17039,604,1,3070.2,Kuala Lumpur,1,Lost / Dormant Low-Value
17040,138,2,1031.8,Negeri Sembilan,1,Lost / Dormant Low-Value
17041,27,6,9123.9,Selangor,2,"Champions (recent, frequent, high spend)"
17042,3,5,5702.4,Kelantan,0,"New / Promising (recent, low frequency & value)"
17043,32,8,11964.4,Penang,2,"Champions (recent, frequent, high spend)"
17044,472,4,3821.4,Selangor,3,At-Risk High Value (lapsing loyal spender)
17045,113,5,3829.5,Sarawak,3,At-Risk High Value (lapsing loyal spender)
17046,157,5,7638.2,Perak,3,At-Risk High Value (lapsing loyal spender)
17047,85,6,12554.8,Melaka,3,At-Risk High Value (lapsing loyal spender)
17048,118,7,9320.8,Selangor,3,At-Risk High Value (lapsing loyal spender)
17049,3,19,50043.7,Selangor,2,"Champions (recent, frequent, high spend)"
17050,96,10,18973.8,Selangor,2,"Champions (recent, frequent, high spend)"
17051,194,4,3866.9,Selangor,3,At-Risk High Value (lapsing loyal spender)
17052,28,1,1937.9,Selangor,0,"New / Promising (recent, low frequency & value)"
17053,131,1,1205.8,Kuala Lumpur,1,Lost / Dormant Low-Value
17054,28,5,7081.099999999999,Selangor,0,"New / Promising (recent, low frequency & value)"
17055,446,1,1276.7,Selangor,1,Lost / Dormant Low-Value
17056,738,1,248.5,Sabah,1,Lost / Dormant Low-Value
17057,596,1,1621.9,Johor,1,Lost / Dormant Low-Value
17058,82,3,6520.4,Kuala Lumpur,3,At-Risk High Value (lapsing loyal spender)
17059,30,9,25816.1,Selangor,2,"Champions (recent, frequent, high spend)"
17060,266,1,442.8,Selangor,1,Lost / Dormant Low-Value
17061,74,8,6744.0,Sarawak,3,At-Risk High Value (lapsing loyal spender)
17062,314,6,4894.9,Selangor,3,At-Risk High Value (lapsing loyal spender)
17063,21,13,18721.5,Penang,2,"Champions (recent, frequent, high spend)"
17064,59,3,4267.4,Johor,0,"New / Promising (recent, low frequency & value)"
17065,638,2,411.0,Johor,1,Lost / Dormant Low-Value
17066,726,1,1253.1,Penang,1,Lost / Dormant Low-Value
17067,725,3,1644.2,Selangor,1,Lost / Dormant Low-Value
17068,12,47,48093.6,Sabah,2,"Champions (recent, frequent, high spend)"
17069,28,14,26152.4,Johor,2,"Champions (recent, frequent, high spend)"
17070,114,2,2411.0,Selangor,1,Lost / Dormant Low-Value
17071,28,13,18396.9,Kuala Lumpur,2,"Champions (recent, frequent, high spend)"
17072,625,1,1493.3,Johor,1,Lost / Dormant Low-Value
17073,18,4,7952.3,Selangor,0,"New / Promising (recent, low frequency & value)"
17074,563,1,204.0,Selangor,1,Lost / Dormant Low-Value
17075,18,10,11701.5,Sabah,2,"Champions (recent, frequent, high spend)"
17076,36,6,4135.6,Putrajaya,0,"New / Promising (recent, low frequency & value)"
17078,36,2,1052.0,Penang,0,"New / Promising (recent, low frequency & value)"
17080,22,6,3239.3,Penang,0,"New / Promising (recent, low frequency & value)"
17081,25,6,5237.6,Melaka,0,"New / Promising (recent, low frequency & value)"
17082,33,6,20869.4,Selangor,2,"Champions (recent, frequent, high spend)"
17083,109,9,10092.4,Selangor,3,At-Risk High Value (lapsing loyal spender)
17084,35,3,25085.7,Kuala Lumpur,3,At-Risk High Value (lapsing loyal spender)
17085,123,28,42125.3,Kuala Lumpur,2,"Champions (recent, frequent, high spend)"
17086,7,6,8358.5,Sabah,2,"Champions (recent, frequent, high spend)"
17087,738,1,1213.0,Johor,1,Lost / Dormant Low-Value
17088,28,4,10928.0,Selangor,0,"New / Promising (recent, low frequency & value)"
17089,386,1,209.0,Kuala Lumpur,1,Lost / Dormant Low-Value
17090,4,9,6442.5,Negeri Sembilan,2,"Champions (recent, frequent, high spend)"
17091,3,19,39056.8,Selangor,2,"Champions (recent, frequent, high spend)"
17092,50,10,28008.7,Sabah,2,"Champions (recent, frequent, high spend)"
17093,593,1,1035.2,Johor,1,Lost / Dormant Low-Value
17094,322,2,1036.2,Kedah,1,Lost / Dormant Low-Value
17095,23,7,11262.5,Selangor,2,"Champions (recent, frequent, high spend)"
17096,15,11,18292.9,Sarawak,2,"Champions (recent, frequent, high spend)"
17097,2,9,6265.1,Selangor,2,"Champions (recent, frequent, high spend)"
17098,382,2,1529.4,Selangor,1,Lost / Dormant Low-Value
17099,533,1,3191.5,Selangor,1,Lost / Dormant Low-Value
17100,18,2,5321.6,Selangor,0,"New / Promising (recent, low frequency & value)"
17101,30,6,6564.6,Kuala Lumpur,0,"New / Promising (recent, low frequency & value)"
17102,262,1,140.0,Penang,1,Lost / Dormant Low-Value
17103,722,1,2302.3,Sabah,1,Lost / Dormant Low-Value
17104,424,1,2045.0,Kuala Lumpur,1,Lost / Dormant Low-Value
17105,159,2,3651.4,Selangor,3,At-Risk High Value (lapsing loyal spender)
17106,389,1,2396.3,Johor,1,Lost / Dormant Low-Value
17107,33,9,30055.6,Melaka,2,"Champions (recent, frequent, high spend)"
17108,664,1,961.3,Kelantan,1,Lost / Dormant Low-Value
17109,29,8,7096.1,Selangor,2,"Champions (recent, frequent, high spend)"
17110,165,3,2743.7,Selangor,3,At-Risk High Value (lapsing loyal spender)
17111,47,2,2487.4,Negeri Sembilan,0,"New / Promising (recent, low frequency & value)"
17112,503,1,1078.8,Kuala Lumpur,1,Lost / Dormant Low-Value
17113,574,6,12092.5,Johor,3,At-Risk High Value (lapsing loyal spender)
17114,6,8,4406.3,Perak,2,"Champions (recent, frequent, high spend)"
17115,8,7,11935.5,Terengganu,2,"Champions (recent, frequent, high spend)"
17116,648,1,2140.8,Johor,1,Lost / Dormant Low-Value
17117,288,1,637.0,Pahang,1,Lost / Dormant Low-Value
17118,318,1,852.0,Selangor,1,Lost / Dormant Low-Value
17119,3,2,3320.2,Selangor,0,"New / Promising (recent, low frequency & value)"
17120,233,1,1682.4,Kuala Lumpur,1,Lost / Dormant Low-Value
17121,403,1,1399.2,Kuala Lumpur,1,Lost / Dormant Low-Value
17122,119,4,2862.2,Selangor,3,At-Risk High Value (lapsing loyal spender)
17123,162,3,4019.1,Penang,3,At-Risk High Value (lapsing loyal spender)
17124,185,1,1621.3999999999999,Sabah,1,Lost / Dormant Low-Value
17125,50,1,1224.5,Selangor,0,"New / Promising (recent, low frequency & value)"
17126,152,9,10319.0,Selangor,3,At-Risk High Value (lapsing loyal spender)
17127,429,5,3784.3,Sarawak,3,At-Risk High Value (lapsing loyal spender)
17128,335,1,860.5999999999999,Selangor,1,Lost / Dormant Low-Value
17129,520,1,174.8,Johor,1,Lost / Dormant Low-Value
17131,5,5,10264.1,Kuala Lumpur,2,"Champions (recent, frequent, high spend)"
17132,452,2,6413.0,Selangor,3,At-Risk High Value (lapsing loyal spender)
17133,16,5,288.5,Selangor,0,"New / Promising (recent, low frequency & value)"
17134,107,3,3440.2999999999997,Johor,3,At-Risk High Value (lapsing loyal spender)
17135,16,8,7858.3,Kuala Lumpur,2,"Champions (recent, frequent, high spend)"
17136,662,1,1255.6,Melaka,1,Lost / Dormant Low-Value
17137,416,6,6052.8,Penang,3,At-Risk High Value (lapsing loyal spender)
17138,276,7,23460.6,Sabah,3,At-Risk High Value (lapsing loyal spender)
17139,16,23,67669.5,Penang,2,"Champions (recent, frequent, high spend)"
17140,247,1,943.4,Kuala Lumpur,1,Lost / Dormant Low-Value
17141,418,4,4024.1,Sarawak,3,At-Risk High Value (lapsing loyal spender)
17142,239,4,5247.2,Penang,3,At-Risk High Value (lapsing loyal spender)
17143,417,2,4584.2,Selangor,3,At-Risk High Value (lapsing loyal spender)
17144,1,2,4019.9,Johor,0,"New / Promising (recent, low frequency & value)"
17145,513,4,15596.7,Selangor,3,At-Risk High Value (lapsing loyal spender)
17146,106,13,26053.0,Pahang,2,"Champions (recent, frequent, high spend)"
17147,23,9,12293.7,Selangor,2,"Champions (recent, frequent, high spend)"
17148,52,1,679.8,Selangor,1,Lost / Dormant Low-Value
17149,451,1,790.1999999999999,Labuan,1,Lost / Dormant Low-Value
17150,377,6,7452.0,Kuala Lumpur,3,At-Risk High Value (lapsing loyal spender)
17151,735,1,197.4,Kuala Lumpur,1,Lost / Dormant Low-Value
17152,195,2,718.9,Selangor,1,Lost / Dormant Low-Value
17153,24,1,1172.7,Johor,0,"New / Promising (recent, low frequency & value)"
17154,75,1,1790.2,Kuala Lumpur,1,Lost / Dormant Low-Value
17155,18,7,3458.2,Selangor,0,"New / Promising (recent, low frequency & value)"
17156,492,1,3239.9,Selangor,1,Lost / Dormant Low-Value
17157,8,18,9157.0,Sarawak,2,"Champions (recent, frequent, high spend)"
17158,32,5,10415.9,Johor,3,At-Risk High Value (lapsing loyal spender)
17159,22,5,10833.7,Negeri Sembilan,0,"New / Promising (recent, low frequency & value)"
17160,31,17,55237.4,Sabah,2,"Champions (recent, frequent, high spend)"
17161,444,1,4685.9,Selangor,1,Lost / Dormant Low-Value
17162,29,10,9449.2,Sarawak,2,"Champions (recent, frequent, high spend)"
17163,78,3,2645.5,Selangor,0,"New / Promising (recent, low frequency & value)"
17164,33,7,13548.3,Negeri Sembilan,2,"Champions (recent, frequent, high spend)"
17165,284,6,9557.2,Negeri Sembilan,3,At-Risk High Value (lapsing loyal spender)
17166,39,2,824.4,Selangor,0,"New / Promising (recent, low frequency & value)"
17167,380,3,4774.5,Johor,3,At-Risk High Value (lapsing loyal spender)
17168,499,1,1454.2,Melaka,1,Lost / Dormant Low-Value
17169,58,3,6325.3,Kuala Lumpur,3,At-Risk High Value (lapsing loyal spender)
17170,374,2,982.8,Kuala Lumpur,1,Lost / Dormant Low-Value
17171,289,2,2112.9,Kuala Lumpur,1,Lost / Dormant Low-Value
17172,79,3,3509.8,Kuala Lumpur,3,At-Risk High Value (lapsing loyal spender)
17173,5,7,7116.4,Sarawak,2,"Champions (recent, frequent, high spend)"
17174,218,1,331.5,Penang,1,Lost / Dormant Low-Value
17175,44,4,6349.5,Sabah,0,"New / Promising (recent, low frequency & value)"
17176,202,3,3168.2,Johor,3,At-Risk High Value (lapsing loyal spender)
17177,505,1,654.1,Penang,1,Lost / Dormant Low-Value
17178,731,1,2378.0,Kuala Lumpur,1,Lost / Dormant Low-Value
17179,178,6,7949.1,Terengganu,3,At-Risk High Value (lapsing loyal spender)
17180,56,11,11968.2,Selangor,2,"Champions (recent, frequent, high spend)"
17181,57,2,601.0,Selangor,1,Lost / Dormant Low-Value
17182,423,1,789.6,Selangor,1,Lost / Dormant Low-Value
17183,8,6,5228.6,Kuala Lumpur,0,"New / Promising (recent, low frequency & value)"
17184,569,2,1090.7,Selangor,1,Lost / Dormant Low-Value
17185,592,3,1254.8,Selangor,1,Lost / Dormant Low-Value
17187,227,2,1651.2,Selangor,1,Lost / Dormant Low-Value
17188,11,13,15141.0,Kuala Lumpur,2,"Champions (recent, frequent, high spend)"
17189,106,5,5259.9,Selangor,3,At-Risk High Value (lapsing loyal spender)
17190,59,6,6073.0,Sarawak,3,At-Risk High Value (lapsing loyal spender)
17191,28,15,22540.9,Penang,2,"Champions (recent, frequent, high spend)"
17192,536,1,417.4,Kuala Lumpur,1,Lost / Dormant Low-Value
17193,36,6,2353.6,Selangor,0,"New / Promising (recent, low frequency & value)"
17194,274,3,3086.0,Selangor,3,At-Risk High Value (lapsing loyal spender)
17195,655,1,2061.2,Selangor,1,Lost / Dormant Low-Value
17196,428,1,1794.3,Kuala Lumpur,1,Lost / Dormant Low-Value
17197,30,1,2119.8,Pahang,0,"New / Promising (recent, low frequency & value)"
17198,24,3,3507.9,Kelantan,0,"New / Promising (recent, low frequency & value)"
17199,582,1,471.59999999999997,Selangor,1,Lost / Dormant Low-Value
17200,387,3,976.0,Selangor,1,Lost / Dormant Low-Value
17201,54,4,5740.1,Selangor,3,At-Risk High Value (lapsing loyal spender)
17202,421,1,603.6,Kuala Lumpur,1,Lost / Dormant Low-Value
17203,36,10,8954.3,Kedah,2,"Champions (recent, frequent, high spend)"
17204,175,9,16761.3,Terengganu,3,At-Risk High Value (lapsing loyal spender)
17205,54,3,3986.1,Kuala Lumpur,0,"New / Promising (recent, low frequency & value)"
17206,53,1,877.6,Kuala Lumpur,1,Lost / Dormant Low-Value
17207,652,1,1583.9,Negeri Sembilan,1,Lost / Dormant Low-Value
17208,396,1,617.1,Selangor,1,Lost / Dormant Low-Value
17209,649,2,1447.0,Penang,1,Lost / Dormant Low-Value
17210,393,1,1376.0,Johor,1,Lost / Dormant Low-Value
17211,27,13,20395.8,Sabah,2,"Champions (recent, frequent, high spend)"
17212,253,3,2808.7,Kuala Lumpur,3,At-Risk High Value (lapsing loyal spender)
17213,40,13,25827.4,Melaka,2,"Champions (recent, frequent, high spend)"
17214,60,6,5341.6,Selangor,3,At-Risk High Value (lapsing loyal spender)
17215,464,1,527.0,Penang,1,Lost / Dormant Low-Value
17216,554,1,351.1,Negeri Sembilan,1,Lost / Dormant Low-Value
17217,234,2,784.8,Kuala Lumpur,1,Lost / Dormant Low-Value
17218,4,18,20695.6,Penang,2,"Champions (recent, frequent, high spend)"
17219,32,2,1419.6,Selangor,0,"New / Promising (recent, low frequency & value)"
17220,24,21,24497.8,Selangor,2,"Champions (recent, frequent, high spend)"
17221,7,5,3455.9,Melaka,0,"New / Promising (recent, low frequency & value)"
17222,65,6,7700.1,Selangor,3,At-Risk High Value (lapsing loyal spender)
17223,310,3,2642.1,Selangor,3,At-Risk High Value (lapsing loyal spender)
17224,501,1,548.8,Kelantan,1,Lost / Dormant Low-Value
17225,582,1,207.5,Perak,1,Lost / Dormant Low-Value
17226,309,3,2773.2,Selangor,3,At-Risk High Value (lapsing loyal spender)
17227,19,12,4581.9,Sarawak,2,"Champions (recent, frequent, high spend)"
17228,16,13,15113.6,Kuala Lumpur,2,"Champions (recent, frequent, high spend)"
17229,96,2,1753.5,Sabah,1,Lost / Dormant Low-Value
17230,264,16,17301.1,Kuala Lumpur,3,At-Risk High Value (lapsing loyal spender)
17231,12,25,38863.4,Pahang,2,"Champions (recent, frequent, high spend)"
17232,3,2,2307.8,Selangor,0,"New / Promising (recent, low frequency & value)"
17233,35,3,2807.6,Selangor,0,"New / Promising (recent, low frequency & value)"
17234,183,1,823.5,Johor,1,Lost / Dormant Low-Value
17235,25,8,5798.0,Selangor,2,"Champions (recent, frequent, high spend)"
17236,13,12,7494.5,Selangor,2,"Champions (recent, frequent, high spend)"
17237,11,4,4952.0,Penang,0,"New / Promising (recent, low frequency & value)"
17238,3,32,40050.2,Kuala Lumpur,2,"Champions (recent, frequent, high spend)"
17239,313,4,3253.3,Selangor,3,At-Risk High Value (lapsing loyal spender)
17240,596,1,702.0,Kuala Lumpur,1,Lost / Dormant Low-Value
17241,385,12,11513.4,Penang,3,At-Risk High Value (lapsing loyal spender)
17242,108,5,5844.3,Negeri Sembilan,3,At-Risk High Value (lapsing loyal spender)
17243,1,68,78727.8,Selangor,2,"Champions (recent, frequent, high spend)"
17244,53,5,6807.0,Selangor,3,At-Risk High Value (lapsing loyal spender)
17245,205,2,2018.3,Sabah,1,Lost / Dormant Low-Value
17246,547,2,217.4,Selangor,1,Lost / Dormant Low-Value
17247,15,1,1535.6,Penang,0,"New / Promising (recent, low frequency & value)"
17248,120,2,2488.4,Johor,3,At-Risk High Value (lapsing loyal spender)
17249,429,1,373.0,Selangor,1,Lost / Dormant Low-Value
17250,4,2,1852.3,Selangor,0,"New / Promising (recent, low frequency & value)"
17251,363,3,4390.3,Johor,3,At-Risk High Value (lapsing loyal spender)
17252,117,2,1907.6,Johor,1,Lost / Dormant Low-Value
17253,18,1,981.7,Kuala Lumpur,0,"New / Promising (recent, low frequency & value)"
17254,5,3,2568.9,Selangor,0,"New / Promising (recent, low frequency & value)"
17255,41,4,4271.2,Kedah,0,"New / Promising (recent, low frequency & value)"
17256,107,4,863.4,Penang,1,Lost / Dormant Low-Value
17257,436,2,450.1,Kuala Lumpur,1,Lost / Dormant Low-Value
17258,397,2,2281.0,Penang,1,Lost / Dormant Low-Value
17259,148,6,7971.4,Selangor,3,At-Risk High Value (lapsing loyal spender)
17260,411,1,663.7,Penang,1,Lost / Dormant Low-Value
17261,510,1,884.2,Kuala Lumpur,1,Lost / Dormant Low-Value
17262,227,1,112.1,Penang,1,Lost / Dormant Low-Value
17263,208,1,349.0,Selangor,1,Lost / Dormant Low-Value
17264,424,1,1488.5,Selangor,1,Lost / Dormant Low-Value
17265,139,2,3025.0,Negeri Sembilan,3,At-Risk High Value (lapsing loyal spender)
17266,2,5,2754.5,Selangor,0,"New / Promising (recent, low frequency & value)"
17267,127,2,1377.6,Kuala Lumpur,1,Lost / Dormant Low-Value
17268,150,6,1945.8,Kelantan,3,At-Risk High Value (lapsing loyal spender)
17269,386,1,2709.7,Selangor,1,Lost / Dormant Low-Value
17270,469,2,2143.1,Kuala Lumpur,1,Lost / Dormant Low-Value
17271,736,1,1121.0,Kuala Lumpur,1,Lost / Dormant Low-Value
17272,42,4,8136.2,Kuala Lumpur,3,At-Risk High Value (lapsing loyal spender)
17273,424,1,786.5,Johor,1,Lost / Dormant Low-Value
17274,35,2,3134.7,Sarawak,0,"New / Promising (recent, low frequency & value)"
17275,383,1,632.9,Perak,1,Lost / Dormant Low-Value
17276,402,1,2197.5,Perak,1,Lost / Dormant Low-Value
17277,228,2,5332.5,Johor,3,At-Risk High Value (lapsing loyal spender)
17278,241,2,1502.7,Selangor,1,Lost / Dormant Low-Value
17279,58,1,331.4,Pahang,1,Lost / Dormant Low-Value
17280,438,1,654.0,Penang,1,Lost / Dormant Low-Value
17282,174,4,6441.1,Selangor,3,At-Risk High Value (lapsing loyal spender)
17283,379,1,771.1,Kuala Lumpur,1,Lost / Dormant Low-Value
17284,60,7,13439.8,Kuala Lumpur,3,At-Risk High Value (lapsing loyal spender)
17285,628,2,2238.7,Selangor,1,Lost / Dormant Low-Value
17286,22,3,1745.0,Kuala Lumpur,0,"New / Promising (recent, low frequency & value)"
17287,26,21,20172.2,Sarawak,2,"Champions (recent, frequent, high spend)"
17288,9,10,10669.7,Selangor,2,"Champions (recent, frequent, high spend)"
17289,32,9,9339.5,Selangor,2,"Champions (recent, frequent, high spend)"
17290,4,8,6286.2,Johor,2,"Champions (recent, frequent, high spend)"
17292,472,2,1077.6,Selangor,1,Lost / Dormant Low-Value
17293,8,16,15406.4,Perak,2,"Champions (recent, frequent, high spend)"
17294,669,2,1088.2,Johor,1,Lost / Dormant Low-Value
17295,29,3,3000.4,Selangor,0,"New / Promising (recent, low frequency & value)"
17296,730,1,1593.9,Selangor,1,Lost / Dormant Low-Value
17297,17,1,703.9,Melaka,0,"New / Promising (recent, low frequency & value)"
17298,101,5,4221.2,Kuala Lumpur,3,At-Risk High Value (lapsing loyal spender)
17299,12,6,5135.4,Kuala Lumpur,0,"New / Promising (recent, low frequency & value)"
17300,391,2,2145.4,Johor,1,Lost / Dormant Low-Value
17301,21,2,1611.2,Selangor,0,"New / Promising (recent, low frequency & value)"
17302,15,5,4971.3,Penang,0,"New / Promising (recent, low frequency & value)"
17303,361,1,1376.4,Kuala Lumpur,1,Lost / Dormant Low-Value
17304,534,1,320.9,Selangor,1,Lost / Dormant Low-Value
17306,11,5,776.0,Selangor,0,"New / Promising (recent, low frequency & value)"
17307,395,5,1381.2,Selangor,3,At-Risk High Value (lapsing loyal spender)
17308,393,1,240.0,Penang,1,Lost / Dormant Low-Value
17309,95,3,1747.1,Selangor,0,"New / Promising (recent, low frequency & value)"
17311,78,6,10798.2,Selangor,3,At-Risk High Value (lapsing loyal spender)
17312,155,2,565.2,Kuala Lumpur,1,Lost / Dormant Low-Value
17313,31,1,1068.0,Sabah,0,"New / Promising (recent, low frequency & value)"
17314,25,17,22428.3,Selangor,2,"Champions (recent, frequent, high spend)"
17315,2,43,37105.6,Johor,2,"Champions (recent, frequent, high spend)"
17316,420,1,682.5,Selangor,1,Lost / Dormant Low-Value
17317,46,1,212.4,Selangor,1,Lost / Dormant Low-Value
17318,725,1,859.5,Perak,1,Lost / Dormant Low-Value
17319,669,1,159.8,Selangor,1,Lost / Dormant Low-Value
17320,100,6,12567.2,Pahang,3,At-Risk High Value (lapsing loyal spender)
17321,8,6,8725.0,Kuala Lumpur,2,"Champions (recent, frequent, high spend)"
17322,376,5,5053.3,Perak,3,At-Risk High Value (lapsing loyal spender)
17323,15,12,8456.2,Kedah,2,"Champions (recent, frequent, high spend)"
17324,18,11,6045.2,Selangor,2,"Champions (recent, frequent, high spend)"
17325,280,3,3339.0,Selangor,3,At-Risk High Value (lapsing loyal spender)
17326,408,2,1712.1,Johor,1,Lost / Dormant Low-Value
17327,410,2,273.1,Selangor,1,Lost / Dormant Low-Value
17328,673,1,162.7,Penang,1,Lost / Dormant Low-Value
17329,14,5,4467.1,Negeri Sembilan,0,"New / Promising (recent, low frequency & value)"
17330,545,1,54.9,Selangor,1,Lost / Dormant Low-Value
17332,528,5,4011.6,Selangor,3,At-Risk High Value (lapsing loyal spender)
17333,86,1,2749.5,Perak,0,"New / Promising (recent, low frequency & value)"
17334,302,3,3132.9,Kuala Lumpur,3,At-Risk High Value (lapsing loyal spender)
17335,384,2,1625.4,Selangor,1,Lost / Dormant Low-Value
17337,151,4,10873.9,Kelantan,3,At-Risk High Value (lapsing loyal spender)
17338,17,17,64867.8,Perak,2,"Champions (recent, frequent, high spend)"
17339,94,2,878.0,Kuala Lumpur,1,Lost / Dormant Low-Value
17340,30,17,55033.2,Selangor,2,"Champions (recent, frequent, high spend)"
17341,157,5,6024.1,Johor,3,At-Risk High Value (lapsing loyal spender)
17342,380,4,2946.8,Sabah,3,At-Risk High Value (lapsing loyal spender)
17343,355,6,6281.8,Kuala Lumpur,3,At-Risk High Value (lapsing loyal spender)
17344,46,2,2060.6,Selangor,0,"New / Promising (recent, low frequency & value)"
17345,15,10,8065.7,Johor,2,"Champions (recent, frequent, high spend)"
17346,4,26,26645.5,Johor,2,"Champions (recent, frequent, high spend)"
17348,15,9,13180.3,Kedah,2,"Champions (recent, frequent, high spend)"
17349,179,4,2744.1,Kelantan,3,At-Risk High Value (lapsing loyal spender)
17350,8,7,8912.4,Perak,2,"Champions (recent, frequent, high spend)"
17351,36,12,5317.4,Selangor,2,"Champions (recent, frequent, high spend)"
17352,696,1,199.3,Selangor,1,Lost / Dormant Low-Value
17354,51,4,3341.1,Penang,0,"New / Promising (recent, low frequency & value)"
17355,386,1,1193.8,Johor,1,Lost / Dormant Low-Value
17356,312,5,4337.8,Kuala Lumpur,3,At-Risk High Value (lapsing loyal spender)
17357,24,2,1315.3,Johor,0,"New / Promising (recent, low frequency & value)"
17358,303,5,4723.2,Sabah,3,At-Risk High Value (lapsing loyal spender)
17359,11,2,1559.4,Sarawak,0,"New / Promising (recent, low frequency & value)"
17360,17,6,6367.6,Negeri Sembilan,0,"New / Promising (recent, low frequency & value)"
17361,49,4,3842.0,Penang,0,"New / Promising (recent, low frequency & value)"
17362,239,7,5632.3,Selangor,3,At-Risk High Value (lapsing loyal spender)
17363,395,3,2435.1,Selangor,3,At-Risk High Value (lapsing loyal spender)
17364,1,27,55367.8,Selangor,2,"Champions (recent, frequent, high spend)"
17365,13,15,43604.2,Negeri Sembilan,2,"Champions (recent, frequent, high spend)"
17366,432,2,4649.6,Selangor,3,At-Risk High Value (lapsing loyal spender)
17367,238,1,916.2,Kuala Lumpur,1,Lost / Dormant Low-Value
17368,23,13,8101.6,Melaka,2,"Champions (recent, frequent, high spend)"
17370,73,4,2461.6,Johor,0,"New / Promising (recent, low frequency & value)"
17371,17,6,3340.6,Selangor,0,"New / Promising (recent, low frequency & value)"
17372,41,28,21435.2,Sarawak,2,"Champions (recent, frequent, high spend)"
17373,40,7,5861.4,Kuala Lumpur,3,At-Risk High Value (lapsing loyal spender)
17374,219,3,4012.7999999999997,Kuala Lumpur,3,At-Risk High Value (lapsing loyal spender)
17375,199,4,3647.4,Selangor,3,At-Risk High Value (lapsing loyal spender)
17376,71,4,2515.0,Selangor,0,"New / Promising (recent, low frequency & value)"
17377,24,77,73346.3,Selangor,2,"Champions (recent, frequent, high spend)"
17378,374,1,60.0,Johor,1,Lost / Dormant Low-Value
17379,11,1,2141.8,Kuala Lumpur,0,"New / Promising (recent, low frequency & value)"
17380,434,3,404.4,Johor,1,Lost / Dormant Low-Value
17381,152,7,1588.4,Kuala Lumpur,3,At-Risk High Value (lapsing loyal spender)
17382,65,5,863.7,Perak,0,"New / Promising (recent, low frequency & value)"
17383,4,2,1067.0,Johor,0,"New / Promising (recent, low frequency & value)"
17384,19,3,827.3,Selangor,0,"New / Promising (recent, low frequency & value)"
17385,15,1,1401.9,Kuala Lumpur,0,"New / Promising (recent, low frequency & value)"
17386,8,4,1788.6,Negeri Sembilan,0,"New / Promising (recent, low frequency & value)"
17387,20,2,3825.3,Johor,0,"New / Promising (recent, low frequency & value)"
17388,78,6,2436.0,Selangor,3,At-Risk High Value (lapsing loyal spender)
17389,3,42,17105.0,Selangor,2,"Champions (recent, frequent, high spend)"
17390,421,1,177.2,Selangor,1,Lost / Dormant Low-Value
17392,307,3,2933.3,Kedah,3,At-Risk High Value (lapsing loyal spender)
17393,411,2,1647.1,Selangor,1,Lost / Dormant Low-Value
17394,219,1,264.9,Sarawak,1,Lost / Dormant Low-Value
17395,508,1,288.6,Penang,1,Lost / Dormant Low-Value
17396,149,6,1473.4,Melaka,3,At-Risk High Value (lapsing loyal spender)
17397,22,3,5505.5,Kuala Lumpur,0,"New / Promising (recent, low frequency & value)"
17398,115,3,3102.7999999999997,Kuala Lumpur,3,At-Risk High Value (lapsing loyal spender)
17400,126,8,24704.1,Negeri Sembilan,3,At-Risk High Value (lapsing loyal spender)
17401,541,1,629.1,Selangor,1,Lost / Dormant Low-Value
17402,5,19,7775.5,Selangor,2,"Champions (recent, frequent, high spend)"
17403,36,2,2102.0,Kuala Lumpur,0,"New / Promising (recent, low frequency & value)"
17404,26,12,3820.0,Selangor,2,"Champions (recent, frequent, high spend)"
17405,1,3,5436.3,Selangor,0,"New / Promising (recent, low frequency & value)"
17406,333,10,15908.3,Melaka,3,At-Risk High Value (lapsing loyal spender)
17407,412,1,2713.6,Perak,1,Lost / Dormant Low-Value
17408,163,3,607.4,Pahang,1,Lost / Dormant Low-Value
17409,185,10,5275.6,Kuala Lumpur,3,At-Risk High Value (lapsing loyal spender)
17410,16,5,5739.7,Terengganu,0,"New / Promising (recent, low frequency & value)"
17411,12,5,6735.8,Selangor,0,"New / Promising (recent, low frequency & value)"
17412,3,16,19196.5,Selangor,2,"Champions (recent, frequent, high spend)"
17413,405,1,911.6,Pahang,1,Lost / Dormant Low-Value
17414,185,3,474.0,Johor,1,Lost / Dormant Low-Value
17415,80,1,927.9,Johor,1,Lost / Dormant Low-Value
17416,30,21,58824.0,Johor,2,"Champions (recent, frequent, high spend)"
17417,549,1,901.5,Labuan,1,Lost / Dormant Low-Value
17418,42,3,3679.9,Selangor,0,"New / Promising (recent, low frequency & value)"
17419,11,18,28582.1,Penang,2,"Champions (recent, frequent, high spend)"
17420,50,6,5252.7,Selangor,3,At-Risk High Value (lapsing loyal spender)
17421,386,3,5250.3,Selangor,3,At-Risk High Value (lapsing loyal spender)
17422,16,11,18120.4,Selangor,2,"Champions (recent, frequent, high spend)"
17423,46,3,3729.7,Kuala Lumpur,0,"New / Promising (recent, low frequency & value)"
17425,61,1,3778.8,Selangor,0,"New / Promising (recent, low frequency & value)"
17426,8,13,39774.0,Selangor,2,"Champions (recent, frequent, high spend)"
17427,72,1,165.6,Melaka,1,Lost / Dormant Low-Value
17428,38,37,52711.1,Selangor,2,"Champions (recent, frequent, high spend)"
17429,128,5,7497.0,Sarawak,3,At-Risk High Value (lapsing loyal spender)
17430,33,4,3394.4,Johor,0,"New / Promising (recent, low frequency & value)"
17431,313,1,2190.3,Johor,1,Lost / Dormant Low-Value
17432,18,9,9460.5,Selangor,2,"Champions (recent, frequent, high spend)"
17433,88,2,3112.1,Perak,0,"New / Promising (recent, low frequency & value)"
17434,2,7,10339.6,Penang,2,"Champions (recent, frequent, high spend)"
17435,411,1,1802.4,Selangor,1,Lost / Dormant Low-Value
17436,2,4,1608.0,Selangor,0,"New / Promising (recent, low frequency & value)"
17437,530,1,2024.0,Kedah,1,Lost / Dormant Low-Value
17438,254,4,6818.5,Negeri Sembilan,3,At-Risk High Value (lapsing loyal spender)
17439,656,1,625.2,Selangor,1,Lost / Dormant Low-Value
17440,157,3,450.0,Kuala Lumpur,1,Lost / Dormant Low-Value
17441,732,1,1591.8,Selangor,1,Lost / Dormant Low-Value
17442,37,15,25192.5,Kuala Lumpur,2,"Champions (recent, frequent, high spend)"
17444,152,2,11265.6,Selangor,3,At-Risk High Value (lapsing loyal spender)
17446,177,2,660.0,Sabah,1,Lost / Dormant Low-Value
17447,40,2,3008.4,Kedah,0,"New / Promising (recent, low frequency & value)"
17448,497,46,80113.5,Kuala Lumpur,2,"Champions (recent, frequent, high spend)"
17449,2,13,26445.3,Labuan,2,"Champions (recent, frequent, high spend)"
17450,11,12,13495.6,Kedah,2,"Champions (recent, frequent, high spend)"
17451,1,7,9166.7,Terengganu,2,"Champions (recent, frequent, high spend)"
17453,18,2,1660.5,Sarawak,0,"New / Promising (recent, low frequency & value)"
17454,192,10,8512.8,Sabah,3,At-Risk High Value (lapsing loyal spender)
17455,204,1,719.8,Selangor,1,Lost / Dormant Low-Value
17456,365,2,5352.1,Selangor,3,At-Risk High Value (lapsing loyal spender)
17457,127,9,2303.6,Johor,3,At-Risk High Value (lapsing loyal spender)
17458,15,2,2908.9,Penang,0,"New / Promising (recent, low frequency & value)"
17459,43,2,3625.9,Selangor,0,"New / Promising (recent, low frequency & value)"
17460,94,15,10321.8,Selangor,2,"Champions (recent, frequent, high spend)"
17461,23,3,4039.0,Selangor,0,"New / Promising (recent, low frequency & value)"
17462,60,2,2127.0,Negeri Sembilan,0,"New / Promising (recent, low frequency & value)"
17463,16,7,13981.0,Sabah,2,"Champions (recent, frequent, high spend)"
17464,158,3,1888.8,Selangor,3,At-Risk High Value (lapsing loyal spender)
17465,426,7,13150.8,Selangor,3,At-Risk High Value (lapsing loyal spender)
17466,10,2,4198.1,Kuala Lumpur,0,"New / Promising (recent, low frequency & value)"
17467,395,1,563.4,Kedah,1,Lost / Dormant Low-Value
17468,10,3,1058.4,Kuala Lumpur,0,"New / Promising (recent, low frequency & value)"
17469,16,17,27215.9,Kuala Lumpur,2,"Champions (recent, frequent, high spend)"
17470,45,11,12048.1,Johor,2,"Champions (recent, frequent, high spend)"
17471,475,1,1760.8,Kuala Lumpur,1,Lost / Dormant Low-Value
17472,191,4,5041.5,Selangor,3,At-Risk High Value (lapsing loyal spender)
17473,409,2,2877.7,Perlis,1,Lost / Dormant Low-Value
17475,79,1,1081.9,Selangor,1,Lost / Dormant Low-Value
17476,396,2,2669.4,Penang,1,Lost / Dormant Low-Value
17477,613,2,3571.1,Sabah,1,Lost / Dormant Low-Value
17478,408,2,3916.4,Selangor,3,At-Risk High Value (lapsing loyal spender)
17479,633,1,1812.0,Johor,1,Lost / Dormant Low-Value
17480,78,2,4574.1,Penang,0,"New / Promising (recent, low frequency & value)"
17481,4,4,6584.4,Selangor,0,"New / Promising (recent, low frequency & value)"
17482,487,2,3973.3,Kuala Lumpur,3,At-Risk High Value (lapsing loyal spender)
17483,65,4,2643.6,Kuala Lumpur,0,"New / Promising (recent, low frequency & value)"
17484,576,2,1123.5,Kuala Lumpur,1,Lost / Dormant Low-Value
17486,261,1,2173.8,Selangor,1,Lost / Dormant Low-Value
17487,728,1,880.5,Negeri Sembilan,1,Lost / Dormant Low-Value
17488,641,1,1841.7,Kuala Lumpur,1,Lost / Dormant Low-Value
17489,59,2,2082.8,Kedah,0,"New / Promising (recent, low frequency & value)"
17490,1,9,9568.4,Selangor,2,"Champions (recent, frequent, high spend)"
17491,1,16,18856.8,Kuala Lumpur,2,"Champions (recent, frequent, high spend)"
17492,248,3,4129.4,Selangor,3,At-Risk High Value (lapsing loyal spender)
17493,385,1,555.7,Johor,1,Lost / Dormant Low-Value
17494,502,1,300.6,Penang,1,Lost / Dormant Low-Value
17495,8,3,4428.9,Pahang,0,"New / Promising (recent, low frequency & value)"
17496,359,4,7088.4,Selangor,3,At-Risk High Value (lapsing loyal spender)
17497,390,2,560.0,Johor,1,Lost / Dormant Low-Value
17498,76,1,1473.6,Sabah,1,Lost / Dormant Low-Value
17499,290,2,5875.1,Negeri Sembilan,3,At-Risk High Value (lapsing loyal spender)
17500,30,1,182.0,Kuala Lumpur,1,Lost / Dormant Low-Value
17501,221,2,1582.1,Kuala Lumpur,1,Lost / Dormant Low-Value
17502,9,4,3775.6,Penang,0,"New / Promising (recent, low frequency & value)"
17503,3,2,2535.9,Penang,0,"New / Promising (recent, low frequency & value)"
17504,206,18,31062.9,Penang,2,"Champions (recent, frequent, high spend)"
17505,162,5,9720.9,Kuala Lumpur,3,At-Risk High Value (lapsing loyal spender)
17506,76,1,1672.7,Kuala Lumpur,1,Lost / Dormant Low-Value
17507,262,2,3319.8,Kuala Lumpur,3,At-Risk High Value (lapsing loyal spender)
17508,281,8,20105.1,Penang,3,At-Risk High Value (lapsing loyal spender)
17509,58,8,33412.0,Selangor,2,"Champions (recent, frequent, high spend)"
17510,25,2,2828.2,Kuala Lumpur,0,"New / Promising (recent, low frequency & value)"
17511,3,51,67116.8,Melaka,2,"Champions (recent, frequent, high spend)"
17512,51,14,15562.8,Penang,2,"Champions (recent, frequent, high spend)"
17513,72,2,655.2,Selangor,1,Lost / Dormant Low-Value
17514,128,2,2860.3,Perak,3,At-Risk High Value (lapsing loyal spender)
17515,31,9,8263.0,Kelantan,2,"Champions (recent, frequent, high spend)"
17516,15,6,5188.0,Selangor,0,"New / Promising (recent, low frequency & value)"
17517,309,1,840.2,Selangor,1,Lost / Dormant Low-Value
17518,426,2,1802.4,Melaka,1,Lost / Dormant Low-Value
17519,17,15,19602.5,Selangor,2,"Champions (recent, frequent, high spend)"
17520,54,1,3005.1,Selangor,0,"New / Promising (recent, low frequency & value)"
17521,30,5,7002.8,Johor,0,"New / Promising (recent, low frequency & value)"
17522,2,5,4675.7,Kuala Lumpur,0,"New / Promising (recent, low frequency & value)"
17523,11,2,1712.2,Sabah,0,"New / Promising (recent, low frequency & value)"
17524,361,3,2971.8,Selangor,3,At-Risk High Value (lapsing loyal spender)
17525,360,3,2589.2,Penang,3,At-Risk High Value (lapsing loyal spender)
17526,5,11,5947.7,Selangor,2,"Champions (recent, frequent, high spend)"
17527,54,4,4169.4,Sarawak,0,"New / Promising (recent, low frequency & value)"
17528,1,8,17652.9,Kuala Lumpur,2,"Champions (recent, frequent, high spend)"
17529,610,2,6854.0,Sabah,3,At-Risk High Value (lapsing loyal spender)
17530,1,12,15314.2,Johor,2,"Champions (recent, frequent, high spend)"
17531,190,3,6179.6,Sabah,3,At-Risk High Value (lapsing loyal spender)
17532,386,1,360.0,Johor,1,Lost / Dormant Low-Value
17533,435,1,192.0,Johor,1,Lost / Dormant Low-Value
17534,54,5,9159.9,Johor,3,At-Risk High Value (lapsing loyal spender)
17535,280,1,891.6,Sarawak,1,Lost / Dormant Low-Value
17536,177,3,1336.5,Perak,1,Lost / Dormant Low-Value
17537,30,2,4849.0,Kuala Lumpur,0,"New / Promising (recent, low frequency & value)"
17538,26,1,530.2,Kelantan,0,"New / Promising (recent, low frequency & value)"
17539,618,4,6185.2,Selangor,3,At-Risk High Value (lapsing loyal spender)
17540,25,6,6394.7,Selangor,0,"New / Promising (recent, low frequency & value)"
17541,510,1,657.7,Selangor,1,Lost / Dormant Low-Value
17542,270,3,1880.4,Penang,1,Lost / Dormant Low-Value
17543,550,1,656.1,Selangor,1,Lost / Dormant Low-Value
17544,390,3,4941.7,Selangor,3,At-Risk High Value (lapsing loyal spender)
17545,43,6,5630.9,Selangor,3,At-Risk High Value (lapsing loyal spender)
17547,376,2,3217.4,Selangor,1,Lost / Dormant Low-Value
17548,234,4,3426.0,Johor,3,At-Risk High Value (lapsing loyal spender)
17549,24,2,546.0,Kuala Lumpur,0,"New / Promising (recent, low frequency & value)"
17550,197,9,11499.6,Selangor,3,At-Risk High Value (lapsing loyal spender)
17551,359,1,1594.7,Kuala Lumpur,1,Lost / Dormant Low-Value
17552,60,11,13697.8,Sabah,2,"Champions (recent, frequent, high spend)"
17554,1,5,6895.3,Penang,0,"New / Promising (recent, low frequency & value)"
17555,20,5,5751.5,Kuala Lumpur,0,"New / Promising (recent, low frequency & value)"
17556,206,2,1243.2,Selangor,1,Lost / Dormant Low-Value
17557,14,4,2831.3,Kuala Lumpur,0,"New / Promising (recent, low frequency & value)"
17558,393,1,1430.7,Kuala Lumpur,1,Lost / Dormant Low-Value
17559,513,1,927.0,Johor,1,Lost / Dormant Low-Value
17560,95,8,4518.5,Selangor,3,At-Risk High Value (lapsing loyal spender)
17561,19,4,3861.4,Penang,0,"New / Promising (recent, low frequency & value)"
17562,14,7,5898.1,Sarawak,0,"New / Promising (recent, low frequency & value)"
17563,578,2,2149.3,Selangor,1,Lost / Dormant Low-Value
17564,24,3,2491.8,Selangor,0,"New / Promising (recent, low frequency & value)"
17565,587,1,723.1,Kuala Lumpur,1,Lost / Dormant Low-Value
17566,8,2,4775.8,Selangor,0,"New / Promising (recent, low frequency & value)"
17567,7,9,16977.1,Kuala Lumpur,2,"Champions (recent, frequent, high spend)"
17568,633,1,2052.2,Selangor,1,Lost / Dormant Low-Value
17569,332,1,1906.0,Negeri Sembilan,1,Lost / Dormant Low-Value
17571,50,5,8695.2,Selangor,3,At-Risk High Value (lapsing loyal spender)
17572,71,10,3276.4,Penang,3,At-Risk High Value (lapsing loyal spender)
17573,29,3,2083.3,Kuala Lumpur,0,"New / Promising (recent, low frequency & value)"
17574,243,1,1021.9,Perlis,1,Lost / Dormant Low-Value
17575,667,1,583.4,Sarawak,1,Lost / Dormant Low-Value
17576,8,41,44756.7,Selangor,2,"Champions (recent, frequent, high spend)"
17577,645,2,1924.6,Kuala Lumpur,1,Lost / Dormant Low-Value
17578,218,7,5118.3,Sarawak,3,At-Risk High Value (lapsing loyal spender)
17579,5,4,4128.5,Selangor,0,"New / Promising (recent, low frequency & value)"
17580,312,4,2705.7,Penang,3,At-Risk High Value (lapsing loyal spender)
17581,1,41,75672.0,Pahang,2,"Champions (recent, frequent, high spend)"
17582,236,5,4799.1,Kuala Lumpur,3,At-Risk High Value (lapsing loyal spender)
17583,560,1,753.5,Kuala Lumpur,1,Lost / Dormant Low-Value
17584,7,6,10102.3,Johor,2,"Champions (recent, frequent, high spend)"
17585,109,7,10890.1,Kuala Lumpur,3,At-Risk High Value (lapsing loyal spender)
17586,619,1,667.0,Selangor,1,Lost / Dormant Low-Value
17587,628,1,971.4,Selangor,1,Lost / Dormant Low-Value
17588,100,7,5712.2,Perak,3,At-Risk High Value (lapsing loyal spender)
17589,60,18,68516.9,Selangor,2,"Champions (recent, frequent, high spend)"
17590,2,3,7763.7,Perak,0,"New / Promising (recent, low frequency & value)"
17591,73,8,8584.1,Kuala Lumpur,3,At-Risk High Value (lapsing loyal spender)
17592,739,1,816.8,Negeri Sembilan,1,Lost / Dormant Low-Value
17593,4,11,36426.0,Negeri Sembilan,2,"Champions (recent, frequent, high spend)"
17594,85,4,13200.4,Penang,3,At-Risk High Value (lapsing loyal spender)
17595,12,2,2125.3,Selangor,0,"New / Promising (recent, low frequency & value)"
17596,23,13,20659.8,Selangor,2,"Champions (recent, frequent, high spend)"
17597,214,5,10787.7,Selangor,3,At-Risk High Value (lapsing loyal spender)
17598,381,1,528.0,Kuala Lumpur,1,Lost / Dormant Low-Value
17599,478,1,284.5,Selangor,1,Lost / Dormant Low-Value
17600,18,1,887.0,Penang,0,"New / Promising (recent, low frequency & value)"
17601,239,2,2257.7,Selangor,1,Lost / Dormant Low-Value
17602,2,14,34499.1,Sarawak,2,"Champions (recent, frequent, high spend)"
17603,78,4,6708.8,Kuala Lumpur,3,At-Risk High Value (lapsing loyal spender)
17604,217,6,5149.3,Selangor,3,At-Risk High Value (lapsing loyal spender)
17605,590,1,504.7,Kuala Lumpur,1,Lost / Dormant Low-Value
17606,737,1,478.2,Selangor,1,Lost / Dormant Low-Value
17607,376,1,1837.8,Selangor,1,Lost / Dormant Low-Value
17608,33,4,2678.1,Sabah,0,"New / Promising (recent, low frequency & value)"
17609,41,11,9648.8,Pahang,2,"Champions (recent, frequent, high spend)"
17610,540,5,8303.7,Kuala Lumpur,3,At-Risk High Value (lapsing loyal spender)
17611,7,28,45186.7,Penang,2,"Champions (recent, frequent, high spend)"
17612,53,18,27630.1,Selangor,2,"Champions (recent, frequent, high spend)"
17613,23,14,22031.7,Johor,2,"Champions (recent, frequent, high spend)"
17614,57,1,2124.4,Selangor,0,"New / Promising (recent, low frequency & value)"
17615,130,6,2868.3,Melaka,3,At-Risk High Value (lapsing loyal spender)
17617,559,1,1857.6,Selangor,1,Lost / Dormant Low-Value
17618,6,11,20649.0,Selangor,2,"Champions (recent, frequent, high spend)"
17619,312,1,1169.7,Selangor,1,Lost / Dormant Low-Value
17620,60,1,439.6,Johor,1,Lost / Dormant Low-Value
17621,21,5,4574.8,Selangor,0,"New / Promising (recent, low frequency & value)"
17622,598,2,4410.7,Selangor,3,At-Risk High Value (lapsing loyal spender)
17623,33,7,12424.1,Selangor,2,"Champions (recent, frequent, high spend)"
17624,15,4,8605.6,Terengganu,0,"New / Promising (recent, low frequency & value)"
17625,18,8,31313.9,Melaka,2,"Champions (recent, frequent, high spend)"
17626,603,1,1397.4,Selangor,1,Lost / Dormant Low-Value
17627,479,1,925.0,Selangor,1,Lost / Dormant Low-Value
17628,81,1,414.0,Selangor,1,Lost / Dormant Low-Value
17629,6,10,10875.0,Negeri Sembilan,2,"Champions (recent, frequent, high spend)"
17630,170,2,2770.6,Selangor,3,At-Risk High Value (lapsing loyal spender)
17631,2,7,5479.5,Perak,2,"Champions (recent, frequent, high spend)"
17633,31,6,8779.5,Negeri Sembilan,2,"Champions (recent, frequent, high spend)"
17634,36,9,11696.4,Kuala Lumpur,2,"Champions (recent, frequent, high spend)"
17635,424,3,6141.8,Selangor,3,At-Risk High Value (lapsing loyal spender)
17636,19,1,1562.5,Kuala Lumpur,0,"New / Promising (recent, low frequency & value)"
17637,31,2,3020.1,Kuala Lumpur,0,"New / Promising (recent, low frequency & value)"
17639,276,6,3396.0,Johor,3,At-Risk High Value (lapsing loyal spender)
17640,379,5,4925.0,Kuala Lumpur,3,At-Risk High Value (lapsing loyal spender)
17642,120,5,9769.7,Kuala Lumpur,3,At-Risk High Value (lapsing loyal spender)
17643,373,2,2397.5,Selangor,1,Lost / Dormant Low-Value
17644,1,20,30695.8,Kuala Lumpur,2,"Champions (recent, frequent, high spend)"
17646,219,12,17757.3,Kuala Lumpur,3,At-Risk High Value (lapsing loyal spender)
17647,65,3,989.6,Selangor,0,"New / Promising (recent, low frequency & value)"
17648,61,5,11402.6,Perak,3,At-Risk High Value (lapsing loyal spender)
17649,138,3,8658.2,Penang,3,At-Risk High Value (lapsing loyal spender)
17650,21,1,909.6,Selangor,0,"New / Promising (recent, low frequency & value)"
17651,12,15,29085.3,Selangor,2,"Champions (recent, frequent, high spend)"
17652,25,12,25064.8,Penang,2,"Champions (recent, frequent, high spend)"
17653,38,3,3654.1,Melaka,0,"New / Promising (recent, low frequency & value)"
17654,277,1,645.2,Kuala Lumpur,1,Lost / Dormant Low-Value
17655,11,9,10354.7,Selangor,2,"Champions (recent, frequent, high spend)"
17656,73,5,7160.2,Selangor,3,At-Risk High Value (lapsing loyal spender)
17657,430,1,688.8,Selangor,1,Lost / Dormant Low-Value
17658,26,2,1519.4,Kuala Lumpur,0,"New / Promising (recent, low frequency & value)"
17659,17,14,18343.2,Johor,2,"Champions (recent, frequent, high spend)"
17660,141,2,1585.9,Selangor,1,Lost / Dormant Low-Value
17662,662,2,1098.2,Selangor,1,Lost / Dormant Low-Value
17663,26,16,23031.8,Selangor,2,"Champions (recent, frequent, high spend)"
17664,19,4,6408.9,Johor,0,"New / Promising (recent, low frequency & value)"
17665,493,1,1912.8,Selangor,1,Lost / Dormant Low-Value
17666,4,5,3684.8,Johor,0,"New / Promising (recent, low frequency & value)"
17667,66,9,20251.4,Sabah,2,"Champions (recent, frequent, high spend)"
17668,1,2,1665.0,Selangor,0,"New / Promising (recent, low frequency & value)"
17669,43,10,11509.2,Perak,2,"Champions (recent, frequent, high spend)"
17670,228,1,1127.0,Penang,1,Lost / Dormant Low-Value
17671,16,5,7538.5,Melaka,0,"New / Promising (recent, low frequency & value)"
17672,50,6,19939.4,Kuala Lumpur,2,"Champions (recent, frequent, high spend)"
17673,2,12,18941.4,Perak,2,"Champions (recent, frequent, high spend)"
17674,74,2,1114.4,Kuala Lumpur,1,Lost / Dormant Low-Value
17675,1,64,102433.1,Penang,2,"Champions (recent, frequent, high spend)"
17676,4,10,12805.2,Selangor,2,"Champions (recent, frequent, high spend)"
17677,2,44,45439.8,Negeri Sembilan,2,"Champions (recent, frequent, high spend)"
17678,264,2,3297.8,Kuala Lumpur,3,At-Risk High Value (lapsing loyal spender)
17679,53,7,6238.7,Selangor,3,At-Risk High Value (lapsing loyal spender)
17680,24,3,1955.3,Penang,0,"New / Promising (recent, low frequency & value)"
17681,597,2,934.8,Perak,1,Lost / Dormant Low-Value
17682,10,11,21945.9,Kuala Lumpur,2,"Champions (recent, frequent, high spend)"
17683,386,3,3583.3,Johor,3,At-Risk High Value (lapsing loyal spender)
17684,44,1,1304.6,Johor,0,"New / Promising (recent, low frequency & value)"
17685,17,12,14847.8,Selangor,2,"Champions (recent, frequent, high spend)"
17686,7,9,42380.1,Terengganu,2,"Champions (recent, frequent, high spend)"
17687,421,1,2362.8,Johor,1,Lost / Dormant Low-Value
17688,394,1,1668.9,Perak,1,Lost / Dormant Low-Value
17689,388,2,1707.0,Kuala Lumpur,1,Lost / Dormant Low-Value
17690,30,20,29743.2,Selangor,2,"Champions (recent, frequent, high spend)"
17691,358,4,3491.1,Selangor,3,At-Risk High Value (lapsing loyal spender)
17692,127,12,14815.9,Selangor,2,"Champions (recent, frequent, high spend)"
17693,137,1,1101.6,Selangor,1,Lost / Dormant Low-Value
17694,142,3,6895.7,Selangor,3,At-Risk High Value (lapsing loyal spender)
17695,132,5,4982.3,Kuala Lumpur,3,At-Risk High Value (lapsing loyal spender)
17696,38,27,30296.6,Pahang,2,"Champions (recent, frequent, high spend)"
17697,236,1,1853.9,Kuala Lumpur,1,Lost / Dormant Low-Value
17698,261,1,855.3,Selangor,1,Lost / Dormant Low-Value
17699,477,2,1521.4,Selangor,1,Lost / Dormant Low-Value
17700,17,14,30366.3,Kuala Lumpur,2,"Champions (recent, frequent, high spend)"
17701,253,1,2293.8,Kuala Lumpur,1,Lost / Dormant Low-Value
17702,30,6,12680.5,Kedah,2,"Champions (recent, frequent, high spend)"
17703,35,4,6030.9,Kuala Lumpur,0,"New / Promising (recent, low frequency & value)"
17704,169,2,3240.7,Selangor,3,At-Risk High Value (lapsing loyal spender)
17705,3,11,10418.5,Selangor,2,"Champions (recent, frequent, high spend)"
17706,4,31,69088.2,Selangor,2,"Champions (recent, frequent, high spend)"
17707,185,8,2186.4,Johor,3,At-Risk High Value (lapsing loyal spender)
17708,188,4,4839.0,Penang,3,At-Risk High Value (lapsing loyal spender)
17709,170,5,3397.0,Johor,3,At-Risk High Value (lapsing loyal spender)
17710,424,1,1605.3999999999999,Pahang,1,Lost / Dormant Low-Value
17711,11,2,2101.8,Kuala Lumpur,0,"New / Promising (recent, low frequency & value)"
17712,45,1,2430.8,Perak,0,"New / Promising (recent, low frequency & value)"
17713,382,4,6580.0,Selangor,3,At-Risk High Value (lapsing loyal spender)
17714,321,5,7450.0,Kuala Lumpur,3,At-Risk High Value (lapsing loyal spender)
17716,29,21,57890.1,Johor,2,"Champions (recent, frequent, high spend)"
17717,421,1,1543.0,Penang,1,Lost / Dormant Low-Value
17718,232,2,2122.6,Sarawak,1,Lost / Dormant Low-Value
17719,38,15,24242.6,Penang,2,"Champions (recent, frequent, high spend)"
17720,26,9,12109.7,Negeri Sembilan,2,"Champions (recent, frequent, high spend)"
17721,659,1,1038.0,Kedah,1,Lost / Dormant Low-Value
17722,96,5,14832.2,Selangor,3,At-Risk High Value (lapsing loyal spender)
17723,173,2,568.0,Selangor,1,Lost / Dormant Low-Value
17724,71,3,4861.6,Kedah,3,At-Risk High Value (lapsing loyal spender)
17725,16,11,16927.7,Perak,2,"Champions (recent, frequent, high spend)"
17726,395,7,6002.5,Selangor,3,At-Risk High Value (lapsing loyal spender)
17727,15,1,5851.6,Melaka,0,"New / Promising (recent, low frequency & value)"
17728,4,5,23316.8,Johor,2,"Champions (recent, frequent, high spend)"
17729,596,1,2411.8,Selangor,1,Lost / Dormant Low-Value
17730,3,19,26971.6,Kedah,2,"Champions (recent, frequent, high spend)"
17731,79,6,9380.4,Kuala Lumpur,3,At-Risk High Value (lapsing loyal spender)
17732,373,8,11877.8,Kuala Lumpur,3,At-Risk High Value (lapsing loyal spender)
17733,39,2,3219.4,Selangor,0,"New / Promising (recent, low frequency & value)"
17734,54,6,7590.4,Perak,3,At-Risk High Value (lapsing loyal spender)
17735,2,26,85780.8,Selangor,2,"Champions (recent, frequent, high spend)"
17736,9,3,2080.1,Johor,0,"New / Promising (recent, low frequency & value)"
17737,9,2,913.8,Johor,0,"New / Promising (recent, low frequency & value)"
17738,19,13,21012.3,Perlis,2,"Champions (recent, frequent, high spend)"
17739,38,17,8531.2,Negeri Sembilan,2,"Champions (recent, frequent, high spend)"
17740,431,3,813.0,Selangor,1,Lost / Dormant Low-Value
17741,407,2,550.2,Kuala Lumpur,1,Lost / Dormant Low-Value
17742,113,11,8657.4,Selangor,3,At-Risk High Value (lapsing loyal spender)
17744,4,7,12479.4,Kuala Lumpur,2,"Champions (recent, frequent, high spend)"
17745,478,2,2598.0,Kuala Lumpur,1,Lost / Dormant Low-Value
17746,240,4,3245.1,Sabah,3,At-Risk High Value (lapsing loyal spender)
17748,527,1,1359.5,Kuala Lumpur,1,Lost / Dormant Low-Value
17749,178,3,5178.6,Penang,3,At-Risk High Value (lapsing loyal spender)
17750,5,9,9733.1,Kuala Lumpur,2,"Champions (recent, frequent, high spend)"
17751,421,1,864.7,Sabah,1,Lost / Dormant Low-Value
17753,464,4,1406.1,Kuala Lumpur,1,Lost / Dormant Low-Value
17754,1,12,11401.3,Johor,2,"Champions (recent, frequent, high spend)"
17756,376,3,4010.8,Kuala Lumpur,3,At-Risk High Value (lapsing loyal spender)
17757,1,56,43397.2,Selangor,2,"Champions (recent, frequent, high spend)"
17758,19,12,26195.6,Selangor,2,"Champions (recent, frequent, high spend)"
17759,17,5,6532.3,Perak,0,"New / Promising (recent, low frequency & value)"
17760,22,6,3512.0,Perak,0,"New / Promising (recent, low frequency & value)"
17761,33,1,1615.8,Sarawak,0,"New / Promising (recent, low frequency & value)"
17762,456,1,700.7,Perak,1,Lost / Dormant Low-Value
17763,263,4,474.8,Sabah,1,Lost / Dormant Low-Value
17764,51,5,7422.3,Johor,3,At-Risk High Value (lapsing loyal spender)
17765,159,4,2884.1,Sarawak,3,At-Risk High Value (lapsing loyal spender)
17766,381,2,1645.4,Kuala Lumpur,1,Lost / Dormant Low-Value
17767,15,2,2270.7,Melaka,0,"New / Promising (recent, low frequency & value)"
17768,8,6,11534.5,Selangor,2,"Champions (recent, frequent, high spend)"
17769,13,17,34380.6,Selangor,2,"Champions (recent, frequent, high spend)"
17770,199,5,3580.4,Selangor,3,At-Risk High Value (lapsing loyal spender)
17771,57,4,2172.9,Pahang,0,"New / Promising (recent, low frequency & value)"
17772,11,3,1978.0,Kuala Lumpur,0,"New / Promising (recent, low frequency & value)"
17773,514,2,2904.8,Selangor,1,Lost / Dormant Low-Value
17774,97,9,17955.8,Kuala Lumpur,3,At-Risk High Value (lapsing loyal spender)
17775,255,1,300.0,Terengganu,1,Lost / Dormant Low-Value
17776,387,2,1815.4,Selangor,1,Lost / Dormant Low-Value
17777,25,3,3554.3,Selangor,0,"New / Promising (recent, low frequency & value)"
17778,662,1,1069.0,Kelantan,1,Lost / Dormant Low-Value
17779,21,3,3292.2,Selangor,0,"New / Promising (recent, low frequency & value)"
17780,667,3,1899.2,Perak,1,Lost / Dormant Low-Value
17781,159,2,546.7,Penang,1,Lost / Dormant Low-Value
17782,383,2,3217.2,Selangor,1,Lost / Dormant Low-Value
17783,72,3,2111.9,Kedah,0,"New / Promising (recent, low frequency & value)"
17784,550,1,627.7,Selangor,1,Lost / Dormant Low-Value
17785,53,3,1980.4,Negeri Sembilan,0,"New / Promising (recent, low frequency & value)"
17786,85,2,1466.7,Selangor,1,Lost / Dormant Low-Value
17787,153,4,9581.4,Sarawak,3,At-Risk High Value (lapsing loyal spender)
17788,130,1,91.8,Melaka,1,Lost / Dormant Low-Value
17789,281,2,2153.8,Sarawak,1,Lost / Dormant Low-Value
17790,27,20,13594.1,Johor,2,"Champions (recent, frequent, high spend)"
17791,30,1,581.9,Johor,0,"New / Promising (recent, low frequency & value)"
17792,467,2,2023.8999999999999,Kuala Lumpur,1,Lost / Dormant Low-Value
17793,25,1,1653.4,Kuala Lumpur,0,"New / Promising (recent, low frequency & value)"
17794,687,2,556.0,Penang,1,Lost / Dormant Low-Value
17795,180,2,1867.9,Selangor,1,Lost / Dormant Low-Value
17796,40,7,6783.0,Sabah,3,At-Risk High Value (lapsing loyal spender)
17797,22,8,10163.6,Selangor,2,"Champions (recent, frequent, high spend)"
17798,582,1,994.9000000000001,Johor,1,Lost / Dormant Low-Value
17799,22,20,33999.5,Sarawak,2,"Champions (recent, frequent, high spend)"
17800,37,9,5834.8,Kuala Lumpur,2,"Champions (recent, frequent, high spend)"
17801,451,3,4186.5,Johor,3,At-Risk High Value (lapsing loyal spender)
17802,82,10,21480.1,Selangor,2,"Champions (recent, frequent, high spend)"
17803,392,1,1019.2,Selangor,1,Lost / Dormant Low-Value
17804,376,3,2113.8,Selangor,1,Lost / Dormant Low-Value
17805,74,1,528.0,Selangor,1,Lost / Dormant Low-Value
17806,11,1,2726.5,Kuala Lumpur,0,"New / Promising (recent, low frequency & value)"
17807,395,3,2389.8,Selangor,3,At-Risk High Value (lapsing loyal spender)
17808,549,4,1026.0,Selangor,1,Lost / Dormant Low-Value
17809,16,9,2604.2,Selangor,0,"New / Promising (recent, low frequency & value)"
17810,669,2,2042.7,Selangor,1,Lost / Dormant Low-Value
17811,4,47,38680.0,Selangor,2,"Champions (recent, frequent, high spend)"
17812,13,7,4987.8,Selangor,0,"New / Promising (recent, low frequency & value)"
17813,14,5,9343.0,Pahang,0,"New / Promising (recent, low frequency & value)"
17814,375,2,7838.5,Selangor,3,At-Risk High Value (lapsing loyal spender)
17815,393,1,1096.8,Selangor,1,Lost / Dormant Low-Value
17816,37,6,524.7,Penang,0,"New / Promising (recent, low frequency & value)"
17817,4,5,3015.8,Selangor,0,"New / Promising (recent, low frequency & value)"
17818,738,1,687.7,Penang,1,Lost / Dormant Low-Value
17819,183,10,3686.5,Negeri Sembilan,3,At-Risk High Value (lapsing loyal spender)
17820,374,1,1000.2,Selangor,1,Lost / Dormant Low-Value
17822,420,5,6910.1,Selangor,3,At-Risk High Value (lapsing loyal spender)
17823,421,2,2472.7,Kuala Lumpur,1,Lost / Dormant Low-Value
17824,51,1,1634.4,Penang,0,"New / Promising (recent, low frequency & value)"
17825,599,4,2220.1,Penang,3,At-Risk High Value (lapsing loyal spender)
17826,374,1,725.0,Melaka,1,Lost / Dormant Low-Value
17827,5,6,12736.4,Perak,2,"Champions (recent, frequent, high spend)"
17828,23,4,6255.3,Melaka,0,"New / Promising (recent, low frequency & value)"
17829,299,4,17597.5,Kuala Lumpur,3,At-Risk High Value (lapsing loyal spender)
17830,2,3,2190.4,Perak,0,"New / Promising (recent, low frequency & value)"
17831,33,1,192.0,Sabah,1,Lost / Dormant Low-Value
17832,50,1,844.7,Johor,1,Lost / Dormant Low-Value
17833,723,1,1854.0,Selangor,1,Lost / Dormant Low-Value
17834,415,2,2776.2,Kuala Lumpur,1,Lost / Dormant Low-Value
17835,3,3,1856.3,Selangor,0,"New / Promising (recent, low frequency & value)"
17836,47,1,601.0,Selangor,1,Lost / Dormant Low-Value
17837,42,8,7861.5,Kuala Lumpur,2,"Champions (recent, frequent, high spend)"
17838,27,12,21139.5,Selangor,2,"Champions (recent, frequent, high spend)"
17839,42,1,1760.1,Johor,0,"New / Promising (recent, low frequency & value)"
17840,444,1,960.6,Kuala Lumpur,1,Lost / Dormant Low-Value
17841,2,210,322204.8,Selangor,2,"Champions (recent, frequent, high spend)"
17842,602,1,1826.6,Selangor,1,Lost / Dormant Low-Value
17843,303,2,1745.9,Kuala Lumpur,1,Lost / Dormant Low-Value
17844,107,1,282.0,Penang,1,Lost / Dormant Low-Value
17845,555,4,3261.2,Selangor,3,At-Risk High Value (lapsing loyal spender)
17847,516,2,293.1,Penang,1,Lost / Dormant Low-Value
17848,142,22,7605.7,Selangor,2,"Champions (recent, frequent, high spend)"
17849,218,7,3097.4,Sarawak,3,At-Risk High Value (lapsing loyal spender)
17850,372,155,246567.2,Perak,2,"Champions (recent, frequent, high spend)"
17851,422,6,8200.4,Penang,3,At-Risk High Value (lapsing loyal spender)
17852,12,5,3601.7,Melaka,0,"New / Promising (recent, low frequency & value)"
17853,407,3,7881.6,Sarawak,3,At-Risk High Value (lapsing loyal spender)
17854,185,6,4485.5,Johor,3,At-Risk High Value (lapsing loyal spender)
17855,373,1,1160.3,Kuala Lumpur,1,Lost / Dormant Low-Value
17856,2,3,556.5,Perak,0,"New / Promising (recent, low frequency & value)"
17857,221,4,500.0,Sarawak,1,Lost / Dormant Low-Value
17858,6,23,26213.0,Kuala Lumpur,2,"Champions (recent, frequent, high spend)"
17859,305,1,770.6,Johor,1,Lost / Dormant Low-Value
17860,369,4,3656.5,Kuala Lumpur,3,At-Risk High Value (lapsing loyal spender)
17861,3,18,23609.2,Sabah,2,"Champions (recent, frequent, high spend)"
17862,324,4,5401.4,Johor,3,At-Risk High Value (lapsing loyal spender)
17863,59,12,23000.8,Sarawak,2,"Champions (recent, frequent, high spend)"
17864,13,5,4538.3,Selangor,0,"New / Promising (recent, low frequency & value)"
17865,31,44,91779.5,Selangor,2,"Champions (recent, frequent, high spend)"
17866,143,3,2763.1,Selangor,3,At-Risk High Value (lapsing loyal spender)
17867,30,12,2976.9,Perak,2,"Champions (recent, frequent, high spend)"
17868,386,1,1243.3,Sarawak,1,Lost / Dormant Low-Value
17869,107,7,4193.0,Johor,3,At-Risk High Value (lapsing loyal spender)
17870,2,11,7969.4,Penang,2,"Champions (recent, frequent, high spend)"
17871,205,5,5180.2,Selangor,3,At-Risk High Value (lapsing loyal spender)
17872,382,1,1046.0,Penang,1,Lost / Dormant Low-Value
17873,80,16,11418.2,Penang,2,"Champions (recent, frequent, high spend)"
17874,185,6,3098.2,Pahang,3,At-Risk High Value (lapsing loyal spender)
17875,688,1,912.5,Selangor,1,Lost / Dormant Low-Value
17877,170,1,531.2,Kuala Lumpur,1,Lost / Dormant Low-Value
17878,44,3,6357.3,Penang,0,"New / Promising (recent, low frequency & value)"
17879,174,1,270.7,Penang,1,Lost / Dormant Low-Value
17880,365,3,4274.0,Selangor,3,At-Risk High Value (lapsing loyal spender)
17881,304,1,427.29999999999995,Pahang,1,Lost / Dormant Low-Value
17882,379,2,1604.8999999999999,Selangor,1,Lost / Dormant Low-Value
17883,3,7,5151.5,Selangor,2,"Champions (recent, frequent, high spend)"
17884,4,20,13916.0,Penang,2,"Champions (recent, frequent, high spend)"
17885,12,1,857.9,Selangor,0,"New / Promising (recent, low frequency & value)"
17886,32,6,4853.0,Selangor,0,"New / Promising (recent, low frequency & value)"
17887,129,1,612.3,Kelantan,1,Lost / Dormant Low-Value
17888,38,23,8212.5,Selangor,2,"Champions (recent, frequent, high spend)"
17889,212,7,3849.0,Johor,3,At-Risk High Value (lapsing loyal spender)
17890,323,2,3226.2,Kuala Lumpur,3,At-Risk High Value (lapsing loyal spender)
17891,162,1,1167.3,Sabah,1,Lost / Dormant Low-Value
17892,57,2,835.3,Kuala Lumpur,0,"New / Promising (recent, low frequency & value)"
17893,225,1,616.4,Kuala Lumpur,1,Lost / Dormant Low-Value
17894,72,18,11804.8,Terengganu,2,"Champions (recent, frequent, high spend)"
17895,44,1,526.5,Selangor,1,Lost / Dormant Low-Value
17897,173,9,7532.8,Pahang,3,At-Risk High Value (lapsing loyal spender)
17898,85,4,1659.4,Kuala Lumpur,0,"New / Promising (recent, low frequency & value)"
17899,159,1,852.2,Selangor,1,Lost / Dormant Low-Value
17900,190,2,618.9,Selangor,1,Lost / Dormant Low-Value
17901,29,3,989.9000000000001,Kuala Lumpur,0,"New / Promising (recent, low frequency & value)"
17902,547,1,1123.0,Johor,1,Lost / Dormant Low-Value
17903,394,1,2086.1,Selangor,1,Lost / Dormant Low-Value
17904,21,1,997.4,Perak,0,"New / Promising (recent, low frequency & value)"
17905,157,12,5417.6,Sabah,3,At-Risk High Value (lapsing loyal spender)
17906,247,1,400.8,Selangor,1,Lost / Dormant Low-Value
17907,641,1,441.1,Kuala Lumpur,1,Lost / Dormant Low-Value
17908,374,5,6269.8,Perak,3,At-Risk High Value (lapsing loyal spender)
17909,737,1,605.9,Selangor,1,Lost / Dormant Low-Value
17910,726,1,1437.3,Selangor,1,Lost / Dormant Low-Value
17911,9,1,2027.9,Selangor,0,"New / Promising (recent, low frequency & value)"
17912,310,6,2055.6,Selangor,3,At-Risk High Value (lapsing loyal spender)
17913,59,14,18591.9,Kuala Lumpur,2,"Champions (recent, frequent, high spend)"
17914,4,1,1822.0,Penang,0,"New / Promising (recent, low frequency & value)"
17915,551,1,1255.2,Selangor,1,Lost / Dormant Low-Value
17916,629,2,234.1,Selangor,1,Lost / Dormant Low-Value
17917,45,3,1832.4,Perak,0,"New / Promising (recent, low frequency & value)"
17918,501,3,1112.7,Kuala Lumpur,1,Lost / Dormant Low-Value
17919,88,2,2938.8,Selangor,0,"New / Promising (recent, low frequency & value)"
17920,4,54,65427.2,Kuala Lumpur,2,"Champions (recent, frequent, high spend)"
17921,64,10,12845.4,Kuala Lumpur,2,"Champions (recent, frequent, high spend)"
17922,543,1,643.5,Selangor,1,Lost / Dormant Low-Value
17924,12,3,1178.0,Selangor,0,"New / Promising (recent, low frequency & value)"
17926,133,5,4726.9,Sarawak,3,At-Risk High Value (lapsing loyal spender)
17927,722,1,1021.8,Johor,1,Lost / Dormant Low-Value
17928,45,3,1021.2,Selangor,0,"New / Promising (recent, low frequency & value)"
17930,36,12,5269.5,Penang,2,"Champions (recent, frequent, high spend)"
17931,134,14,12188.7,Selangor,2,"Champions (recent, frequent, high spend)"
17932,29,3,7279.3,Kuala Lumpur,0,"New / Promising (recent, low frequency & value)"
17933,632,1,630.6,Melaka,1,Lost / Dormant Low-Value
17934,52,3,3459.3,Johor,0,"New / Promising (recent, low frequency & value)"
17935,138,6,2557.7,Kuala Lumpur,3,At-Risk High Value (lapsing loyal spender)
17936,5,1,1832.5,Selangor,0,"New / Promising (recent, low frequency & value)"
17937,9,4,1047.2,Selangor,0,"New / Promising (recent, low frequency & value)"
17938,420,1,796.5,Perak,1,Lost / Dormant Low-Value
17939,160,1,541.9,Kuala Lumpur,1,Lost / Dormant Low-Value
17942,8,1,10.0,Kuala Lumpur,1,Lost / Dormant Low-Value
17944,423,1,415.8,Selangor,1,Lost / Dormant Low-Value
17945,697,3,1955.8,Selangor,1,Lost / Dormant Low-Value
17946,233,2,542.1,Sabah,1,Lost / Dormant Low-Value
17947,37,1,739.2,Selangor,0,"New / Promising (recent, low frequency & value)"
17949,151,7,1220.2,Selangor,3,At-Risk High Value (lapsing loyal spender)
17950,72,7,5837.9,Kuala Lumpur,3,At-Risk High Value (lapsing loyal spender)
17951,40,4,2124.2,Kuala Lumpur,0,"New / Promising (recent, low frequency & value)"
17952,378,4,3335.9,Kuala Lumpur,3,At-Risk High Value (lapsing loyal spender)
17953,540,1,886.1,Kuala Lumpur,1,Lost / Dormant Low-Value
17954,5,19,19861.9,Selangor,2,"Champions (recent, frequent, high spend)"
17955,219,4,2313.9,Selangor,3,At-Risk High Value (lapsing loyal spender)
17956,249,1,70.0,Selangor,1,Lost / Dormant Low-Value
17957,66,1,624.8,Terengganu,1,Lost / Dormant Low-Value
17958,117,2,1469.3,Perak,1,Lost / Dormant Low-Value
17959,592,1,219.9,Selangor,1,Lost / Dormant Low-Value
17960,171,3,738.8,Selangor,1,Lost / Dormant Low-Value
17961,21,100,15030.3,Pahang,2,"Champions (recent, frequent, high spend)"
17962,142,4,3629.4,Selangor,3,At-Risk High Value (lapsing loyal spender)
17963,471,4,3524.2,Johor,3,At-Risk High Value (lapsing loyal spender)
17964,32,2,2563.2,Selangor,0,"New / Promising (recent, low frequency & value)"
17965,38,29,37581.4,Johor,2,"Champions (recent, frequent, high spend)"
17966,151,9,7739.3,Penang,3,At-Risk High Value (lapsing loyal spender)
17967,372,2,1230.2,Negeri Sembilan,1,Lost / Dormant Low-Value
17968,374,4,2472.1,Penang,3,At-Risk High Value (lapsing loyal spender)
17969,166,20,10750.6,Perak,2,"Champions (recent, frequent, high spend)"
17970,211,1,2226.2,Sabah,1,Lost / Dormant Low-Value
17971,548,1,888.8,Kuala Lumpur,1,Lost / Dormant Low-Value
17972,242,1,740.7,Sarawak,1,Lost / Dormant Low-Value
17973,52,1,1571.0,Negeri Sembilan,0,"New / Promising (recent, low frequency & value)"
17974,25,6,9241.6,Kuala Lumpur,2,"Champions (recent, frequent, high spend)"
17975,15,24,22746.2,Penang,2,"Champions (recent, frequent, high spend)"
17976,372,1,1763.5,Selangor,1,Lost / Dormant Low-Value
17977,29,2,7448.1,Kedah,0,"New / Promising (recent, low frequency & value)"
17978,365,4,3142.6,Johor,3,At-Risk High Value (lapsing loyal spender)
17979,36,4,3711.6,Selangor,0,"New / Promising (recent, low frequency & value)"
17980,166,4,2333.2,Kuala Lumpur,3,At-Risk High Value (lapsing loyal spender)
17981,411,1,986.0,Selangor,1,Lost / Dormant Low-Value
17982,681,1,756.9,Selangor,1,Lost / Dormant Low-Value
17983,395,1,693.9,Selangor,1,Lost / Dormant Low-Value
17984,145,5,6321.2,Penang,3,At-Risk High Value (lapsing loyal spender)
17985,22,1,1485.8,Kuala Lumpur,0,"New / Promising (recent, low frequency & value)"
17986,56,1,115.0,Selangor,1,Lost / Dormant Low-Value
17987,185,5,4951.0,Perak,3,At-Risk High Value (lapsing loyal spender)
17988,12,14,2683.5,Perlis,2,"Champions (recent, frequent, high spend)"
17989,379,1,1141.4,Kuala Lumpur,1,Lost / Dormant Low-Value
17990,237,6,5427.7,Penang,3,At-Risk High Value (lapsing loyal spender)
17991,225,3,1328.8,Penang,1,Lost / Dormant Low-Value
17992,389,1,1388.0,Melaka,1,Lost / Dormant Low-Value
17993,617,1,962.9,Penang,1,Lost / Dormant Low-Value
17994,122,11,11432.4,Penang,3,At-Risk High Value (lapsing loyal spender)
17995,282,3,1438.4,Kuala Lumpur,1,Lost / Dormant Low-Value
17996,380,3,2605.7,Selangor,3,At-Risk High Value (lapsing loyal spender)
17997,74,8,6551.9,Selangor,3,At-Risk High Value (lapsing loyal spender)
17998,380,3,2298.0,Perak,3,At-Risk High Value (lapsing loyal spender)
17999,37,3,2894.1,Negeri Sembilan,0,"New / Promising (recent, low frequency & value)"
18000,564,1,201.9,Sarawak,1,Lost / Dormant Low-Value
18001,12,6,5155.7,Selangor,0,"New / Promising (recent, low frequency & value)"
18002,376,4,1342.1,Kuala Lumpur,1,Lost / Dormant Low-Value
18003,376,1,1661.3,Selangor,1,Lost / Dormant Low-Value
18004,362,1,867.5,Kuala Lumpur,1,Lost / Dormant Low-Value
18005,4,2,1243.5,Selangor,0,"New / Promising (recent, low frequency & value)"
18006,23,4,3498.8,Sabah,0,"New / Promising (recent, low frequency & value)"
18007,393,1,1171.7,Pahang,1,Lost / Dormant Low-Value
18008,70,10,4839.3,Johor,3,At-Risk High Value (lapsing loyal spender)
18009,235,7,8842.1,Penang,3,At-Risk High Value (lapsing loyal spender)
18010,257,1,610.7,Johor,1,Lost / Dormant Low-Value
18011,373,2,1981.0,Selangor,1,Lost / Dormant Low-Value
18012,723,1,642.8,Selangor,1,Lost / Dormant Low-Value
18013,155,2,1029.6,Selangor,1,Lost / Dormant Low-Value
18014,28,1,895.1,Selangor,0,"New / Promising (recent, low frequency & value)"
18015,4,1,647.1,Penang,0,"New / Promising (recent, low frequency & value)"
18016,32,7,10554.0,Selangor,2,"Champions (recent, frequent, high spend)"
18018,108,4,882.6,Johor,1,Lost / Dormant Low-Value
18019,52,1,210.4,Penang,1,Lost / Dormant Low-Value
18020,544,1,561.8,Kuala Lumpur,1,Lost / Dormant Low-Value
18021,510,2,1203.4,Perlis,1,Lost / Dormant Low-Value
18022,36,5,8246.3,Selangor,3,At-Risk High Value (lapsing loyal spender)
18024,153,1,519.5,Selangor,1,Lost / Dormant Low-Value
18025,380,6,6183.3,Perak,3,At-Risk High Value (lapsing loyal spender)
18026,501,2,412.8,Selangor,1,Lost / Dormant Low-Value
18027,99,1,643.8,Selangor,1,Lost / Dormant Low-Value
18028,583,1,215.5,Kuala Lumpur,1,Lost / Dormant Low-Value
18029,642,1,1358.3,Penang,1,Lost / Dormant Low-Value
18030,4,2,366.4,Johor,0,"New / Promising (recent, low frequency & value)"
18031,379,1,2218.0,Perak,1,Lost / Dormant Low-Value
18032,334,1,403.8,Selangor,1,Lost / Dormant Low-Value
18033,65,1,483.9,Selangor,1,Lost / Dormant Low-Value
18034,22,3,4103.9,Sabah,0,"New / Promising (recent, low frequency & value)"
18035,36,4,2008.3,Selangor,0,"New / Promising (recent, low frequency & value)"
18036,32,11,7779.1,Johor,2,"Champions (recent, frequent, high spend)"
18037,154,15,921.5,Kuala Lumpur,3,At-Risk High Value (lapsing loyal spender)
18038,556,1,778.4,Selangor,1,Lost / Dormant Low-Value
18039,374,4,2982.0,Selangor,3,At-Risk High Value (lapsing loyal spender)
18040,19,2,1960.8,Kedah,0,"New / Promising (recent, low frequency & value)"
18041,12,38,34299.3,Pahang,2,"Champions (recent, frequent, high spend)"
18042,54,2,1147.3,Selangor,0,"New / Promising (recent, low frequency & value)"
18043,25,3,2908.0,Penang,0,"New / Promising (recent, low frequency & value)"
18044,4,18,16367.0,Sarawak,2,"Champions (recent, frequent, high spend)"
18045,45,1,983.6,Penang,0,"New / Promising (recent, low frequency & value)"
18046,650,1,1042.1,Johor,1,Lost / Dormant Low-Value
18047,381,2,1782.3,Selangor,1,Lost / Dormant Low-Value
18048,203,3,1500.2,Johor,1,Lost / Dormant Low-Value
18049,437,2,2389.7,Kuala Lumpur,1,Lost / Dormant Low-Value
18050,359,2,2265.6,Kuala Lumpur,1,Lost / Dormant Low-Value
18051,634,6,2953.5,Selangor,3,At-Risk High Value (lapsing loyal spender)
18053,71,3,2617.7,Kuala Lumpur,0,"New / Promising (recent, low frequency & value)"
18054,393,1,966.5,Penang,1,Lost / Dormant Low-Value
18055,7,14,48374.2,Selangor,2,"Champions (recent, frequent, high spend)"
18056,288,2,3033.7,Selangor,1,Lost / Dormant Low-Value
18057,393,3,5547.7,Selangor,3,At-Risk High Value (lapsing loyal spender)
18058,10,3,762.8,Kuala Lumpur,0,"New / Promising (recent, low frequency & value)"
18059,23,3,1384.2,Sarawak,0,"New / Promising (recent, low frequency & value)"
18060,408,2,6470.099999999999,Selangor,3,At-Risk High Value (lapsing loyal spender)
18061,22,24,10074.3,Sabah,2,"Champions (recent, frequent, high spend)"
18062,173,6,5606.8,Selangor,3,At-Risk High Value (lapsing loyal spender)
18063,391,1,138.0,Johor,1,Lost / Dormant Low-Value
18064,133,8,4485.3,Perak,3,At-Risk High Value (lapsing loyal spender)
18065,6,29,28988.9,Selangor,2,"Champions (recent, frequent, high spend)"
18066,75,3,5427.1,Selangor,3,At-Risk High Value (lapsing loyal spender)
18067,40,1,2163.3,Selangor,0,"New / Promising (recent, low frequency & value)"
18069,26,11,24319.3,Penang,2,"Champions (recent, frequent, high spend)"
18070,669,1,1001.0,Selangor,1,Lost / Dormant Low-Value
18071,258,6,6162.2,Selangor,3,At-Risk High Value (lapsing loyal spender)
18072,186,1,1090.8,Penang,1,Lost / Dormant Low-Value
18073,114,11,5900.2,Johor,3,At-Risk High Value (lapsing loyal spender)
18074,374,2,4221.7,Perak,3,At-Risk High Value (lapsing loyal spender)
18075,23,20,30620.1,Sabah,2,"Champions (recent, frequent, high spend)"
18076,380,1,200.5,Johor,1,Lost / Dormant Low-Value
18077,8,18,20713.7,Selangor,2,"Champions (recent, frequent, high spend)"
18078,217,4,3321.0,Selangor,3,At-Risk High Value (lapsing loyal spender)
18079,45,4,7758.2,Selangor,3,At-Risk High Value (lapsing loyal spender)
18081,36,3,1900.3999999999999,Penang,0,"New / Promising (recent, low frequency & value)"
18082,26,1,3760.5,Kuala Lumpur,0,"New / Promising (recent, low frequency & value)"
18083,398,1,1738.3,Kuala Lumpur,1,Lost / Dormant Low-Value
18084,383,1,483.0,Kuala Lumpur,1,Lost / Dormant Low-Value
18085,330,4,5753.8,Selangor,3,At-Risk High Value (lapsing loyal spender)
18086,274,1,557.4,Perak,1,Lost / Dormant Low-Value
18087,380,11,4693.6,Kuala Lumpur,3,At-Risk High Value (lapsing loyal spender)
18088,61,1,902.8,Penang,1,Lost / Dormant Low-Value
18089,447,1,1282.9,Selangor,1,Lost / Dormant Low-Value
18090,422,1,1779.4,Sabah,1,Lost / Dormant Low-Value
18091,593,1,2048.1,Kuala Lumpur,1,Lost / Dormant Low-Value
18092,2,5,2231.0,Selangor,0,"New / Promising (recent, low frequency & value)"
18093,93,5,1763.7,Sabah,3,At-Risk High Value (lapsing loyal spender)
18094,82,13,7362.0,Selangor,2,"Champions (recent, frequent, high spend)"
18095,313,4,2513.9,Sarawak,3,At-Risk High Value (lapsing loyal spender)
18096,12,6,9072.3,Kuala Lumpur,2,"Champions (recent, frequent, high spend)"
18097,8,10,13661.2,Selangor,2,"Champions (recent, frequent, high spend)"
18098,396,1,2899.0,Selangor,1,Lost / Dormant Low-Value
18099,127,1,929.0,Selangor,1,Lost / Dormant Low-Value
18100,550,1,2460.4,Perak,1,Lost / Dormant Low-Value
18101,11,5,3414.0,Selangor,0,"New / Promising (recent, low frequency & value)"
18102,1,16,6636.0,Johor,2,"Champions (recent, frequent, high spend)"
18103,549,1,581.4,Kuala Lumpur,1,Lost / Dormant Low-Value
18104,37,1,4127.8,Kuala Lumpur,0,"New / Promising (recent, low frequency & value)"
18105,38,1,617.8,Penang,0,"New / Promising (recent, low frequency & value)"
18106,330,6,7220.9,Perlis,3,At-Risk High Value (lapsing loyal spender)
18107,442,1,909.1,Sabah,1,Lost / Dormant Low-Value
18108,254,3,4664.8,Perak,3,At-Risk High Value (lapsing loyal spender)
18109,2,38,30897.6,Melaka,2,"Champions (recent, frequent, high spend)"
18110,20,2,2145.6,Kedah,0,"New / Promising (recent, low frequency & value)"
18111,589,1,2225.6,Kuala Lumpur,1,Lost / Dormant Low-Value
18112,12,4,4216.7,Selangor,0,"New / Promising (recent, low frequency & value)"
18114,290,1,1208.9,Kuala Lumpur,1,Lost / Dormant Low-Value
18115,698,1,53.4,Johor,1,Lost / Dormant Low-Value
18116,68,13,11426.3,Selangor,2,"Champions (recent, frequent, high spend)"
18117,26,1,1695.7,Selangor,0,"New / Promising (recent, low frequency & value)"
18118,11,29,32927.2,Johor,2,"Champions (recent, frequent, high spend)"
18119,368,1,699.2,Sabah,1,Lost / Dormant Low-Value
18120,214,1,611.0,Perlis,1,Lost / Dormant Low-Value
18121,149,2,3296.6,Selangor,3,At-Risk High Value (lapsing loyal spender)
18122,8,6,9787.0,Terengganu,2,"Champions (recent, frequent, high spend)"
18123,24,3,3208.4,Kuala Lumpur,0,"New / Promising (recent, low frequency & value)"
18124,472,1,561.9,Negeri Sembilan,1,Lost / Dormant Low-Value
18125,30,4,6190.4,Kuala Lumpur,0,"New / Promising (recent, low frequency & value)"
18126,61,1,1098.1,Putrajaya,1,Lost / Dormant Low-Value
18127,19,4,2787.8,Perak,0,"New / Promising (recent, low frequency & value)"
18128,537,1,2190.0,Kuala Lumpur,1,Lost / Dormant Low-Value
18129,243,1,617.6,Kuala Lumpur,1,Lost / Dormant Low-Value
18130,15,3,5795.7,Sabah,0,"New / Promising (recent, low frequency & value)"
18131,632,1,360.0,Perak,1,Lost / Dormant Low-Value
18132,504,1,1228.1,Sarawak,1,Lost / Dormant Low-Value
18134,598,2,2434.8,Sarawak,1,Lost / Dormant Low-Value
18135,29,8,1555.5,Selangor,0,"New / Promising (recent, low frequency & value)"
18136,63,5,7271.8,Selangor,3,At-Risk High Value (lapsing loyal spender)
18137,551,2,803.1,Kuala Lumpur,1,Lost / Dormant Low-Value
18138,295,1,574.5,Selangor,1,Lost / Dormant Low-Value
18139,18,6,13976.5,Selangor,2,"Champions (recent, frequent, high spend)"
18140,474,1,2668.6,Penang,1,Lost / Dormant Low-Value
18141,402,2,3793.3,Selangor,3,At-Risk High Value (lapsing loyal spender)
18142,216,1,1035.6,Penang,1,Lost / Dormant Low-Value
18143,117,2,5487.3,Selangor,3,At-Risk High Value (lapsing loyal spender)
18144,31,16,5816.3,Selangor,2,"Champions (recent, frequent, high spend)"
18145,13,11,28272.8,Perak,2,"Champions (recent, frequent, high spend)"
18146,141,2,877.5,Selangor,1,Lost / Dormant Low-Value
18147,46,2,997.1,Selangor,0,"New / Promising (recent, low frequency & value)"
18148,647,1,626.5,Selangor,1,Lost / Dormant Low-Value
18149,51,7,6702.7,Kuala Lumpur,3,At-Risk High Value (lapsing loyal spender)
18150,32,3,3102.2,Johor,0,"New / Promising (recent, low frequency & value)"
18151,135,5,9891.6,Terengganu,3,At-Risk High Value (lapsing loyal spender)
18152,646,1,876.6,Selangor,1,Lost / Dormant Low-Value
18153,659,1,1343.2,Johor,1,Lost / Dormant Low-Value
18154,3,5,3990.9,Selangor,0,"New / Promising (recent, low frequency & value)"
18155,75,3,2056.4,Kuala Lumpur,0,"New / Promising (recent, low frequency & value)"
18156,13,2,3695.4,Perak,0,"New / Promising (recent, low frequency & value)"
18157,571,1,905.4,Kuala Lumpur,1,Lost / Dormant Low-Value
18158,9,2,2455.8,Selangor,0,"New / Promising (recent, low frequency & value)"
18159,301,1,1961.9,Selangor,1,Lost / Dormant Low-Value
18160,57,3,5494.3,Kuala Lumpur,0,"New / Promising (recent, low frequency & value)"
18161,15,6,9249.1,Selangor,2,"Champions (recent, frequent, high spend)"
18162,732,1,2022.8,Selangor,1,Lost / Dormant Low-Value
18163,584,1,3983.9,Penang,1,Lost / Dormant Low-Value
18164,37,1,2213.0,Selangor,0,"New / Promising (recent, low frequency & value)"
18165,177,1,435.6,Selangor,1,Lost / Dormant Low-Value
18166,624,1,964.0,Selangor,1,Lost / Dormant Low-Value
18167,23,3,3206.6,Penang,0,"New / Promising (recent, low frequency & value)"
18168,176,16,17862.4,Melaka,2,"Champions (recent, frequent, high spend)"
18169,61,1,829.4,Selangor,1,Lost / Dormant Low-Value
18170,33,9,11889.9,Kuala Lumpur,2,"Champions (recent, frequent, high spend)"
18171,59,9,9564.0,Pahang,2,"Champions (recent, frequent, high spend)"
18172,31,46,46492.0,Johor,2,"Champions (recent, frequent, high spend)"
18173,87,5,3232.0,Kedah,3,At-Risk High Value (lapsing loyal spender)
18175,676,1,637.6,Kuala Lumpur,1,Lost / Dormant Low-Value
18176,358,1,2601.4,Kuala Lumpur,1,Lost / Dormant Low-Value
18177,31,9,10215.1,Kuala Lumpur,2,"Champions (recent, frequent, high spend)"
18178,129,11,32378.6,Kuala Lumpur,2,"Champions (recent, frequent, high spend)"
18179,9,6,9751.0,Kedah,2,"Champions (recent, frequent, high spend)"
18180,5,6,10052.1,Selangor,2,"Champions (recent, frequent, high spend)"
18181,24,5,6520.9,Melaka,0,"New / Promising (recent, low frequency & value)"
18182,463,1,789.0,Selangor,1,Lost / Dormant Low-Value
18183,227,2,3455.4,Kuala Lumpur,3,At-Risk High Value (lapsing loyal spender)
18185,249,1,1666.9,Selangor,1,Lost / Dormant Low-Value
18186,723,1,1174.6,Perak,1,Lost / Dormant Low-Value
18187,632,1,4004.8,Penang,1,Lost / Dormant Low-Value
18188,15,6,13866.7,Kuala Lumpur,2,"Champions (recent, frequent, high spend)"
18189,78,3,7685.8,Johor,3,At-Risk High Value (lapsing loyal spender)
18190,192,5,4107.4,Johor,3,At-Risk High Value (lapsing loyal spender)
18191,262,2,2268.0,Kuala Lumpur,1,Lost / Dormant Low-Value
18192,72,1,4307.6,Perak,0,"New / Promising (recent, low frequency & value)"
18193,165,3,5490.9,Selangor,3,At-Risk High Value (lapsing loyal spender)
18194,82,3,730.8,Sabah,1,Lost / Dormant Low-Value
18195,387,1,560.4,Penang,1,Lost / Dormant Low-Value
18196,95,4,8032.7,Selangor,3,At-Risk High Value (lapsing loyal spender)
18197,576,1,1249.6,Sarawak,1,Lost / Dormant Low-Value
18198,4,17,11033.9,Kuala Lumpur,2,"Champions (recent, frequent, high spend)"
18199,684,1,1891.4,Kuala Lumpur,1,Lost / Dormant Low-Value
18200,106,1,823.2,Terengganu,1,Lost / Dormant Low-Value
18201,723,1,2449.8,Kuala Lumpur,1,Lost / Dormant Low-Value
18202,200,3,7388.4,Selangor,3,At-Risk High Value (lapsing loyal spender)
18203,157,4,2411.2,Kedah,3,At-Risk High Value (lapsing loyal spender)
18204,71,3,10274.6,Selangor,3,At-Risk High Value (lapsing loyal spender)
18205,36,2,2842.4,Kuala Lumpur,0,"New / Promising (recent, low frequency & value)"
18206,553,1,1724.0,Johor,1,Lost / Dormant Low-Value
18207,499,1,2992.6,Selangor,1,Lost / Dormant Low-Value
18208,566,1,1982.5,Selangor,1,Lost / Dormant Low-Value
18209,29,1,766.0,Kuala Lumpur,0,"New / Promising (recent, low frequency & value)"
18210,2,7,14218.2,Selangor,2,"Champions (recent, frequent, high spend)"
18211,26,5,3018.9,Johor,0,"New / Promising (recent, low frequency & value)"
18212,326,2,2483.7,Kuala Lumpur,1,Lost / Dormant Low-Value
18213,237,1,1297.0,Melaka,1,Lost / Dormant Low-Value
18214,535,3,1840.0,Johor,1,Lost / Dormant Low-Value
18215,89,5,10226.3,Johor,3,At-Risk High Value (lapsing loyal spender)
18216,31,1,2640.5,Selangor,0,"New / Promising (recent, low frequency & value)"
18217,29,4,4105.8,Melaka,0,"New / Promising (recent, low frequency & value)"
18218,211,4,3504.6,Selangor,3,At-Risk High Value (lapsing loyal spender)
18219,3,17,17660.3,Selangor,2,"Champions (recent, frequent, high spend)"
18220,583,2,707.2,Selangor,1,Lost / Dormant Low-Value
18221,22,6,7551.3,Kuala Lumpur,0,"New / Promising (recent, low frequency & value)"
18222,93,1,2162.9,Selangor,1,Lost / Dormant Low-Value
18223,5,26,61429.3,Kuala Lumpur,2,"Champions (recent, frequent, high spend)"
18224,264,1,871.3,Sarawak,1,Lost / Dormant Low-Value
18225,3,25,43976.8,Selangor,2,"Champions (recent, frequent, high spend)"
18226,44,26,51626.9,Selangor,2,"Champions (recent, frequent, high spend)"
18227,218,1,514.8,Kuala Lumpur,1,Lost / Dormant Low-Value
18228,57,2,3579.4,Sabah,0,"New / Promising (recent, low frequency & value)"
18229,12,21,15340.0,Selangor,2,"Champions (recent, frequent, high spend)"
18230,9,9,13482.6,Selangor,2,"Champions (recent, frequent, high spend)"
18231,192,27,29994.0,Sabah,2,"Champions (recent, frequent, high spend)"
18232,82,4,3264.4,Selangor,3,At-Risk High Value (lapsing loyal spender)
18234,552,1,986.7,Selangor,1,Lost / Dormant Low-Value
18235,72,3,9199.2,Kuala Lumpur,3,At-Risk High Value (lapsing loyal spender)
18236,30,12,9612.7,Selangor,2,"Champions (recent, frequent, high spend)"
18237,3,5,5434.0,Johor,0,"New / Promising (recent, low frequency & value)"
18238,515,1,1076.4,Kuala Lumpur,1,Lost / Dormant Low-Value
18239,219,6,8844.8,Perak,3,At-Risk High Value (lapsing loyal spender)
18240,46,1,293.4,Selangor,1,Lost / Dormant Low-Value
18241,10,21,16058.6,Negeri Sembilan,2,"Champions (recent, frequent, high spend)"
18242,72,8,13190.3,Negeri Sembilan,3,At-Risk High Value (lapsing loyal spender)
18243,414,1,2842.3,Labuan,1,Lost / Dormant Low-Value
18244,431,2,1667.8,Selangor,1,Lost / Dormant Low-Value
18245,7,20,34451.7,Selangor,2,"Champions (recent, frequent, high spend)"
18246,233,1,160.0,Selangor,1,Lost / Dormant Low-Value
18247,415,3,4182.1,Selangor,3,At-Risk High Value (lapsing loyal spender)
18248,123,2,3977.1,Sabah,3,At-Risk High Value (lapsing loyal spender)
18249,17,1,522.8,Selangor,0,"New / Promising (recent, low frequency & value)"
18250,310,1,1915.2,Kuala Lumpur,1,Lost / Dormant Low-Value
18251,718,1,367.5,Perak,1,Lost / Dormant Low-Value
18252,51,7,6968.4,Kuala Lumpur,3,At-Risk High Value (lapsing loyal spender)
18253,643,1,266.4,Sarawak,1,Lost / Dormant Low-Value
18254,581,1,1470.2,Johor,1,Lost / Dormant Low-Value
18255,89,2,1660.4,Kelantan,1,Lost / Dormant Low-Value
18256,388,1,591.0,Selangor,1,Lost / Dormant Low-Value
18257,39,12,24324.9,Johor,2,"Champions (recent, frequent, high spend)"
18258,464,6,3266.6,Selangor,3,At-Risk High Value (lapsing loyal spender)
18259,85,6,4784.8,Selangor,3,At-Risk High Value (lapsing loyal spender)
18260,173,21,40368.8,Selangor,2,"Champions (recent, frequent, high spend)"
18261,43,2,1773.1,Kuala Lumpur,0,"New / Promising (recent, low frequency & value)"
18262,140,3,3146.8,Selangor,3,At-Risk High Value (lapsing loyal spender)
18263,26,3,6622.8,Sabah,0,"New / Promising (recent, low frequency & value)"
18264,499,1,3303.7,Selangor,1,Lost / Dormant Low-Value
18265,72,2,4403.6,Perak,0,"New / Promising (recent, low frequency & value)"
18266,434,1,1381.2,Penang,1,Lost / Dormant Low-Value
18267,673,1,1482.0,Selangor,1,Lost / Dormant Low-Value
18268,134,6,7602.8,Selangor,3,At-Risk High Value (lapsing loyal spender)
18269,366,1,921.0,Perak,1,Lost / Dormant Low-Value
18270,38,3,2142.0,Kuala Lumpur,0,"New / Promising (recent, low frequency & value)"
18271,610,2,1623.4,Selangor,1,Lost / Dormant Low-Value
18272,3,9,22698.1,Selangor,2,"Champions (recent, frequent, high spend)"
18274,30,1,966.2,Selangor,0,"New / Promising (recent, low frequency & value)"
18275,578,2,1333.7,Sabah,1,Lost / Dormant Low-Value
18276,44,6,7544.9,Selangor,3,At-Risk High Value (lapsing loyal spender)
18277,58,5,6041.0,Penang,3,At-Risk High Value (lapsing loyal spender)
18278,74,2,2261.4,Selangor,0,"New / Promising (recent, low frequency & value)"
18279,519,1,932.0,Sarawak,1,Lost / Dormant Low-Value
18280,278,2,2660.7,Selangor,1,Lost / Dormant Low-Value
18281,181,2,1115.6,Kuala Lumpur,1,Lost / Dormant Low-Value
18282,8,2,973.2,Kuala Lumpur,0,"New / Promising (recent, low frequency & value)"
18283,4,22,14581.0,Perak,2,"Champions (recent, frequent, high spend)"
18284,432,1,2275.3,Johor,1,Lost / Dormant Low-Value
18285,661,1,948.1999999999999,Kuala Lumpur,1,Lost / Dormant Low-Value
18286,477,2,5812.6,Selangor,3,At-Risk High Value (lapsing loyal spender)
18287,43,7,13051.4,Kuala Lumpur,2,"Champions (recent, frequent, high spend)"
